=======================================================
  SmartHome Gateway — Starting
=======================================================
Traceback (most recent call last):
  File "/home/pi/smarthome_prj/GATEWAY/gateway_main.py", line 213, in <module>
    init_db()
  File "/home/pi/smarthome_prj/GATEWAY/gateway_main.py", line 66, in init_db
    conn.executescript(f.read())
sqlite3.OperationalError: no such column: firebase_synced
=======================================================
  SmartHome Gateway — Starting
=======================================================
Traceback (most recent call last):
  File "/home/pi/smarthome_prj/GATEWAY/gateway_main.py", line 213, in <module>
    init_db()
  File "/home/pi/smarthome_prj/GATEWAY/gateway_main.py", line 66, in init_db
    conn.executescript(f.read())
sqlite3.OperationalError: no such column: firebase_synced
2026-04-29 13:25:39 [INFO][SYNCER] SyncWorker starting...
2026-04-29 13:25:39 [INFO][SYNCER] Waiting for SD2 (timeout 300s before degraded mode)...
=======================================================
  SmartHome Gateway — Starting
=======================================================
[MAIN] DB schema applied
[MAIN] DB init complete
[BUS] MessageBus started
[BUS] MQTT connected & subscribed
[WATCHDOG] Safety watchdog started
[MAIN] Firebase cred not found at /home/pi/GATEWAY/firebase-service-account.json — FirebaseSync disabled
[MAIN] All workers started
[BUS] Outbound loop started
[BRIDGE] Realtime bridge started
[AUTO] Cache loaded: 3 rules, 0 schedules
[SCHEDULER] Started
[API] Registered /api: auth
[AUTO] Command listener started
[API] Registered /api: sensors
[API] Registered /api: devices
[API] Registered /api: automation
[API] Registered /api: logs
[API] Registered /api: rfid
[NET] RTC read error: Command '['sudo', 'hwclock', '-s']' returned non-zero exit status 1.
[API] Registered /api: wifi
[API] Registered /api: ota
[API] Registered /api: system
=======================================================
[MAIN] Gateway LIVE → http://0.0.0.0:5000/
[MAIN] API prefix:  http://0.0.0.0:5000/api/
=======================================================
 * Serving Flask app 'gateway_main'
 * Debug mode: off
2026-04-29 13:25:40 [INFO][SYNCER] [31m[1mWARNING: This is a development server. Do not use it in a production deployment. Use a production WSGI server instead.[0m
 * Running on all addresses (0.0.0.0)
 * Running on http://127.0.0.1:5000
 * Running on http://192.168.100.30:5000
2026-04-29 13:25:40 [INFO][SYNCER] [33mPress CTRL+C to quit[0m
2026-04-29 13:25:45 [INFO][SYNCER] 127.0.0.1 - - [29/Apr/2026 13:25:45] "[33mGET / HTTP/1.1[0m" 404 -
2026-04-29 13:25:46 [INFO][SYNCER] 127.0.0.1 - - [29/Apr/2026 13:25:46] "[33mGET /favicon.ico HTTP/1.1[0m" 404 -
2026-04-29 13:30:39 [INFO][SYNCER] SyncWorker running (storage: sd2)
2026-04-29 13:30:39 [WARNING][SYNCER] Bad sensor item: {"room": "living_room_01", "type": "temperature", "value": 2 — 'ts'
2026-04-29 13:30:39 [WARNING][SYNCER] Bad sensor item: {"room": "living_room_01", "type": "humidity", "value": 42,  — 'ts'
2026-04-29 13:30:39 [WARNING][SYNCER] Bad sensor item: {"room": "living_room_01", "type": "temperature", "value": 2 — 'ts'
2026-04-29 13:30:39 [WARNING][SYNCER] Bad sensor item: {"room": "living_room_01", "type": "humidity", "value": 42,  — 'ts'
2026-04-29 13:30:39 [WARNING][SYNCER] Bad sensor item: {"room": "living_room_01", "type": "temperature", "value": 2 — 'ts'
2026-04-29 13:30:39 [WARNING][SYNCER] Bad sensor item: {"room": "living_room_01", "type": "humidity", "value": 42,  — 'ts'
2026-04-29 13:30:39 [WARNING][SYNCER] Bad sensor item: {"room": "living_room_01", "type": "temperature", "value": 2 — 'ts'
2026-04-29 13:30:39 [WARNING][SYNCER] Bad sensor item: {"room": "living_room_01", "type": "humidity", "value": 42,  — 'ts'
2026-04-29 13:30:39 [WARNING][SYNCER] Bad sensor item: {"room": "living_room_01", "type": "temperature", "value": 2 — 'ts'
2026-04-29 13:30:39 [WARNING][SYNCER] Bad sensor item: {"room": "living_room_01", "type": "humidity", "value": 42,  — 'ts'
2026-04-29 13:30:39 [WARNING][SYNCER] Bad sensor item: {"room": "living_room_01", "type": "temperature", "value": 2 — 'ts'
2026-04-29 13:30:39 [WARNING][SYNCER] Bad sensor item: {"room": "living_room_01", "type": "humidity", "value": 42,  — 'ts'
2026-04-29 13:30:39 [WARNING][SYNCER] Bad sensor item: {"room": "living_room_01", "type": "temperature", "value": 2 — 'ts'
2026-04-29 13:30:39 [WARNING][SYNCER] Bad sensor item: {"room": "living_room_01", "type": "humidity", "value": 42,  — 'ts'
2026-04-29 13:30:39 [WARNING][SYNCER] Bad sensor item: {"room": "living_room_01", "type": "temperature", "value": 2 — 'ts'
2026-04-29 13:30:39 [WARNING][SYNCER] Bad sensor item: {"room": "living_room_01", "type": "humidity", "value": 42,  — 'ts'
2026-04-29 13:30:39 [WARNING][SYNCER] Bad sensor item: {"room": "living_room_01", "type": "temperature", "value": 2 — 'ts'
2026-04-29 13:30:39 [WARNING][SYNCER] Bad sensor item: {"room": "living_room_01", "type": "humidity", "value": 42,  — 'ts'
2026-04-29 13:30:39 [WARNING][SYNCER] Bad sensor item: {"room": "living_room_01", "type": "temperature", "value": 2 — 'ts'
2026-04-29 13:30:39 [WARNING][SYNCER] Bad sensor item: {"room": "living_room_01", "type": "humidity", "value": 42,  — 'ts'
2026-04-29 13:30:39 [WARNING][SYNCER] Bad sensor item: {"room": "living_room_01", "type": "temperature", "value": 2 — 'ts'
2026-04-29 13:30:39 [WARNING][SYNCER] Bad sensor item: {"room": "living_room_01", "type": "humidity", "value": 42,  — 'ts'
2026-04-29 13:30:39 [WARNING][SYNCER] Bad sensor item: {"room": "living_room_01", "type": "temperature", "value": 2 — 'ts'
2026-04-29 13:30:39 [WARNING][SYNCER] Bad sensor item: {"room": "living_room_01", "type": "humidity", "value": 42,  — 'ts'
2026-04-29 13:30:39 [WARNING][SYNCER] Bad sensor item: {"room": "living_room_01", "type": "temperature", "value": 2 — 'ts'
2026-04-29 13:30:39 [WARNING][SYNCER] Bad sensor item: {"room": "living_room_01", "type": "humidity", "value": 42,  — 'ts'
2026-04-29 13:30:39 [WARNING][SYNCER] Bad sensor item: {"room": "living_room_01", "type": "temperature", "value": 2 — 'ts'
2026-04-29 13:30:39 [WARNING][SYNCER] Bad sensor item: {"room": "living_room_01", "type": "humidity", "value": 42,  — 'ts'
2026-04-29 13:30:39 [WARNING][SYNCER] Bad sensor item: {"room": "living_room_01", "type": "temperature", "value": 2 — 'ts'
2026-04-29 13:30:39 [WARNING][SYNCER] Bad sensor item: {"room": "living_room_01", "type": "humidity", "value": 42,  — 'ts'
2026-04-29 13:30:39 [WARNING][SYNCER] Bad sensor item: {"room": "living_room_01", "type": "temperature", "value": 2 — 'ts'
2026-04-29 13:30:39 [WARNING][SYNCER] Bad sensor item: {"room": "living_room_01", "type": "humidity", "value": 42,  — 'ts'
2026-04-29 13:30:39 [WARNING][SYNCER] Bad sensor item: {"room": "living_room_01", "type": "temperature", "value": 2 — 'ts'
2026-04-29 13:30:39 [WARNING][SYNCER] Bad sensor item: {"room": "living_room_01", "type": "humidity", "value": 42,  — 'ts'
2026-04-29 13:30:39 [WARNING][SYNCER] Bad sensor item: {"room": "living_room_01", "type": "temperature", "value": 2 — 'ts'
2026-04-29 13:30:39 [WARNING][SYNCER] Bad sensor item: {"room": "living_room_01", "type": "humidity", "value": 42,  — 'ts'
2026-04-29 13:30:39 [WARNING][SYNCER] Bad sensor item: {"room": "living_room_01", "type": "temperature", "value": 2 — 'ts'
2026-04-29 13:30:39 [WARNING][SYNCER] Bad sensor item: {"room": "living_room_01", "type": "humidity", "value": 42,  — 'ts'
2026-04-29 13:30:39 [WARNING][SYNCER] Bad sensor item: {"room": "living_room_01", "type": "temperature", "value": 2 — 'ts'
2026-04-29 13:30:39 [WARNING][SYNCER] Bad sensor item: {"room": "living_room_01", "type": "humidity", "value": 42,  — 'ts'
2026-04-29 13:30:39 [WARNING][SYNCER] Bad sensor item: {"room": "living_room_01", "type": "temperature", "value": 2 — 'ts'
2026-04-29 13:30:39 [WARNING][SYNCER] Bad sensor item: {"room": "living_room_01", "type": "humidity", "value": 42,  — 'ts'
2026-04-29 13:30:39 [WARNING][SYNCER] Bad sensor item: {"room": "living_room_01", "type": "temperature", "value": 2 — 'ts'
2026-04-29 13:30:39 [WARNING][SYNCER] Bad sensor item: {"room": "living_room_01", "type": "humidity", "value": 42,  — 'ts'
2026-04-29 13:30:39 [WARNING][SYNCER] Bad sensor item: {"room": "living_room_01", "type": "temperature", "value": 2 — 'ts'
2026-04-29 13:30:39 [WARNING][SYNCER] Bad sensor item: {"room": "living_room_01", "type": "humidity", "value": 42,  — 'ts'
2026-04-29 13:30:39 [WARNING][SYNCER] Bad sensor item: {"room": "living_room_01", "type": "temperature", "value": 2 — 'ts'
2026-04-29 13:30:39 [WARNING][SYNCER] Bad sensor item: {"room": "living_room_01", "type": "humidity", "value": 42,  — 'ts'
2026-04-29 13:30:39 [WARNING][SYNCER] Bad sensor item: {"room": "living_room_01", "type": "temperature", "value": 2 — 'ts'
2026-04-29 13:30:39 [WARNING][SYNCER] Bad sensor item: {"room": "living_room_01", "type": "humidity", "value": 42,  — 'ts'
2026-04-29 13:30:39 [INFO][SYNCER] DB rotated → /mnt/sd2/data/data_2026-04-29.db (mode: sd2)
2026-04-29 13:33:40 [WARNING][SYNCER] Bad sensor item: {"room": "living_room_01", "type": "temperature", "value": 2 — 'ts'
2026-04-29 13:33:40 [WARNING][SYNCER] Bad sensor item: {"room": "living_room_01", "type": "humidity", "value": 42,  — 'ts'
2026-04-29 13:33:40 [WARNING][SYNCER] Bad sensor item: {"room": "living_room_01", "type": "temperature", "value": 2 — 'ts'
2026-04-29 13:33:40 [WARNING][SYNCER] Bad sensor item: {"room": "living_room_01", "type": "humidity", "value": 42,  — 'ts'
2026-04-29 13:33:40 [WARNING][SYNCER] Bad sensor item: {"room": "living_room_01", "type": "temperature", "value": 2 — 'ts'
2026-04-29 13:33:40 [WARNING][SYNCER] Bad sensor item: {"room": "living_room_01", "type": "humidity", "value": 42,  — 'ts'
2026-04-29 13:33:40 [WARNING][SYNCER] Bad sensor item: {"room": "living_room_01", "type": "temperature", "value": 2 — 'ts'
2026-04-29 13:33:40 [WARNING][SYNCER] Bad sensor item: {"room": "living_room_01", "type": "humidity", "value": 42,  — 'ts'
2026-04-29 13:33:40 [WARNING][SYNCER] Bad sensor item: {"room": "living_room_01", "type": "temperature", "value": 2 — 'ts'
2026-04-29 13:33:40 [WARNING][SYNCER] Bad sensor item: {"room": "living_room_01", "type": "humidity", "value": 42,  — 'ts'
2026-04-29 13:33:40 [WARNING][SYNCER] Bad sensor item: {"room": "living_room_01", "type": "temperature", "value": 2 — 'ts'
2026-04-29 13:33:40 [WARNING][SYNCER] Bad sensor item: {"room": "living_room_01", "type": "humidity", "value": 42,  — 'ts'
2026-04-29 13:33:40 [WARNING][SYNCER] Bad sensor item: {"room": "living_room_01", "type": "temperature", "value": 2 — 'ts'
2026-04-29 13:33:40 [WARNING][SYNCER] Bad sensor item: {"room": "living_room_01", "type": "humidity", "value": 42,  — 'ts'
2026-04-29 13:33:40 [WARNING][SYNCER] Bad sensor item: {"room": "living_room_01", "type": "temperature", "value": 2 — 'ts'
2026-04-29 13:33:40 [WARNING][SYNCER] Bad sensor item: {"room": "living_room_01", "type": "humidity", "value": 42,  — 'ts'
2026-04-29 13:33:40 [WARNING][SYNCER] Bad sensor item: {"room": "living_room_01", "type": "temperature", "value": 2 — 'ts'
2026-04-29 13:33:40 [WARNING][SYNCER] Bad sensor item: {"room": "living_room_01", "type": "humidity", "value": 42,  — 'ts'
2026-04-29 13:33:40 [WARNING][SYNCER] Bad sensor item: {"room": "living_room_01", "type": "temperature", "value": 2 — 'ts'
2026-04-29 13:33:40 [WARNING][SYNCER] Bad sensor item: {"room": "living_room_01", "type": "humidity", "value": 42,  — 'ts'
2026-04-29 13:33:40 [WARNING][SYNCER] Bad sensor item: {"room": "living_room_01", "type": "temperature", "value": 2 — 'ts'
2026-04-29 13:33:40 [WARNING][SYNCER] Bad sensor item: {"room": "living_room_01", "type": "humidity", "value": 42,  — 'ts'
2026-04-29 13:33:40 [WARNING][SYNCER] Bad sensor item: {"room": "living_room_01", "type": "temperature", "value": 2 — 'ts'
2026-04-29 13:33:40 [WARNING][SYNCER] Bad sensor item: {"room": "living_room_01", "type": "humidity", "value": 42,  — 'ts'
2026-04-29 13:33:40 [WARNING][SYNCER] Bad sensor item: {"room": "living_room_01", "type": "temperature", "value": 2 — 'ts'
2026-04-29 13:33:40 [WARNING][SYNCER] Bad sensor item: {"room": "living_room_01", "type": "humidity", "value": 42,  — 'ts'
2026-04-29 13:33:40 [WARNING][SYNCER] Bad sensor item: {"room": "living_room_01", "type": "temperature", "value": 2 — 'ts'
2026-04-29 13:33:40 [WARNING][SYNCER] Bad sensor item: {"room": "living_room_01", "type": "humidity", "value": 42,  — 'ts'
2026-04-29 13:33:40 [WARNING][SYNCER] Bad sensor item: {"room": "living_room_01", "type": "temperature", "value": 2 — 'ts'
2026-04-29 13:33:40 [WARNING][SYNCER] Bad sensor item: {"room": "living_room_01", "type": "humidity", "value": 42,  — 'ts'
2026-04-29 13:33:40 [WARNING][SYNCER] Bad sensor item: {"room": "living_room_01", "type": "temperature", "value": 2 — 'ts'
2026-04-29 13:33:40 [WARNING][SYNCER] Bad sensor item: {"room": "living_room_01", "type": "humidity", "value": 42,  — 'ts'
2026-04-29 13:33:40 [WARNING][SYNCER] Bad sensor item: {"room": "living_room_01", "type": "temperature", "value": 2 — 'ts'
2026-04-29 13:33:40 [WARNING][SYNCER] Bad sensor item: {"room": "living_room_01", "type": "humidity", "value": 42,  — 'ts'
2026-04-29 13:33:40 [WARNING][SYNCER] Bad sensor item: {"room": "living_room_01", "type": "temperature", "value": 2 — 'ts'
2026-04-29 13:33:40 [WARNING][SYNCER] Bad sensor item: {"room": "living_room_01", "type": "humidity", "value": 42,  — 'ts'
2026-04-29 13:33:40 [WARNING][SYNCER] Bad sensor item: {"room": "living_room_01", "type": "temperature", "value": 2 — 'ts'
2026-04-29 13:33:40 [WARNING][SYNCER] Bad sensor item: {"room": "living_room_01", "type": "humidity", "value": 42,  — 'ts'
2026-04-29 13:33:40 [WARNING][SYNCER] Bad sensor item: {"room": "living_room_01", "type": "temperature", "value": 2 — 'ts'
2026-04-29 13:33:40 [WARNING][SYNCER] Bad sensor item: {"room": "living_room_01", "type": "humidity", "value": 42,  — 'ts'
2026-04-29 13:33:40 [WARNING][SYNCER] Bad sensor item: {"room": "living_room_01", "type": "temperature", "value": 2 — 'ts'
2026-04-29 13:33:40 [WARNING][SYNCER] Bad sensor item: {"room": "living_room_01", "type": "humidity", "value": 42,  — 'ts'
2026-04-29 13:33:40 [WARNING][SYNCER] Bad sensor item: {"room": "living_room_01", "type": "temperature", "value": 2 — 'ts'
2026-04-29 13:33:40 [WARNING][SYNCER] Bad sensor item: {"room": "living_room_01", "type": "humidity", "value": 42,  — 'ts'
2026-04-29 13:33:40 [WARNING][SYNCER] Bad sensor item: {"room": "living_room_01", "type": "temperature", "value": 2 — 'ts'
2026-04-29 13:33:40 [WARNING][SYNCER] Bad sensor item: {"room": "living_room_01", "type": "humidity", "value": 42,  — 'ts'
2026-04-29 13:33:40 [WARNING][SYNCER] Bad sensor item: {"room": "living_room_01", "type": "temperature", "value": 2 — 'ts'
2026-04-29 13:33:40 [WARNING][SYNCER] Bad sensor item: {"room": "living_room_01", "type": "humidity", "value": 42,  — 'ts'
2026-04-29 13:33:40 [WARNING][SYNCER] Bad sensor item: {"room": "living_room_01", "type": "temperature", "value": 2 — 'ts'
2026-04-29 13:33:40 [WARNING][SYNCER] Bad sensor item: {"room": "living_room_01", "type": "humidity", "value": 42,  — 'ts'
2026-04-29 13:36:40 [WARNING][SYNCER] Bad sensor item: {"room": "living_room_01", "type": "temperature", "value": 2 — 'ts'
2026-04-29 13:36:40 [WARNING][SYNCER] Bad sensor item: {"room": "living_room_01", "type": "humidity", "value": 42,  — 'ts'
2026-04-29 13:36:40 [WARNING][SYNCER] Bad sensor item: {"room": "living_room_01", "type": "temperature", "value": 2 — 'ts'
2026-04-29 13:36:40 [WARNING][SYNCER] Bad sensor item: {"room": "living_room_01", "type": "humidity", "value": 42,  — 'ts'
2026-04-29 13:36:40 [WARNING][SYNCER] Bad sensor item: {"room": "living_room_01", "type": "temperature", "value": 2 — 'ts'
2026-04-29 13:36:40 [WARNING][SYNCER] Bad sensor item: {"room": "living_room_01", "type": "humidity", "value": 42,  — 'ts'
2026-04-29 13:36:40 [WARNING][SYNCER] Bad sensor item: {"room": "living_room_01", "type": "temperature", "value": 2 — 'ts'
2026-04-29 13:36:40 [WARNING][SYNCER] Bad sensor item: {"room": "living_room_01", "type": "humidity", "value": 42,  — 'ts'
2026-04-29 13:36:40 [WARNING][SYNCER] Bad sensor item: {"room": "living_room_01", "type": "temperature", "value": 2 — 'ts'
2026-04-29 13:36:40 [WARNING][SYNCER] Bad sensor item: {"room": "living_room_01", "type": "humidity", "value": 42,  — 'ts'
2026-04-29 13:36:40 [WARNING][SYNCER] Bad sensor item: {"room": "living_room_01", "type": "temperature", "value": 2 — 'ts'
2026-04-29 13:36:40 [WARNING][SYNCER] Bad sensor item: {"room": "living_room_01", "type": "humidity", "value": 42,  — 'ts'
2026-04-29 13:36:40 [WARNING][SYNCER] Bad sensor item: {"room": "living_room_01", "type": "temperature", "value": 2 — 'ts'
2026-04-29 13:36:40 [WARNING][SYNCER] Bad sensor item: {"room": "living_room_01", "type": "humidity", "value": 42,  — 'ts'
2026-04-29 13:36:40 [WARNING][SYNCER] Bad sensor item: {"room": "living_room_01", "type": "temperature", "value": 2 — 'ts'
2026-04-29 13:36:40 [WARNING][SYNCER] Bad sensor item: {"room": "living_room_01", "type": "humidity", "value": 42,  — 'ts'
2026-04-29 13:36:40 [WARNING][SYNCER] Bad sensor item: {"room": "living_room_01", "type": "temperature", "value": 2 — 'ts'
2026-04-29 13:36:40 [WARNING][SYNCER] Bad sensor item: {"room": "living_room_01", "type": "humidity", "value": 42,  — 'ts'
2026-04-29 13:36:40 [WARNING][SYNCER] Bad sensor item: {"room": "living_room_01", "type": "temperature", "value": 2 — 'ts'
2026-04-29 13:36:40 [WARNING][SYNCER] Bad sensor item: {"room": "living_room_01", "type": "humidity", "value": 42,  — 'ts'
2026-04-29 13:36:40 [WARNING][SYNCER] Bad sensor item: {"room": "living_room_01", "type": "temperature", "value": 2 — 'ts'
2026-04-29 13:36:40 [WARNING][SYNCER] Bad sensor item: {"room": "living_room_01", "type": "humidity", "value": 42,  — 'ts'
2026-04-29 13:36:40 [WARNING][SYNCER] Bad sensor item: {"room": "living_room_01", "type": "temperature", "value": 2 — 'ts'
2026-04-29 13:36:40 [WARNING][SYNCER] Bad sensor item: {"room": "living_room_01", "type": "humidity", "value": 42,  — 'ts'
2026-04-29 13:36:40 [WARNING][SYNCER] Bad sensor item: {"room": "living_room_01", "type": "temperature", "value": 2 — 'ts'
2026-04-29 13:36:40 [WARNING][SYNCER] Bad sensor item: {"room": "living_room_01", "type": "humidity", "value": 42,  — 'ts'
2026-04-29 13:36:40 [WARNING][SYNCER] Bad sensor item: {"room": "living_room_01", "type": "temperature", "value": 2 — 'ts'
2026-04-29 13:36:40 [WARNING][SYNCER] Bad sensor item: {"room": "living_room_01", "type": "humidity", "value": 42,  — 'ts'
2026-04-29 13:36:40 [WARNING][SYNCER] Bad sensor item: {"room": "living_room_01", "type": "temperature", "value": 2 — 'ts'
2026-04-29 13:36:40 [WARNING][SYNCER] Bad sensor item: {"room": "living_room_01", "type": "humidity", "value": 42,  — 'ts'
2026-04-29 13:36:40 [WARNING][SYNCER] Bad sensor item: {"room": "living_room_01", "type": "temperature", "value": 2 — 'ts'
2026-04-29 13:36:40 [WARNING][SYNCER] Bad sensor item: {"room": "living_room_01", "type": "humidity", "value": 42,  — 'ts'
2026-04-29 13:36:40 [WARNING][SYNCER] Bad sensor item: {"room": "living_room_01", "type": "temperature", "value": 2 — 'ts'
2026-04-29 13:36:40 [WARNING][SYNCER] Bad sensor item: {"room": "living_room_01", "type": "humidity", "value": 42,  — 'ts'
2026-04-29 13:36:40 [WARNING][SYNCER] Bad sensor item: {"room": "living_room_01", "type": "temperature", "value": 2 — 'ts'
2026-04-29 13:36:40 [WARNING][SYNCER] Bad sensor item: {"room": "living_room_01", "type": "humidity", "value": 42,  — 'ts'
2026-04-29 13:36:40 [WARNING][SYNCER] Bad sensor item: {"room": "living_room_01", "type": "temperature", "value": 2 — 'ts'
2026-04-29 13:36:40 [WARNING][SYNCER] Bad sensor item: {"room": "living_room_01", "type": "humidity", "value": 42,  — 'ts'
2026-04-29 13:36:40 [WARNING][SYNCER] Bad sensor item: {"room": "living_room_01", "type": "temperature", "value": 2 — 'ts'
2026-04-29 13:36:40 [WARNING][SYNCER] Bad sensor item: {"room": "living_room_01", "type": "humidity", "value": 42,  — 'ts'
2026-04-29 13:36:40 [WARNING][SYNCER] Bad sensor item: {"room": "living_room_01", "type": "temperature", "value": 2 — 'ts'
2026-04-29 13:36:40 [WARNING][SYNCER] Bad sensor item: {"room": "living_room_01", "type": "humidity", "value": 42,  — 'ts'
2026-04-29 13:36:40 [WARNING][SYNCER] Bad sensor item: {"room": "living_room_01", "type": "temperature", "value": 2 — 'ts'
2026-04-29 13:36:40 [WARNING][SYNCER] Bad sensor item: {"room": "living_room_01", "type": "humidity", "value": 42,  — 'ts'
2026-04-29 13:36:40 [WARNING][SYNCER] Bad sensor item: {"room": "living_room_01", "type": "temperature", "value": 2 — 'ts'
2026-04-29 13:36:40 [WARNING][SYNCER] Bad sensor item: {"room": "living_room_01", "type": "humidity", "value": 42,  — 'ts'
2026-04-29 13:36:40 [WARNING][SYNCER] Bad sensor item: {"room": "living_room_01", "type": "temperature", "value": 2 — 'ts'
2026-04-29 13:36:40 [WARNING][SYNCER] Bad sensor item: {"room": "living_room_01", "type": "humidity", "value": 42,  — 'ts'
2026-04-29 13:36:40 [WARNING][SYNCER] Bad sensor item: {"room": "living_room_01", "type": "temperature", "value": 2 — 'ts'
2026-04-29 13:36:40 [WARNING][SYNCER] Bad sensor item: {"room": "living_room_01", "type": "humidity", "value": 42,  — 'ts'
2026-04-29 13:39:40 [WARNING][SYNCER] Bad sensor item: {"room": "living_room_01", "type": "temperature", "value": 2 — 'ts'
2026-04-29 13:39:40 [WARNING][SYNCER] Bad sensor item: {"room": "living_room_01", "type": "humidity", "value": 42,  — 'ts'
2026-04-29 13:39:40 [WARNING][SYNCER] Bad sensor item: {"room": "living_room_01", "type": "temperature", "value": 2 — 'ts'
2026-04-29 13:39:40 [WARNING][SYNCER] Bad sensor item: {"room": "living_room_01", "type": "humidity", "value": 42,  — 'ts'
2026-04-29 13:39:40 [WARNING][SYNCER] Bad sensor item: {"room": "living_room_01", "type": "temperature", "value": 2 — 'ts'
2026-04-29 13:39:40 [WARNING][SYNCER] Bad sensor item: {"room": "living_room_01", "type": "humidity", "value": 42,  — 'ts'
2026-04-29 13:39:40 [WARNING][SYNCER] Bad sensor item: {"room": "living_room_01", "type": "temperature", "value": 2 — 'ts'
2026-04-29 13:39:40 [WARNING][SYNCER] Bad sensor item: {"room": "living_room_01", "type": "humidity", "value": 42,  — 'ts'
2026-04-29 13:39:40 [WARNING][SYNCER] Bad sensor item: {"room": "living_room_01", "type": "temperature", "value": 2 — 'ts'
2026-04-29 13:39:40 [WARNING][SYNCER] Bad sensor item: {"room": "living_room_01", "type": "humidity", "value": 42,  — 'ts'
2026-04-29 13:39:40 [WARNING][SYNCER] Bad sensor item: {"room": "living_room_01", "type": "temperature", "value": 2 — 'ts'
2026-04-29 13:39:40 [WARNING][SYNCER] Bad sensor item: {"room": "living_room_01", "type": "humidity", "value": 42,  — 'ts'
2026-04-29 13:39:40 [WARNING][SYNCER] Bad sensor item: {"room": "living_room_01", "type": "temperature", "value": 2 — 'ts'
2026-04-29 13:39:40 [WARNING][SYNCER] Bad sensor item: {"room": "living_room_01", "type": "humidity", "value": 42,  — 'ts'
2026-04-29 13:39:40 [WARNING][SYNCER] Bad sensor item: {"room": "living_room_01", "type": "temperature", "value": 2 — 'ts'
2026-04-29 13:39:40 [WARNING][SYNCER] Bad sensor item: {"room": "living_room_01", "type": "humidity", "value": 42,  — 'ts'
2026-04-29 13:39:40 [WARNING][SYNCER] Bad sensor item: {"room": "living_room_01", "type": "temperature", "value": 2 — 'ts'
2026-04-29 13:39:40 [WARNING][SYNCER] Bad sensor item: {"room": "living_room_01", "type": "humidity", "value": 42,  — 'ts'
2026-04-29 13:39:40 [WARNING][SYNCER] Bad sensor item: {"room": "living_room_01", "type": "temperature", "value": 2 — 'ts'
2026-04-29 13:39:40 [WARNING][SYNCER] Bad sensor item: {"room": "living_room_01", "type": "humidity", "value": 42,  — 'ts'
2026-04-29 13:39:40 [WARNING][SYNCER] Bad sensor item: {"room": "living_room_01", "type": "temperature", "value": 2 — 'ts'
2026-04-29 13:39:40 [WARNING][SYNCER] Bad sensor item: {"room": "living_room_01", "type": "humidity", "value": 42,  — 'ts'
2026-04-29 13:39:40 [WARNING][SYNCER] Bad sensor item: {"room": "living_room_01", "type": "temperature", "value": 2 — 'ts'
2026-04-29 13:39:40 [WARNING][SYNCER] Bad sensor item: {"room": "living_room_01", "type": "humidity", "value": 42,  — 'ts'
2026-04-29 13:39:40 [WARNING][SYNCER] Bad sensor item: {"room": "living_room_01", "type": "temperature", "value": 2 — 'ts'
2026-04-29 13:39:40 [WARNING][SYNCER] Bad sensor item: {"room": "living_room_01", "type": "humidity", "value": 42,  — 'ts'
2026-04-29 13:39:40 [WARNING][SYNCER] Bad sensor item: {"room": "living_room_01", "type": "temperature", "value": 2 — 'ts'
2026-04-29 13:39:40 [WARNING][SYNCER] Bad sensor item: {"room": "living_room_01", "type": "humidity", "value": 42,  — 'ts'
2026-04-29 13:39:40 [WARNING][SYNCER] Bad sensor item: {"room": "living_room_01", "type": "temperature", "value": 2 — 'ts'
2026-04-29 13:39:40 [WARNING][SYNCER] Bad sensor item: {"room": "living_room_01", "type": "humidity", "value": 42,  — 'ts'
2026-04-29 13:39:40 [WARNING][SYNCER] Bad sensor item: {"room": "living_room_01", "type": "temperature", "value": 2 — 'ts'
2026-04-29 13:39:40 [WARNING][SYNCER] Bad sensor item: {"room": "living_room_01", "type": "humidity", "value": 42,  — 'ts'
2026-04-29 13:39:40 [WARNING][SYNCER] Bad sensor item: {"room": "living_room_01", "type": "temperature", "value": 2 — 'ts'
2026-04-29 13:39:40 [WARNING][SYNCER] Bad sensor item: {"room": "living_room_01", "type": "humidity", "value": 42,  — 'ts'
2026-04-29 13:39:40 [WARNING][SYNCER] Bad sensor item: {"room": "living_room_01", "type": "temperature", "value": 2 — 'ts'
2026-04-29 13:39:40 [WARNING][SYNCER] Bad sensor item: {"room": "living_room_01", "type": "humidity", "value": 42,  — 'ts'
2026-04-29 13:39:40 [WARNING][SYNCER] Bad sensor item: {"room": "living_room_01", "type": "temperature", "value": 2 — 'ts'
2026-04-29 13:39:40 [WARNING][SYNCER] Bad sensor item: {"room": "living_room_01", "type": "humidity", "value": 42,  — 'ts'
2026-04-29 13:39:40 [WARNING][SYNCER] Bad sensor item: {"room": "living_room_01", "type": "temperature", "value": 2 — 'ts'
2026-04-29 13:39:40 [WARNING][SYNCER] Bad sensor item: {"room": "living_room_01", "type": "humidity", "value": 42,  — 'ts'
2026-04-29 13:39:40 [WARNING][SYNCER] Bad sensor item: {"room": "living_room_01", "type": "temperature", "value": 2 — 'ts'
2026-04-29 13:39:40 [WARNING][SYNCER] Bad sensor item: {"room": "living_room_01", "type": "humidity", "value": 42,  — 'ts'
2026-04-29 13:39:40 [WARNING][SYNCER] Bad sensor item: {"room": "living_room_01", "type": "temperature", "value": 2 — 'ts'
2026-04-29 13:39:40 [WARNING][SYNCER] Bad sensor item: {"room": "living_room_01", "type": "humidity", "value": 42,  — 'ts'
2026-04-29 13:39:40 [WARNING][SYNCER] Bad sensor item: {"room": "living_room_01", "type": "temperature", "value": 2 — 'ts'
2026-04-29 13:39:40 [WARNING][SYNCER] Bad sensor item: {"room": "living_room_01", "type": "humidity", "value": 42,  — 'ts'
2026-04-29 13:39:40 [WARNING][SYNCER] Bad sensor item: {"room": "living_room_01", "type": "temperature", "value": 2 — 'ts'
2026-04-29 13:39:40 [WARNING][SYNCER] Bad sensor item: {"room": "living_room_01", "type": "humidity", "value": 42,  — 'ts'
2026-04-29 13:39:40 [WARNING][SYNCER] Bad sensor item: {"room": "living_room_01", "type": "temperature", "value": 2 — 'ts'
2026-04-29 13:39:40 [WARNING][SYNCER] Bad sensor item: {"room": "living_room_01", "type": "humidity", "value": 42,  — 'ts'
2026-04-29 14:01:04 [INFO][SYNCER] SyncWorker starting...
2026-04-29 14:01:04 [INFO][SYNCER] Waiting for SD2 (timeout 300s before degraded mode)...
=======================================================
  SmartHome Gateway — Starting
=======================================================
[MAIN] DB schema applied
[MAIN] DB init complete
[BUS] MessageBus started
[BUS] MQTT connected & subscribed
[WATCHDOG] Safety watchdog started
[MAIN] Firebase cred not found at /home/pi/GATEWAY/firebase-service-account.json — FirebaseSync disabled
[BUS] Outbound loop started
[MAIN] All workers started
[BRIDGE] Realtime bridge started
[AUTO] Cache loaded: 3 rules, 0 schedules
[SCHEDULER] Started
[API] Registered /api: auth
[NET] RTC read error: Command '['sudo', 'hwclock', '-s']' returned non-zero exit status 1.
[API] Registered /api: sensors
[API] Registered /api: devices
[API] Registered /api: automation
[AUTO] Command listener started
[API] Registered /api: logs
[API] Registered /api: rfid
[API] Registered /api: wifi
[API] Registered /api: ota
[API] Registered /api: system
=======================================================
[MAIN] Gateway LIVE → http://0.0.0.0:5000/
[MAIN] API prefix:  http://0.0.0.0:5000/api/
=======================================================
 * Serving Flask app 'gateway_main'
 * Debug mode: off
2026-04-29 14:01:04 [INFO][SYNCER] [31m[1mWARNING: This is a development server. Do not use it in a production deployment. Use a production WSGI server instead.[0m
 * Running on all addresses (0.0.0.0)
 * Running on http://127.0.0.1:5000
 * Running on http://192.168.100.30:5000
2026-04-29 14:01:04 [INFO][SYNCER] [33mPress CTRL+C to quit[0m
2026-04-29 14:01:09 [INFO][SYNCER] 127.0.0.1 - - [29/Apr/2026 14:01:09] "[33mGET / HTTP/1.1[0m" 404 -
2026-04-29 14:05:48 [INFO][SYNCER] SyncWorker starting...
2026-04-29 14:05:48 [INFO][SYNCER] Waiting for SD2 (timeout 300s before degraded mode)...
=======================================================
  SmartHome Gateway — Starting
=======================================================
[MAIN] DB schema applied
[MAIN] DB init complete
[BUS] MessageBus started
[BUS] MQTT connected & subscribed
[WATCHDOG] Safety watchdog started
[MAIN] Firebase cred not found at /home/pi/GATEWAY/firebase-service-account.json — FirebaseSync disabled
[MAIN] All workers started
[AUTO] Cache loaded: 3 rules, 0 schedules
[BRIDGE] Realtime bridge started
[BUS] Outbound loop started
[SCHEDULER] Started
[API] Registered /api: auth
[AUTO] Command listener started
[API] Registered /api: sensors
[API] Registered /api: devices
[NET] RTC read error: Command '['sudo', 'hwclock', '-s']' returned non-zero exit status 1.
[API] Registered /api: automation
[API] Registered /api: logs
[API] Registered /api: rfid
[API] Registered /api: wifi
[API] Registered /api: ota
[API] Registered /api: system
=======================================================
[MAIN] Gateway LIVE → http://0.0.0.0:5000/
[MAIN] API prefix:  http://0.0.0.0:5000/api/
=======================================================
 * Serving Flask app 'gateway_main'
 * Debug mode: off
2026-04-29 14:05:48 [INFO][SYNCER] [31m[1mWARNING: This is a development server. Do not use it in a production deployment. Use a production WSGI server instead.[0m
 * Running on all addresses (0.0.0.0)
 * Running on http://127.0.0.1:5000
 * Running on http://192.168.100.30:5000
2026-04-29 14:05:48 [INFO][SYNCER] [33mPress CTRL+C to quit[0m
2026-04-29 14:15:12 [INFO][SYNCER] SyncWorker starting...
2026-04-29 14:15:12 [INFO][SYNCER] Waiting for SD2 (timeout 300s before degraded mode)...
=======================================================
  SmartHome Gateway — Starting
=======================================================
[MAIN] DB schema applied
[MAIN] DB init complete
[BUS] MessageBus started
[BUS] MQTT connected & subscribed
[WATCHDOG] Safety watchdog started
[MAIN] Firebase cred not found at /home/pi/GATEWAY/firebase-service-account.json — FirebaseSync disabled
[BUS] Outbound loop started
[MAIN] All workers started
[BRIDGE] Realtime bridge started
[AUTO] Cache loaded: 3 rules, 0 schedules
[SCHEDULER] Started
[API] Registered /api: auth
[API] Registered /api: sensors
[NET] RTC read error: Command '['sudo', 'hwclock', '-s']' returned non-zero exit status 1.
[API] Registered /api: devices
[API] Registered /api: automation
[API] Registered /api: logs
[AUTO] Command listener started
[API] Registered /api: rfid
[API] Registered /api: wifi
[API] Registered /api: ota
[API] Registered /api: system
=======================================================
[MAIN] Gateway LIVE → http://0.0.0.0:5000/
[MAIN] API prefix:  http://0.0.0.0:5000/api/
=======================================================
 * Serving Flask app 'gateway_main'
 * Debug mode: off
2026-04-29 14:15:12 [INFO][SYNCER] [31m[1mWARNING: This is a development server. Do not use it in a production deployment. Use a production WSGI server instead.[0m
 * Running on all addresses (0.0.0.0)
 * Running on http://127.0.0.1:5000
 * Running on http://192.168.100.30:5000
2026-04-29 14:15:12 [INFO][SYNCER] [33mPress CTRL+C to quit[0m
2026-04-29 14:22:32 [INFO][SYNCER] SyncWorker starting...
2026-04-29 14:22:32 [INFO][SYNCER] Waiting for SD2 (timeout 300s before degraded mode)...
=======================================================
  SmartHome Gateway — Starting
=======================================================
[MAIN] DB schema applied
[MAIN] DB init complete
[BUS] MessageBus started
[WATCHDOG] Safety watchdog started
[MAIN] Firebase cred not found at /home/pi/GATEWAY/firebase-service-account.json — FirebaseSync disabled
[BUS] MQTT connected & subscribed
[MAIN] All workers started
[BUS] Outbound loop started
[BRIDGE] Realtime bridge started
[AUTO] Cache loaded: 3 rules, 0 schedules
[SCHEDULER] Started
[API] Registered /api: auth
[API] Registered /api: sensors
[AUTO] Command listener started
[API] Registered /api: devices
[NET] RTC read error: Command '['sudo', 'hwclock', '-s']' returned non-zero exit status 1.
[API] Registered /api: automation
[API] Registered /api: logs
[API] Registered /api: rfid
[API] Registered /api: wifi
[API] Registered /api: ota
[API] Registered /api: system
=======================================================
[MAIN] Gateway LIVE → http://0.0.0.0:5000/
[MAIN] API prefix:  http://0.0.0.0:5000/api/
=======================================================
 * Serving Flask app 'gateway_main'
 * Debug mode: off
2026-04-29 14:22:33 [INFO][SYNCER] [31m[1mWARNING: This is a development server. Do not use it in a production deployment. Use a production WSGI server instead.[0m
 * Running on all addresses (0.0.0.0)
 * Running on http://127.0.0.1:5000
 * Running on http://192.168.100.30:5000
2026-04-29 14:22:33 [INFO][SYNCER] [33mPress CTRL+C to quit[0m
2026-04-29 14:29:49 [INFO][SYNCER] SyncWorker starting...
2026-04-29 14:29:49 [INFO][SYNCER] Waiting for SD2 (timeout 300s before degraded mode)...
2026-04-29 14:29:50 [INFO][SYNCER] ==================================================
2026-04-29 14:29:50 [INFO][SYNCER] 🚀 firebase_sync.py starting — project: nhathongminh-14261
2026-04-29 14:29:50 [INFO][SYNCER] ==================================================
2026-04-29 14:29:50 [INFO][SYNCER] ✅ Firebase khởi tạo từ service account file
2026-04-29 14:29:50 [INFO][SYNCER] ✅ Redis connected at localhost:6379
2026-04-29 14:29:50 [WARNING][SYNCER] PI_OWNER_UID không được cấu hình. Set env PI_OWNER_UID=<firebase_uid> để dashboard hiển thị đúng.
2026-04-29 14:29:50 [INFO][SYNCER] 🔌 Redis subscriber started
=======================================================
  SmartHome Gateway — Starting
=======================================================
[MAIN] DB schema applied
[MAIN] DB init complete
[BUS] MessageBus started
[BUS] MQTT connected & subscribed
[WATCHDOG] Safety watchdog started
[BUS] Outbound loop started
[NET] RTC read error: Command '['sudo', 'hwclock', '-s']' returned non-zero exit status 1.
[NET] Network watchdog started
[NET] Internet: ON
[MAIN] FirebaseSync worker started
[MAIN] All workers started
[BRIDGE] Realtime bridge started
[AUTO] Cache loaded: 3 rules, 0 schedules
[SCHEDULER] Started
[API] Registered /api: auth
[API] Registered /api: sensors
[API] Registered /api: devices
[AUTO] Command listener started
[API] Registered /api: automation
[API] Registered /api: logs
[NET] NTP sync error: Command '['sudo', 'hwclock', '-w']' returned non-zero exit status 1.
[API] Registered /api: rfid
[API] Registered /api: wifi
[API] Registered /api: ota
[API] Registered /api: system
=======================================================
[MAIN] Gateway LIVE → http://0.0.0.0:5000/
[MAIN] API prefix:  http://0.0.0.0:5000/api/
=======================================================
 * Serving Flask app 'gateway_main'
 * Debug mode: off
2026-04-29 14:29:51 [INFO][SYNCER] [31m[1mWARNING: This is a development server. Do not use it in a production deployment. Use a production WSGI server instead.[0m
 * Running on all addresses (0.0.0.0)
 * Running on http://127.0.0.1:5000
 * Running on http://192.168.100.30:5000
2026-04-29 14:29:51 [INFO][SYNCER] 📋 CommandDispatcher started
2026-04-29 14:29:51 [INFO][SYNCER] [33mPress CTRL+C to quit[0m
2026-04-29 14:29:51 [INFO][SYNCER] 🔄 Sensor flush loop started (interval: 180s)
Thread-ConsumeBidirectionalStream caught unexpected exception Error 7:  Missing or insufficient permissions. and will exit.
google.api_core.exceptions.PermissionDenied: 403 Missing or insufficient permissions.

The above exception was the direct cause of the following exception:

Traceback (most recent call last):
  File "/home/pi/smarthome_prj/GATEWAY/venv/lib/python3.11/site-packages/google/api_core/bidi.py", line 647, in _thread_main
    self._on_response(response)
  File "/home/pi/smarthome_prj/GATEWAY/venv/lib/python3.11/site-packages/google/cloud/firestore_v1/watch.py", line 471, in on_snapshot
    meth(self, proto.target_change)
  File "/home/pi/smarthome_prj/GATEWAY/venv/lib/python3.11/site-packages/google/cloud/firestore_v1/watch.py", line 412, in _on_snapshot_target_change_remove
    raise RuntimeError(error_message) from exceptions.from_grpc_status(
RuntimeError: Error 7:  Missing or insufficient permissions.
2026-04-29 14:29:51 [ERROR][SYNCER] push_alert error: 403 Missing or insufficient permissions.
Exception in thread FirebaseSync:
Traceback (most recent call last):
  File "/usr/lib/python3.11/threading.py", line 1038, in _bootstrap_inner
    self.run()
  File "/usr/lib/python3.11/threading.py", line 975, in run
    self._target(*self._args, **self._kwargs)
  File "/home/pi/smarthome_prj/GATEWAY/workers/firebase_sync.py", line 594, in run
    main()
  File "/home/pi/smarthome_prj/GATEWAY/workers/firebase_sync.py", line 570, in main
    signal.signal(signal.SIGTERM, _shutdown)
  File "/usr/lib/python3.11/signal.py", line 56, in signal
    handler = _signal.signal(_enum_to_int(signalnum), _enum_to_int(handler))
              ^^^^^^^^^^^^^^^^^^^^^^^^^^^^^^^^^^^^^^^^^^^^^^^^^^^^^^^^^^^^^^
ValueError: signal only works in main thread of the main interpreter
Exception in thread Thread-OnRpcTerminated:
Traceback (most recent call last):
  File "/usr/lib/python3.11/threading.py", line 1038, in _bootstrap_inner
    self.run()
  File "/usr/lib/python3.11/threading.py", line 975, in run
    self._target(*self._args, **self._kwargs)
  File "/home/pi/smarthome_prj/GATEWAY/venv/lib/python3.11/site-packages/google/cloud/firestore_v1/watch.py", line 356, in close
    raise reason
google.api_core.exceptions.Cancelled: 499 Disconnecting idle stream. Timed out waiting for new targets.
2026-04-29 14:32:51 [ERROR][SYNCER] Batch commit failed: 403 Missing or insufficient permissions.
2026-04-29 14:32:51 [INFO][SYNCER] ✅ Flushed 58 rows to Firestore
2026-04-29 14:34:49 [INFO][SYNCER] SyncWorker starting...
2026-04-29 14:34:49 [INFO][SYNCER] Waiting for SD2 (timeout 300s before degraded mode)...
2026-04-29 14:34:50 [INFO][SYNCER] ==================================================
2026-04-29 14:34:50 [INFO][SYNCER] 🚀 firebase_sync.py starting — project: nhathongminh-14261
2026-04-29 14:34:50 [INFO][SYNCER] ==================================================
2026-04-29 14:34:50 [INFO][SYNCER] ✅ Firebase khởi tạo từ service account file
2026-04-29 14:34:50 [INFO][SYNCER] ✅ Redis connected at localhost:6379
2026-04-29 14:34:50 [WARNING][SYNCER] PI_OWNER_UID không được cấu hình. Set env PI_OWNER_UID=<firebase_uid> để dashboard hiển thị đúng.
2026-04-29 14:34:50 [INFO][SYNCER] 🔌 Redis subscriber started
=======================================================
  SmartHome Gateway — Starting
=======================================================
[MAIN] DB schema applied
[MAIN] DB init complete
[BUS] MQTT connected & subscribed
[BUS] MessageBus started
[WATCHDOG] Safety watchdog started
[BUS] Outbound loop started
[NET] RTC read error: Command '['sudo', 'hwclock', '-s']' returned non-zero exit status 1.
[NET] Network watchdog started
[NET] Internet: ON
[MAIN] FirebaseSync worker started
[MAIN] All workers started
[BRIDGE] Realtime bridge started
[AUTO] Cache loaded: 3 rules, 0 schedules
[SCHEDULER] Started
[AUTO] Command listener started
[API] Registered /api: auth
[API] Registered /api: sensors
[API] Registered /api: devices
[API] Registered /api: automation
[API] Registered /api: logs
[API] Registered /api: rfid
[API] Registered /api: wifi
[API] Registered /api: ota
[API] Registered /api: system
=======================================================
[MAIN] Gateway LIVE → http://0.0.0.0:5000/
[MAIN] API prefix:  http://0.0.0.0:5000/api/
=======================================================
 * Serving Flask app 'gateway_main'
 * Debug mode: off
2026-04-29 14:34:50 [INFO][SYNCER] 📋 CommandDispatcher started
2026-04-29 14:34:50 [INFO][SYNCER] 🔄 Sensor flush loop started (interval: 180s)
2026-04-29 14:34:50 [INFO][SYNCER] [31m[1mWARNING: This is a development server. Do not use it in a production deployment. Use a production WSGI server instead.[0m
 * Running on all addresses (0.0.0.0)
 * Running on http://127.0.0.1:5000
 * Running on http://192.168.100.30:5000
2026-04-29 14:34:50 [INFO][SYNCER] [33mPress CTRL+C to quit[0m
2026-04-29 14:34:51 [ERROR][SYNCER] push_alert error: 403 Missing or insufficient permissions.
Exception in thread FirebaseSync:
Traceback (most recent call last):
  File "/usr/lib/python3.11/threading.py", line 1038, in _bootstrap_inner
    self.run()
  File "/usr/lib/python3.11/threading.py", line 975, in run
    self._target(*self._args, **self._kwargs)
  File "/home/pi/smarthome_prj/GATEWAY/workers/firebase_sync.py", line 594, in run
    main()
  File "/home/pi/smarthome_prj/GATEWAY/workers/firebase_sync.py", line 570, in main
    signal.signal(signal.SIGTERM, _shutdown)
  File "/usr/lib/python3.11/signal.py", line 56, in signal
    handler = _signal.signal(_enum_to_int(signalnum), _enum_to_int(handler))
              ^^^^^^^^^^^^^^^^^^^^^^^^^^^^^^^^^^^^^^^^^^^^^^^^^^^^^^^^^^^^^^
ValueError: signal only works in main thread of the main interpreter
Thread-ConsumeBidirectionalStream caught unexpected exception Error 7:  Missing or insufficient permissions. and will exit.
google.api_core.exceptions.PermissionDenied: 403 Missing or insufficient permissions.

The above exception was the direct cause of the following exception:

Traceback (most recent call last):
  File "/home/pi/smarthome_prj/GATEWAY/venv/lib/python3.11/site-packages/google/api_core/bidi.py", line 647, in _thread_main
    self._on_response(response)
  File "/home/pi/smarthome_prj/GATEWAY/venv/lib/python3.11/site-packages/google/cloud/firestore_v1/watch.py", line 471, in on_snapshot
    meth(self, proto.target_change)
  File "/home/pi/smarthome_prj/GATEWAY/venv/lib/python3.11/site-packages/google/cloud/firestore_v1/watch.py", line 412, in _on_snapshot_target_change_remove
    raise RuntimeError(error_message) from exceptions.from_grpc_status(
RuntimeError: Error 7:  Missing or insufficient permissions.
2026-04-29 14:34:57 [INFO][SYNCER] 127.0.0.1 - - [29/Apr/2026 14:34:57] "[33mGET / HTTP/1.1[0m" 404 -
Exception in thread Thread-OnRpcTerminated:
Traceback (most recent call last):
  File "/usr/lib/python3.11/threading.py", line 1038, in _bootstrap_inner
    self.run()
  File "/usr/lib/python3.11/threading.py", line 975, in run
    self._target(*self._args, **self._kwargs)
  File "/home/pi/smarthome_prj/GATEWAY/venv/lib/python3.11/site-packages/google/cloud/firestore_v1/watch.py", line 356, in close
    raise reason
google.api_core.exceptions.Cancelled: 499 Disconnecting idle stream. Timed out waiting for new targets.
2026-04-29 14:37:10 [INFO][SYNCER] SyncWorker starting...
2026-04-29 14:37:10 [INFO][SYNCER] Waiting for SD2 (timeout 300s before degraded mode)...
=======================================================
  SmartHome Gateway — Starting
=======================================================
[MAIN] DB schema applied
[MAIN] DB init complete
[BUS] MessageBus started
[BUS] MQTT connected & subscribed
[WATCHDOG] Safety watchdog started
[BUS] Outbound loop started
Traceback (most recent call last):
  File "/home/pi/smarthome_prj/GATEWAY/gateway_main.py", line 214, in <module>
    start_workers()
  File "/home/pi/smarthome_prj/GATEWAY/gateway_main.py", line 114, in start_workers
    from workers import firebase_sync
  File "/home/pi/smarthome_prj/GATEWAY/workers/firebase_sync.py", line 574
    try:
    ^
IndentationError: expected an indented block after 'if' statement on line 573
[NET] RTC read error: Command '['sudo', 'hwclock', '-s']' returned non-zero exit status 1.
2026-04-29 14:38:55 [INFO][SYNCER] SyncWorker starting...
2026-04-29 14:38:55 [INFO][SYNCER] Waiting for SD2 (timeout 300s before degraded mode)...
=======================================================
  SmartHome Gateway — Starting
=======================================================
[MAIN] DB schema applied
[MAIN] DB init complete
[BUS] MessageBus started
[BUS] MQTT connected & subscribed
[WATCHDOG] Safety watchdog started
[BUS] Outbound loop started
Traceback (most recent call last):
  File "/home/pi/smarthome_prj/GATEWAY/gateway_main.py", line 222, in <module>
    start_workers()
  File "/home/pi/smarthome_prj/GATEWAY/gateway_main.py", line 114, in start_workers
    from workers import firebase_sync
  File "/home/pi/smarthome_prj/GATEWAY/workers/firebase_sync.py", line 574
    try:
    ^
IndentationError: expected an indented block after 'if' statement on line 573
2026-04-29 14:42:29 [INFO][SYNCER] SyncWorker starting...
2026-04-29 14:42:29 [INFO][SYNCER] Waiting for SD2 (timeout 300s before degraded mode)...
2026-04-29 14:42:30 [INFO][SYNCER] ==================================================
2026-04-29 14:42:30 [INFO][SYNCER] 🚀 firebase_sync.py starting — project: nhathongminh-14261
2026-04-29 14:42:30 [INFO][SYNCER] ==================================================
2026-04-29 14:42:30 [INFO][SYNCER] ✅ Firebase khởi tạo từ service account file
2026-04-29 14:42:30 [INFO][SYNCER] ✅ Redis connected at localhost:6379
2026-04-29 14:42:30 [WARNING][SYNCER] PI_OWNER_UID không được cấu hình. Set env PI_OWNER_UID=<firebase_uid> để dashboard hiển thị đúng.
2026-04-29 14:42:30 [INFO][SYNCER] 🔌 Redis subscriber started
2026-04-29 14:42:30 [INFO][SYNCER] 📋 CommandDispatcher started
=======================================================
  SmartHome Gateway — Starting
=======================================================
[MAIN] DB schema applied
[MAIN] DB init complete
[BUS] MessageBus started
[BUS] MQTT connected & subscribed
[WATCHDOG] Safety watchdog started
[BUS] Outbound loop started
[NET] RTC read error: Command '['sudo', 'hwclock', '-s']' returned non-zero exit status 1.
[NET] Network watchdog started
[NET] Internet: ON
[MAIN] FirebaseSync worker started
[MAIN] All workers started
[BRIDGE] Realtime bridge started
[AUTO] Cache loaded: 3 rules, 0 schedules
[SCHEDULER] Started
[API] Registered /api: auth
[API] Registered /api: sensors
[API] Registered /api: devices
[AUTO] Command listener started
[API] Registered /api: automation
[API] Registered /api: logs
[API] Registered /api: rfid
[API] Registered /api: wifi
[API] Registered /api: ota
[API] Registered /api: system
=======================================================
[MAIN] Gateway LIVE → http://0.0.0.0:5000/
[MAIN] API prefix:  http://0.0.0.0:5000/api/
=======================================================
 * Serving Flask app 'gateway_main'
2026-04-29 14:42:30 [INFO][SYNCER] 🔄 Sensor flush loop started (interval: 180s)
 * Debug mode: off
2026-04-29 14:42:30 [INFO][SYNCER] [31m[1mWARNING: This is a development server. Do not use it in a production deployment. Use a production WSGI server instead.[0m
 * Running on all addresses (0.0.0.0)
 * Running on http://127.0.0.1:5000
 * Running on http://192.168.100.30:5000
2026-04-29 14:42:30 [INFO][SYNCER] [33mPress CTRL+C to quit[0m
Thread-ConsumeBidirectionalStream caught unexpected exception Error 7:  Missing or insufficient permissions. and will exit.
google.api_core.exceptions.PermissionDenied: 403 Missing or insufficient permissions.

The above exception was the direct cause of the following exception:

Traceback (most recent call last):
  File "/home/pi/smarthome_prj/GATEWAY/venv/lib/python3.11/site-packages/google/api_core/bidi.py", line 647, in _thread_main
    self._on_response(response)
  File "/home/pi/smarthome_prj/GATEWAY/venv/lib/python3.11/site-packages/google/cloud/firestore_v1/watch.py", line 471, in on_snapshot
    meth(self, proto.target_change)
  File "/home/pi/smarthome_prj/GATEWAY/venv/lib/python3.11/site-packages/google/cloud/firestore_v1/watch.py", line 412, in _on_snapshot_target_change_remove
    raise RuntimeError(error_message) from exceptions.from_grpc_status(
RuntimeError: Error 7:  Missing or insufficient permissions.
2026-04-29 14:42:31 [ERROR][SYNCER] push_alert error: 403 Missing or insufficient permissions.
2026-04-29 14:42:52 [INFO][SYNCER] SyncWorker starting...
2026-04-29 14:42:52 [INFO][SYNCER] Waiting for SD2 (timeout 300s before degraded mode)...
2026-04-29 14:42:52 [INFO][SYNCER] ==================================================
2026-04-29 14:42:52 [INFO][SYNCER] 🚀 firebase_sync.py starting — project: nhathongminh-14261
2026-04-29 14:42:52 [INFO][SYNCER] ==================================================
2026-04-29 14:42:53 [INFO][SYNCER] ✅ Firebase khởi tạo từ service account file
2026-04-29 14:42:53 [INFO][SYNCER] ✅ Redis connected at localhost:6379
2026-04-29 14:42:53 [WARNING][SYNCER] PI_OWNER_UID không được cấu hình. Set env PI_OWNER_UID=<firebase_uid> để dashboard hiển thị đúng.
2026-04-29 14:42:53 [INFO][SYNCER] 🔌 Redis subscriber started
2026-04-29 14:42:53 [INFO][SYNCER] 📋 CommandDispatcher started
2026-04-29 14:42:53 [INFO][SYNCER] 🔄 Sensor flush loop started (interval: 180s)
=======================================================
  SmartHome Gateway — Starting
=======================================================
[MAIN] DB schema applied
[MAIN] DB init complete
[BUS] MessageBus started
[BUS] MQTT connected & subscribed
[WATCHDOG] Safety watchdog started
[BUS] Outbound loop started
[NET] RTC read error: Command '['sudo', 'hwclock', '-s']' returned non-zero exit status 1.
[NET] Network watchdog started
[NET] Internet: ON
[MAIN] FirebaseSync worker started
[MAIN] All workers started
[BRIDGE] Realtime bridge started
[AUTO] Cache loaded: 3 rules, 0 schedules
[SCHEDULER] Started
[AUTO] Command listener started
[API] Registered /api: auth
[API] Registered /api: sensors
[API] Registered /api: devices
[API] Registered /api: automation
[API] Registered /api: logs
[API] Registered /api: rfid
[API] Registered /api: wifi
[API] Registered /api: ota
[API] Registered /api: system
=======================================================
[MAIN] Gateway LIVE → http://0.0.0.0:5000/
[MAIN] API prefix:  http://0.0.0.0:5000/api/
=======================================================
 * Serving Flask app 'gateway_main'
 * Debug mode: off
2026-04-29 14:42:53 [INFO][SYNCER] [31m[1mWARNING: This is a development server. Do not use it in a production deployment. Use a production WSGI server instead.[0m
 * Running on all addresses (0.0.0.0)
 * Running on http://127.0.0.1:5000
 * Running on http://192.168.100.30:5000
2026-04-29 14:42:53 [INFO][SYNCER] [33mPress CTRL+C to quit[0m
2026-04-29 14:42:53 [ERROR][SYNCER] push_alert error: 403 Missing or insufficient permissions.
Thread-ConsumeBidirectionalStream caught unexpected exception Error 7:  Missing or insufficient permissions. and will exit.
google.api_core.exceptions.PermissionDenied: 403 Missing or insufficient permissions.

The above exception was the direct cause of the following exception:

Traceback (most recent call last):
  File "/home/pi/smarthome_prj/GATEWAY/venv/lib/python3.11/site-packages/google/api_core/bidi.py", line 647, in _thread_main
    self._on_response(response)
  File "/home/pi/smarthome_prj/GATEWAY/venv/lib/python3.11/site-packages/google/cloud/firestore_v1/watch.py", line 471, in on_snapshot
    meth(self, proto.target_change)
  File "/home/pi/smarthome_prj/GATEWAY/venv/lib/python3.11/site-packages/google/cloud/firestore_v1/watch.py", line 412, in _on_snapshot_target_change_remove
    raise RuntimeError(error_message) from exceptions.from_grpc_status(
RuntimeError: Error 7:  Missing or insufficient permissions.
2026-04-29 14:43:17 [INFO][SYNCER] SyncWorker starting...
2026-04-29 14:43:17 [INFO][SYNCER] Waiting for SD2 (timeout 300s before degraded mode)...
2026-04-29 14:43:18 [INFO][SYNCER] ==================================================
2026-04-29 14:43:18 [INFO][SYNCER] 🚀 firebase_sync.py starting — project: nhathongminh-14261
2026-04-29 14:43:18 [INFO][SYNCER] ==================================================
2026-04-29 14:43:18 [INFO][SYNCER] ✅ Firebase khởi tạo từ service account file
2026-04-29 14:43:18 [INFO][SYNCER] ✅ Redis connected at localhost:6379
2026-04-29 14:43:18 [WARNING][SYNCER] PI_OWNER_UID không được cấu hình. Set env PI_OWNER_UID=<firebase_uid> để dashboard hiển thị đúng.
2026-04-29 14:43:18 [INFO][SYNCER] 🔌 Redis subscriber started
2026-04-29 14:43:18 [INFO][SYNCER] 📋 CommandDispatcher started
2026-04-29 14:43:18 [INFO][SYNCER] 🔄 Sensor flush loop started (interval: 180s)
=======================================================
  SmartHome Gateway — Starting
=======================================================
[MAIN] DB schema applied
[MAIN] DB init complete
[BUS] MessageBus started
[BUS] MQTT connected & subscribed
[WATCHDOG] Safety watchdog started
[BUS] Outbound loop started
[NET] RTC read error: Command '['sudo', 'hwclock', '-s']' returned non-zero exit status 1.
[NET] Network watchdog started
[NET] Internet: ON
[MAIN] FirebaseSync worker started
[MAIN] All workers started
[BRIDGE] Realtime bridge started
[AUTO] Cache loaded: 3 rules, 0 schedules
[SCHEDULER] Started
[AUTO] Command listener started
[API] Registered /api: auth
[API] Registered /api: sensors
[API] Registered /api: devices
[API] Registered /api: automation
[API] Registered /api: logs
[API] Registered /api: rfid
[API] Registered /api: wifi
[API] Registered /api: ota
[API] Registered /api: system
=======================================================
[MAIN] Gateway LIVE → http://0.0.0.0:5000/
[MAIN] API prefix:  http://0.0.0.0:5000/api/
=======================================================
 * Serving Flask app 'gateway_main'
 * Debug mode: off
2026-04-29 14:43:18 [INFO][SYNCER] [31m[1mWARNING: This is a development server. Do not use it in a production deployment. Use a production WSGI server instead.[0m
 * Running on all addresses (0.0.0.0)
 * Running on http://127.0.0.1:5000
 * Running on http://192.168.100.30:5000
2026-04-29 14:43:18 [INFO][SYNCER] [33mPress CTRL+C to quit[0m
Thread-ConsumeBidirectionalStream caught unexpected exception Error 7:  Missing or insufficient permissions. and will exit.
google.api_core.exceptions.PermissionDenied: 403 Missing or insufficient permissions.

The above exception was the direct cause of the following exception:

Traceback (most recent call last):
  File "/home/pi/smarthome_prj/GATEWAY/venv/lib/python3.11/site-packages/google/api_core/bidi.py", line 647, in _thread_main
    self._on_response(response)
  File "/home/pi/smarthome_prj/GATEWAY/venv/lib/python3.11/site-packages/google/cloud/firestore_v1/watch.py", line 471, in on_snapshot
    meth(self, proto.target_change)
  File "/home/pi/smarthome_prj/GATEWAY/venv/lib/python3.11/site-packages/google/cloud/firestore_v1/watch.py", line 412, in _on_snapshot_target_change_remove
    raise RuntimeError(error_message) from exceptions.from_grpc_status(
RuntimeError: Error 7:  Missing or insufficient permissions.
2026-04-29 14:43:19 [ERROR][SYNCER] push_alert error: 403 Missing or insufficient permissions.
2026-04-29 14:50:25 [INFO][SYNCER] SyncWorker starting...
2026-04-29 14:50:25 [INFO][SYNCER] Waiting for SD2 (timeout 300s before degraded mode)...
2026-04-29 14:50:26 [INFO][SYNCER] ==================================================
2026-04-29 14:50:26 [INFO][SYNCER] 🚀 firebase_sync.py starting — project: nhathongminh-14261
2026-04-29 14:50:26 [INFO][SYNCER] ==================================================
2026-04-29 14:50:26 [INFO][SYNCER] ✅ Firebase khởi tạo từ service account file
2026-04-29 14:50:26 [INFO][SYNCER] ✅ Redis connected at localhost:6379
 * Tip: There are .env or .flaskenv files present. Do "pip install python-dotenv" to use them.
=======================================================
  SmartHome Gateway — Starting
=======================================================
[MAIN] DB schema applied
[MAIN] DB init complete
[BUS] MessageBus started
[WATCHDOG] Safety watchdog started
[BUS] MQTT connected & subscribed
[BUS] Outbound loop started
[NET] RTC read error: Command '['sudo', 'hwclock', '-s']' returned non-zero exit status 1.
[NET] Network watchdog started
[NET] Internet: ON
[MAIN] FirebaseSync worker started
[MAIN] All workers started
[BRIDGE] Realtime bridge started
[AUTO] Cache loaded: 3 rules, 0 schedules
[SCHEDULER] Started
[API] Registered /api: auth
[API] Registered /api: sensors
[API] Registered /api: devices
[AUTO] Command listener started
[API] Registered /api: automation
[API] Registered /api: logs
[API] Registered /api: rfid
[API] Registered /api: wifi
[API] Registered /api: ota
[API] Registered /api: system
=======================================================
[MAIN] Gateway LIVE → http://0.0.0.0:5000/
[MAIN] API prefix:  http://0.0.0.0:5000/api/
=======================================================
 * Serving Flask app 'gateway_main'
 * Debug mode: off
2026-04-29 14:50:26 [INFO][SYNCER] [31m[1mWARNING: This is a development server. Do not use it in a production deployment. Use a production WSGI server instead.[0m
 * Running on all addresses (0.0.0.0)
 * Running on http://127.0.0.1:5000
 * Running on http://192.168.100.30:5000
2026-04-29 14:50:26 [INFO][SYNCER] [33mPress CTRL+C to quit[0m
2026-04-29 14:50:27 [ERROR][SYNCER] sync_rooms error: 403 Missing or insufficient permissions.
2026-04-29 14:50:27 [INFO][SYNCER] 📋 CommandDispatcher started
2026-04-29 14:50:27 [INFO][SYNCER] 🔄 Sensor flush loop started (interval: 180s)
2026-04-29 14:50:27 [INFO][SYNCER] 🔌 Redis subscriber started
2026-04-29 14:50:27 [ERROR][SYNCER] push_alert error: 403 Missing or insufficient permissions.
Thread-ConsumeBidirectionalStream caught unexpected exception Error 7:  Missing or insufficient permissions. and will exit.
google.api_core.exceptions.PermissionDenied: 403 Missing or insufficient permissions.

The above exception was the direct cause of the following exception:

Traceback (most recent call last):
  File "/home/pi/smarthome_prj/GATEWAY/venv/lib/python3.11/site-packages/google/api_core/bidi.py", line 647, in _thread_main
    self._on_response(response)
  File "/home/pi/smarthome_prj/GATEWAY/venv/lib/python3.11/site-packages/google/cloud/firestore_v1/watch.py", line 471, in on_snapshot
    meth(self, proto.target_change)
  File "/home/pi/smarthome_prj/GATEWAY/venv/lib/python3.11/site-packages/google/cloud/firestore_v1/watch.py", line 412, in _on_snapshot_target_change_remove
    raise RuntimeError(error_message) from exceptions.from_grpc_status(
RuntimeError: Error 7:  Missing or insufficient permissions.
Exception in thread Thread-OnRpcTerminated:
Traceback (most recent call last):
  File "/usr/lib/python3.11/threading.py", line 1038, in _bootstrap_inner
    self.run()
  File "/usr/lib/python3.11/threading.py", line 975, in run
    self._target(*self._args, **self._kwargs)
  File "/home/pi/smarthome_prj/GATEWAY/venv/lib/python3.11/site-packages/google/cloud/firestore_v1/watch.py", line 356, in close
    raise reason
google.api_core.exceptions.Cancelled: 499 Disconnecting idle stream. Timed out waiting for new targets.
2026-04-29 14:53:15 [INFO][SYNCER] SyncWorker starting...
2026-04-29 14:53:15 [INFO][SYNCER] Waiting for SD2 (timeout 300s before degraded mode)...
2026-04-29 14:53:16 [INFO][SYNCER] ==================================================
2026-04-29 14:53:16 [INFO][SYNCER] 🚀 firebase_sync.py starting — project: nhathongminh-14261
2026-04-29 14:53:16 [INFO][SYNCER] ==================================================
2026-04-29 14:53:16 [INFO][SYNCER] ✅ Firebase khởi tạo từ service account file
2026-04-29 14:53:16 [INFO][SYNCER] ✅ Redis connected at localhost:6379
 * Tip: There are .env or .flaskenv files present. Do "pip install python-dotenv" to use them.
=======================================================
  SmartHome Gateway — Starting
=======================================================
[MAIN] DB schema applied
[MAIN] DB init complete
[BUS] MessageBus started
[BUS] MQTT connected & subscribed
[WATCHDOG] Safety watchdog started
[BUS] Outbound loop started
[NET] RTC read error: Command '['sudo', 'hwclock', '-s']' returned non-zero exit status 1.
[NET] Network watchdog started
[NET] Internet: ON
[MAIN] FirebaseSync worker started
[MAIN] All workers started
[BRIDGE] Realtime bridge started
[AUTO] Cache loaded: 3 rules, 0 schedules
[SCHEDULER] Started
[API] Registered /api: auth
[API] Registered /api: sensors
[NET] NTP sync error: Command '['sudo', 'hwclock', '-w']' returned non-zero exit status 1.
[API] Registered /api: devices
[API] Registered /api: automation
[API] Registered /api: logs
[API] Registered /api: rfid
[API] Registered /api: wifi
[AUTO] Command listener started
[API] Registered /api: ota
[API] Registered /api: system
=======================================================
[MAIN] Gateway LIVE → http://0.0.0.0:5000/
[MAIN] API prefix:  http://0.0.0.0:5000/api/
=======================================================
 * Serving Flask app 'gateway_main'
 * Debug mode: off
2026-04-29 14:53:16 [INFO][SYNCER] [31m[1mWARNING: This is a development server. Do not use it in a production deployment. Use a production WSGI server instead.[0m
 * Running on all addresses (0.0.0.0)
 * Running on http://127.0.0.1:5000
 * Running on http://192.168.100.30:5000
2026-04-29 14:53:16 [INFO][SYNCER] [33mPress CTRL+C to quit[0m
2026-04-29 14:53:17 [ERROR][SYNCER] sync_rooms error: 403 Missing or insufficient permissions.
2026-04-29 14:53:17 [INFO][SYNCER] 📋 CommandDispatcher started
2026-04-29 14:53:17 [INFO][SYNCER] 🔄 Sensor flush loop started (interval: 180s)
2026-04-29 14:53:17 [INFO][SYNCER] 🔌 Redis subscriber started
Thread-ConsumeBidirectionalStream caught unexpected exception Error 7:  Missing or insufficient permissions. and will exit.
google.api_core.exceptions.PermissionDenied: 403 Missing or insufficient permissions.

The above exception was the direct cause of the following exception:

Traceback (most recent call last):
  File "/home/pi/smarthome_prj/GATEWAY/venv/lib/python3.11/site-packages/google/api_core/bidi.py", line 647, in _thread_main
    self._on_response(response)
  File "/home/pi/smarthome_prj/GATEWAY/venv/lib/python3.11/site-packages/google/cloud/firestore_v1/watch.py", line 471, in on_snapshot
    meth(self, proto.target_change)
  File "/home/pi/smarthome_prj/GATEWAY/venv/lib/python3.11/site-packages/google/cloud/firestore_v1/watch.py", line 412, in _on_snapshot_target_change_remove
    raise RuntimeError(error_message) from exceptions.from_grpc_status(
RuntimeError: Error 7:  Missing or insufficient permissions.
2026-04-29 14:53:17 [ERROR][SYNCER] push_alert error: 403 Missing or insufficient permissions.
2026-04-29 14:53:23 [INFO][SYNCER] 127.0.0.1 - - [29/Apr/2026 14:53:23] "GET / HTTP/1.1" 200 -
Exception in thread Thread-OnRpcTerminated:
Traceback (most recent call last):
  File "/usr/lib/python3.11/threading.py", line 1038, in _bootstrap_inner
    self.run()
  File "/usr/lib/python3.11/threading.py", line 975, in run
    self._target(*self._args, **self._kwargs)
  File "/home/pi/smarthome_prj/GATEWAY/venv/lib/python3.11/site-packages/google/cloud/firestore_v1/watch.py", line 356, in close
    raise reason
google.api_core.exceptions.Cancelled: 499 Disconnecting idle stream. Timed out waiting for new targets.
2026-04-29 15:02:10 [INFO][SYNCER] SyncWorker starting...
2026-04-29 15:02:10 [INFO][SYNCER] Waiting for SD2 (timeout 300s before degraded mode)...
2026-04-29 15:02:10 [INFO][SYNCER] ==================================================
2026-04-29 15:02:10 [INFO][SYNCER] 🚀 firebase_sync.py starting — project: nhathongminh-14261
2026-04-29 15:02:10 [INFO][SYNCER] ==================================================
2026-04-29 15:02:11 [INFO][SYNCER] ✅ Firebase khởi tạo từ service account file
2026-04-29 15:02:11 [INFO][SYNCER] ✅ Redis connected at localhost:6379
=======================================================
  SmartHome Gateway — Starting
=======================================================
[MAIN] DB schema applied
[MAIN] DB init complete
[BUS] MessageBus started
[BUS] MQTT connected & subscribed
[WATCHDOG] Safety watchdog started
[BUS] Outbound loop started
[NET] RTC read error: Command '['sudo', 'hwclock', '-s']' returned non-zero exit status 1.
[NET] Network watchdog started
[NET] Internet: ON
[MAIN] FirebaseSync worker started
[MAIN] All workers started
[BRIDGE] Realtime bridge started
[AUTO] Cache loaded: 3 rules, 0 schedules
[SCHEDULER] Started
[AUTO] Command listener started
[API] Registered /api: auth
[NET] NTP sync error: Command '['sudo', 'hwclock', '-w']' returned non-zero exit status 1.
[API] Registered /api: sensors
[API] Registered /api: devices
[API] Registered /api: automation
[API] Registered /api: logs
[API] Registered /api: rfid
[API] Registered /api: wifi
[API] Registered /api: ota
[API] Registered /api: system
=======================================================
[MAIN] Gateway LIVE → http://0.0.0.0:5000/
[MAIN] API prefix:  http://0.0.0.0:5000/api/
=======================================================
 * Serving Flask app 'gateway_main'
 * Debug mode: off
2026-04-29 15:02:11 [INFO][SYNCER] [31m[1mWARNING: This is a development server. Do not use it in a production deployment. Use a production WSGI server instead.[0m
 * Running on all addresses (0.0.0.0)
 * Running on http://127.0.0.1:5000
 * Running on http://192.168.100.30:5000
2026-04-29 15:02:11 [INFO][SYNCER] [33mPress CTRL+C to quit[0m
2026-04-29 15:02:11 [ERROR][SYNCER] sync_rooms error: 403 Missing or insufficient permissions.
2026-04-29 15:02:11 [INFO][SYNCER] 🔌 Redis subscriber started
2026-04-29 15:02:11 [INFO][SYNCER] 📋 CommandDispatcher started
2026-04-29 15:02:11 [INFO][SYNCER] 🔄 Sensor flush loop started (interval: 180s)
2026-04-29 15:02:11 [ERROR][SYNCER] push_alert error: 403 Missing or insufficient permissions.
Thread-ConsumeBidirectionalStream caught unexpected exception Error 7:  Missing or insufficient permissions. and will exit.
google.api_core.exceptions.PermissionDenied: 403 Missing or insufficient permissions.

The above exception was the direct cause of the following exception:

Traceback (most recent call last):
  File "/home/pi/smarthome_prj/GATEWAY/venv/lib/python3.11/site-packages/google/api_core/bidi.py", line 647, in _thread_main
    self._on_response(response)
  File "/home/pi/smarthome_prj/GATEWAY/venv/lib/python3.11/site-packages/google/cloud/firestore_v1/watch.py", line 471, in on_snapshot
    meth(self, proto.target_change)
  File "/home/pi/smarthome_prj/GATEWAY/venv/lib/python3.11/site-packages/google/cloud/firestore_v1/watch.py", line 412, in _on_snapshot_target_change_remove
    raise RuntimeError(error_message) from exceptions.from_grpc_status(
RuntimeError: Error 7:  Missing or insufficient permissions.
2026-04-29 15:03:33 [INFO][SYNCER] SyncWorker starting...
2026-04-29 15:03:33 [INFO][SYNCER] Waiting for SD2 (timeout 300s before degraded mode)...
2026-04-29 15:03:33 [INFO][SYNCER] ==================================================
2026-04-29 15:03:33 [INFO][SYNCER] 🚀 firebase_sync.py starting — project: nhathongminh-14261
2026-04-29 15:03:33 [INFO][SYNCER] ==================================================
2026-04-29 15:03:34 [INFO][SYNCER] ✅ Firebase khởi tạo từ service account file
2026-04-29 15:03:34 [INFO][SYNCER] ✅ Redis connected at localhost:6379
=======================================================
  SmartHome Gateway — Starting
=======================================================
[MAIN] DB schema applied
[MAIN] DB init complete
[BUS] MessageBus started
[BUS] MQTT connected & subscribed
[WATCHDOG] Safety watchdog started
[BUS] Outbound loop started
[NET] RTC read error: Command '['sudo', 'hwclock', '-s']' returned non-zero exit status 1.
[NET] Network watchdog started
[NET] Internet: ON
[MAIN] FirebaseSync worker started
[MAIN] All workers started
[BRIDGE] Realtime bridge started
[AUTO] Cache loaded: 3 rules, 0 schedules
[SCHEDULER] Started
[AUTO] Command listener started
[API] Registered /api: auth
[API] Registered /api: sensors
[API] Registered /api: devices
[API] Registered /api: automation
[API] Registered /api: logs
[API] Registered /api: rfid
[API] Registered /api: wifi
[API] Registered /api: ota
[API] Registered /api: system
=======================================================
[MAIN] Gateway LIVE → http://0.0.0.0:5000/
[MAIN] API prefix:  http://0.0.0.0:5000/api/
=======================================================
 * Serving Flask app 'gateway_main'
 * Debug mode: off
2026-04-29 15:03:34 [INFO][SYNCER] [31m[1mWARNING: This is a development server. Do not use it in a production deployment. Use a production WSGI server instead.[0m
 * Running on all addresses (0.0.0.0)
 * Running on http://127.0.0.1:5000
 * Running on http://192.168.100.30:5000
2026-04-29 15:03:34 [INFO][SYNCER] [33mPress CTRL+C to quit[0m
2026-04-29 15:03:34 [ERROR][SYNCER] sync_rooms error: 403 Missing or insufficient permissions.
2026-04-29 15:03:34 [INFO][SYNCER] 🔌 Redis subscriber started
2026-04-29 15:03:34 [INFO][SYNCER] 📋 CommandDispatcher started
2026-04-29 15:03:34 [INFO][SYNCER] 🔄 Sensor flush loop started (interval: 180s)
Thread-ConsumeBidirectionalStream caught unexpected exception Error 7:  Missing or insufficient permissions. and will exit.
google.api_core.exceptions.PermissionDenied: 403 Missing or insufficient permissions.

The above exception was the direct cause of the following exception:

Traceback (most recent call last):
  File "/home/pi/smarthome_prj/GATEWAY/venv/lib/python3.11/site-packages/google/api_core/bidi.py", line 647, in _thread_main
    self._on_response(response)
  File "/home/pi/smarthome_prj/GATEWAY/venv/lib/python3.11/site-packages/google/cloud/firestore_v1/watch.py", line 472, in on_snapshot
    meth(self, proto.target_change)
  File "/home/pi/smarthome_prj/GATEWAY/venv/lib/python3.11/site-packages/google/cloud/firestore_v1/watch.py", line 413, in _on_snapshot_target_change_remove
    raise RuntimeError(error_message) from exceptions.from_grpc_status(
RuntimeError: Error 7:  Missing or insufficient permissions.
2026-04-29 15:03:35 [ERROR][SYNCER] push_alert error: 403 Missing or insufficient permissions.
Exception in thread Thread-OnRpcTerminated:
Traceback (most recent call last):
  File "/usr/lib/python3.11/threading.py", line 1038, in _bootstrap_inner
    self.run()
  File "/usr/lib/python3.11/threading.py", line 975, in run
    self._target(*self._args, **self._kwargs)
  File "/home/pi/smarthome_prj/GATEWAY/venv/lib/python3.11/site-packages/google/cloud/firestore_v1/watch.py", line 356, in close
    raise reason
google.api_core.exceptions.Cancelled: 499 Disconnecting idle stream. Timed out waiting for new targets.
2026-04-29 15:07:22 [INFO][SYNCER] SyncWorker starting...
2026-04-29 15:07:22 [INFO][SYNCER] Waiting for SD2 (timeout 300s before degraded mode)...
2026-04-29 15:07:22 [INFO][SYNCER] ==================================================
2026-04-29 15:07:22 [INFO][SYNCER] 🚀 firebase_sync.py starting — project: nhathongminh-14261
2026-04-29 15:07:22 [INFO][SYNCER] ==================================================
2026-04-29 15:07:22 [INFO][SYNCER] ✅ Firebase khởi tạo từ service account file
2026-04-29 15:07:23 [INFO][SYNCER] ✅ Redis connected at localhost:6379
=======================================================
  SmartHome Gateway — Starting
=======================================================
[MAIN] DB schema applied
[MAIN] DB init complete
[BUS] MessageBus started
[BUS] MQTT connected & subscribed
[WATCHDOG] Safety watchdog started
[BUS] Outbound loop started
[NET] RTC read error: Command '['sudo', 'hwclock', '-s']' returned non-zero exit status 1.
[NET] Network watchdog started
[NET] Internet: ON
[MAIN] FirebaseSync worker started
[MAIN] All workers started
[BRIDGE] Realtime bridge started
[AUTO] Cache loaded: 3 rules, 0 schedules
[SCHEDULER] Started
[AUTO] Command listener started
[API] Registered /api: auth
[API] Registered /api: sensors
[API] Registered /api: devices
[API] Registered /api: automation
[API] Registered /api: logs
[API] Registered /api: rfid
[API] Registered /api: wifi
[API] Registered /api: ota
[API] Registered /api: system
=======================================================
[MAIN] Gateway LIVE → http://0.0.0.0:5000/
[MAIN] API prefix:  http://0.0.0.0:5000/api/
=======================================================
 * Serving Flask app 'gateway_main'
 * Debug mode: off
2026-04-29 15:07:23 [INFO][SYNCER] [31m[1mWARNING: This is a development server. Do not use it in a production deployment. Use a production WSGI server instead.[0m
 * Running on all addresses (0.0.0.0)
 * Running on http://127.0.0.1:5000
 * Running on http://192.168.100.30:5000
2026-04-29 15:07:23 [INFO][SYNCER] [33mPress CTRL+C to quit[0m
2026-04-29 15:07:23 [ERROR][SYNCER] sync_rooms error: 403 Missing or insufficient permissions.
2026-04-29 15:07:23 [INFO][SYNCER] 🔌 Redis subscriber started
2026-04-29 15:07:23 [INFO][SYNCER] 📋 CommandDispatcher started
2026-04-29 15:07:23 [INFO][SYNCER] 🔄 Sensor flush loop started (interval: 180s)
2026-04-29 15:07:23 [ERROR][SYNCER] push_alert error: 403 Missing or insufficient permissions.
Thread-ConsumeBidirectionalStream caught unexpected exception Error 7:  Missing or insufficient permissions. and will exit.
google.api_core.exceptions.PermissionDenied: 403 Missing or insufficient permissions.

The above exception was the direct cause of the following exception:

Traceback (most recent call last):
  File "/home/pi/smarthome_prj/GATEWAY/venv/lib/python3.11/site-packages/google/api_core/bidi.py", line 647, in _thread_main
    self._on_response(response)
  File "/home/pi/smarthome_prj/GATEWAY/venv/lib/python3.11/site-packages/google/cloud/firestore_v1/watch.py", line 472, in on_snapshot
    meth(self, proto.target_change)
  File "/home/pi/smarthome_prj/GATEWAY/venv/lib/python3.11/site-packages/google/cloud/firestore_v1/watch.py", line 413, in _on_snapshot_target_change_remove
    raise RuntimeError(error_message) from exceptions.from_grpc_status(
RuntimeError: Error 7:  Missing or insufficient permissions.
Exception in thread Thread-OnRpcTerminated:
Traceback (most recent call last):
  File "/usr/lib/python3.11/threading.py", line 1038, in _bootstrap_inner
    self.run()
  File "/usr/lib/python3.11/threading.py", line 975, in run
    self._target(*self._args, **self._kwargs)
  File "/home/pi/smarthome_prj/GATEWAY/venv/lib/python3.11/site-packages/google/cloud/firestore_v1/watch.py", line 356, in close
    raise reason
google.api_core.exceptions.Cancelled: 499 Disconnecting idle stream. Timed out waiting for new targets.
2026-04-29 15:12:22 [INFO][SYNCER] SyncWorker running (storage: sd2)
2026-04-29 15:12:22 [WARNING][SYNCER] Bad sensor item: {"room": "living_room_01", "type": "temperature", "value": 2 — 'ts'
2026-04-29 15:12:22 [WARNING][SYNCER] Bad sensor item: {"room": "living_room_01", "type": "humidity", "value": 42,  — 'ts'
2026-04-29 15:12:22 [WARNING][SYNCER] Bad sensor item: {"room": "living_room_01", "type": "temperature", "value": 2 — 'ts'
2026-04-29 15:12:22 [WARNING][SYNCER] Bad sensor item: {"room": "living_room_01", "type": "humidity", "value": 42,  — 'ts'
2026-04-29 15:12:22 [WARNING][SYNCER] Bad sensor item: {"room": "living_room_01", "type": "temperature", "value": 2 — 'ts'
2026-04-29 15:12:22 [WARNING][SYNCER] Bad sensor item: {"room": "living_room_01", "type": "humidity", "value": 42,  — 'ts'
2026-04-29 15:12:22 [WARNING][SYNCER] Bad sensor item: {"room": "living_room_01", "type": "temperature", "value": 2 — 'ts'
2026-04-29 15:12:22 [WARNING][SYNCER] Bad sensor item: {"room": "living_room_01", "type": "humidity", "value": 42,  — 'ts'
2026-04-29 15:12:22 [WARNING][SYNCER] Bad sensor item: {"room": "living_room_01", "type": "temperature", "value": 2 — 'ts'
2026-04-29 15:12:22 [WARNING][SYNCER] Bad sensor item: {"room": "living_room_01", "type": "humidity", "value": 42,  — 'ts'
2026-04-29 15:12:22 [WARNING][SYNCER] Bad sensor item: {"room": "living_room_01", "type": "temperature", "value": 2 — 'ts'
2026-04-29 15:12:22 [WARNING][SYNCER] Bad sensor item: {"room": "living_room_01", "type": "humidity", "value": 42,  — 'ts'
2026-04-29 15:12:22 [WARNING][SYNCER] Bad sensor item: {"room": "living_room_01", "type": "temperature", "value": 2 — 'ts'
2026-04-29 15:12:22 [WARNING][SYNCER] Bad sensor item: {"room": "living_room_01", "type": "humidity", "value": 42,  — 'ts'
2026-04-29 15:12:22 [WARNING][SYNCER] Bad sensor item: {"room": "living_room_01", "type": "temperature", "value": 2 — 'ts'
2026-04-29 15:12:22 [WARNING][SYNCER] Bad sensor item: {"room": "living_room_01", "type": "humidity", "value": 42,  — 'ts'
2026-04-29 15:12:22 [WARNING][SYNCER] Bad sensor item: {"room": "living_room_01", "type": "temperature", "value": 2 — 'ts'
2026-04-29 15:12:22 [WARNING][SYNCER] Bad sensor item: {"room": "living_room_01", "type": "humidity", "value": 42,  — 'ts'
2026-04-29 15:12:22 [WARNING][SYNCER] Bad sensor item: {"room": "living_room_01", "type": "temperature", "value": 2 — 'ts'
2026-04-29 15:12:22 [WARNING][SYNCER] Bad sensor item: {"room": "living_room_01", "type": "humidity", "value": 42,  — 'ts'
2026-04-29 15:12:22 [WARNING][SYNCER] Bad sensor item: {"room": "living_room_01", "type": "temperature", "value": 2 — 'ts'
2026-04-29 15:12:22 [WARNING][SYNCER] Bad sensor item: {"room": "living_room_01", "type": "humidity", "value": 42,  — 'ts'
2026-04-29 15:12:22 [WARNING][SYNCER] Bad sensor item: {"room": "living_room_01", "type": "temperature", "value": 2 — 'ts'
2026-04-29 15:12:22 [WARNING][SYNCER] Bad sensor item: {"room": "living_room_01", "type": "humidity", "value": 42,  — 'ts'
2026-04-29 15:12:22 [WARNING][SYNCER] Bad sensor item: {"room": "living_room_01", "type": "temperature", "value": 2 — 'ts'
2026-04-29 15:12:22 [WARNING][SYNCER] Bad sensor item: {"room": "living_room_01", "type": "humidity", "value": 42,  — 'ts'
2026-04-29 15:12:22 [WARNING][SYNCER] Bad sensor item: {"room": "living_room_01", "type": "temperature", "value": 2 — 'ts'
2026-04-29 15:12:22 [WARNING][SYNCER] Bad sensor item: {"room": "living_room_01", "type": "humidity", "value": 42,  — 'ts'
2026-04-29 15:12:22 [WARNING][SYNCER] Bad sensor item: {"room": "living_room_01", "type": "temperature", "value": 2 — 'ts'
2026-04-29 15:12:22 [WARNING][SYNCER] Bad sensor item: {"room": "living_room_01", "type": "humidity", "value": 42,  — 'ts'
2026-04-29 15:12:22 [WARNING][SYNCER] Bad sensor item: {"room": "living_room_01", "type": "temperature", "value": 2 — 'ts'
2026-04-29 15:12:22 [WARNING][SYNCER] Bad sensor item: {"room": "living_room_01", "type": "humidity", "value": 42,  — 'ts'
2026-04-29 15:12:22 [WARNING][SYNCER] Bad sensor item: {"room": "living_room_01", "type": "temperature", "value": 2 — 'ts'
2026-04-29 15:12:22 [WARNING][SYNCER] Bad sensor item: {"room": "living_room_01", "type": "humidity", "value": 42,  — 'ts'
2026-04-29 15:12:22 [WARNING][SYNCER] Bad sensor item: {"room": "living_room_01", "type": "temperature", "value": 2 — 'ts'
2026-04-29 15:12:22 [WARNING][SYNCER] Bad sensor item: {"room": "living_room_01", "type": "humidity", "value": 42,  — 'ts'
2026-04-29 15:12:22 [WARNING][SYNCER] Bad sensor item: {"room": "living_room_01", "type": "temperature", "value": 2 — 'ts'
2026-04-29 15:12:22 [WARNING][SYNCER] Bad sensor item: {"room": "living_room_01", "type": "humidity", "value": 42,  — 'ts'
2026-04-29 15:12:22 [WARNING][SYNCER] Bad sensor item: {"room": "living_room_01", "type": "temperature", "value": 2 — 'ts'
2026-04-29 15:12:22 [WARNING][SYNCER] Bad sensor item: {"room": "living_room_01", "type": "humidity", "value": 42,  — 'ts'
2026-04-29 15:12:22 [WARNING][SYNCER] Bad sensor item: {"room": "living_room_01", "type": "temperature", "value": 2 — 'ts'
2026-04-29 15:12:22 [WARNING][SYNCER] Bad sensor item: {"room": "living_room_01", "type": "humidity", "value": 42,  — 'ts'
2026-04-29 15:12:22 [WARNING][SYNCER] Bad sensor item: {"room": "living_room_01", "type": "temperature", "value": 2 — 'ts'
2026-04-29 15:12:22 [WARNING][SYNCER] Bad sensor item: {"room": "living_room_01", "type": "humidity", "value": 42,  — 'ts'
2026-04-29 15:12:22 [WARNING][SYNCER] Bad sensor item: {"room": "living_room_01", "type": "temperature", "value": 2 — 'ts'
2026-04-29 15:12:22 [WARNING][SYNCER] Bad sensor item: {"room": "living_room_01", "type": "humidity", "value": 42,  — 'ts'
2026-04-29 15:12:22 [WARNING][SYNCER] Bad sensor item: {"room": "living_room_01", "type": "temperature", "value": 2 — 'ts'
2026-04-29 15:12:22 [WARNING][SYNCER] Bad sensor item: {"room": "living_room_01", "type": "humidity", "value": 42,  — 'ts'
2026-04-29 15:12:22 [WARNING][SYNCER] Bad sensor item: {"room": "living_room_01", "type": "temperature", "value": 2 — 'ts'
2026-04-29 15:12:22 [WARNING][SYNCER] Bad sensor item: {"room": "living_room_01", "type": "humidity", "value": 42,  — 'ts'
2026-04-29 15:12:22 [INFO][SYNCER] DB rotated → /mnt/sd2/data/data_2026-04-29.db (mode: sd2)
2026-04-29 15:14:05 [INFO][SYNCER] SyncWorker starting...
2026-04-29 15:14:05 [INFO][SYNCER] Waiting for SD2 (timeout 300s before degraded mode)...
2026-04-29 15:14:06 [INFO][SYNCER] ==================================================
2026-04-29 15:14:06 [INFO][SYNCER] 🚀 firebase_sync.py starting — project: nhathongminh-14261
2026-04-29 15:14:06 [INFO][SYNCER] ==================================================
Exception in thread FirebaseSync:
Traceback (most recent call last):
  File "/usr/lib/python3.11/threading.py", line 1038, in _bootstrap_inner
    self.run()
  File "/usr/lib/python3.11/threading.py", line 975, in run
    self._target(*self._args, **self._kwargs)
  File "/home/pi/smarthome_prj/GATEWAY/workers/firebase_sync.py", line 601, in run
    main()
  File "/home/pi/smarthome_prj/GATEWAY/workers/firebase_sync.py", line 523, in main
    db_client = init_firebase()
                ^^^^^^^^^^^^^^^
  File "/home/pi/smarthome_prj/GATEWAY/workers/firebase_sync.py", line 73, in init_firebase
    cred = credentials.Certificate(SERVICE_ACCOUNT_FILE)
           ^^^^^^^^^^^^^^^^^^^^^^^^^^^^^^^^^^^^^^^^^^^^^
  File "/home/pi/smarthome_prj/GATEWAY/venv/lib/python3.11/site-packages/firebase_admin/credentials.py", line 98, in __init__
    json_data = json.load(json_file)
                ^^^^^^^^^^^^^^^^^^^^
  File "/usr/lib/python3.11/json/__init__.py", line 293, in load
    return loads(fp.read(),
           ^^^^^^^^^^^^^^^^
  File "/usr/lib/python3.11/json/__init__.py", line 346, in loads
    return _default_decoder.decode(s)
           ^^^^^^^^^^^^^^^^^^^^^^^^^^
  File "/usr/lib/python3.11/json/decoder.py", line 337, in decode
    obj, end = self.raw_decode(s, idx=_w(s, 0).end())
               ^^^^^^^^^^^^^^^^^^^^^^^^^^^^^^^^^^^^^^
  File "/usr/lib/python3.11/json/decoder.py", line 355, in raw_decode
    raise JSONDecodeError("Expecting value", s, err.value) from None
json.decoder.JSONDecodeError: Expecting value: line 1 column 1 (char 0)
=======================================================
  SmartHome Gateway — Starting
=======================================================
[MAIN] DB schema applied
[MAIN] DB init complete
[BUS] MessageBus started
[BUS] MQTT connected & subscribed
[WATCHDOG] Safety watchdog started
[BUS] Outbound loop started
[NET] RTC read error: Command '['sudo', 'hwclock', '-s']' returned non-zero exit status 1.
[NET] Network watchdog started
[NET] Internet: ON
[MAIN] FirebaseSync worker started
[MAIN] All workers started
[BRIDGE] Realtime bridge started
[AUTO] Cache loaded: 3 rules, 0 schedules
[SCHEDULER] Started
[API] Registered /api: auth
[API] Registered /api: sensors
[API] Registered /api: devices
[API] Registered /api: automation
[AUTO] Command listener started
[API] Registered /api: logs
[API] Registered /api: rfid
[API] Registered /api: wifi
[API] Registered /api: ota
[API] Registered /api: system
=======================================================
[MAIN] Gateway LIVE → http://0.0.0.0:5000/
[MAIN] API prefix:  http://0.0.0.0:5000/api/
=======================================================
 * Serving Flask app 'gateway_main'
 * Debug mode: off
2026-04-29 15:14:06 [INFO][SYNCER] [31m[1mWARNING: This is a development server. Do not use it in a production deployment. Use a production WSGI server instead.[0m
 * Running on all addresses (0.0.0.0)
 * Running on http://127.0.0.1:5000
 * Running on http://192.168.100.30:5000
2026-04-29 15:14:06 [INFO][SYNCER] [33mPress CTRL+C to quit[0m
2026-04-29 15:14:32 [INFO][SYNCER] SyncWorker starting...
2026-04-29 15:14:32 [INFO][SYNCER] Waiting for SD2 (timeout 300s before degraded mode)...
2026-04-29 15:14:33 [INFO][SYNCER] ==================================================
2026-04-29 15:14:33 [INFO][SYNCER] 🚀 firebase_sync.py starting — project: nhathongminh-14261
2026-04-29 15:14:33 [INFO][SYNCER] ==================================================
2026-04-29 15:14:33 [INFO][SYNCER] ✅ Firebase khởi tạo từ service account file
2026-04-29 15:14:33 [INFO][SYNCER] ✅ Redis connected at localhost:6379
=======================================================
  SmartHome Gateway — Starting
=======================================================
[MAIN] DB schema applied
[MAIN] DB init complete
[BUS] MQTT connected & subscribed
[BUS] MessageBus started
[WATCHDOG] Safety watchdog started
[BUS] Outbound loop started
[NET] RTC read error: Command '['sudo', 'hwclock', '-s']' returned non-zero exit status 1.
[NET] Network watchdog started
[NET] Internet: ON
[MAIN] FirebaseSync worker started
[MAIN] All workers started
[BRIDGE] Realtime bridge started
[AUTO] Cache loaded: 3 rules, 0 schedules
[SCHEDULER] Started
[API] Registered /api: auth
[API] Registered /api: sensors
[API] Registered /api: devices
[API] Registered /api: automation
[AUTO] Command listener started
[API] Registered /api: logs
[API] Registered /api: rfid
[API] Registered /api: wifi
[API] Registered /api: ota
[API] Registered /api: system
=======================================================
[MAIN] Gateway LIVE → http://0.0.0.0:5000/
[MAIN] API prefix:  http://0.0.0.0:5000/api/
=======================================================
 * Serving Flask app 'gateway_main'
 * Debug mode: off
2026-04-29 15:14:34 [INFO][SYNCER] [31m[1mWARNING: This is a development server. Do not use it in a production deployment. Use a production WSGI server instead.[0m
 * Running on all addresses (0.0.0.0)
 * Running on http://127.0.0.1:5000
 * Running on http://192.168.100.30:5000
2026-04-29 15:14:34 [INFO][SYNCER] [33mPress CTRL+C to quit[0m
2026-04-29 15:14:34 [ERROR][SYNCER] sync_rooms error: 403 Missing or insufficient permissions.
2026-04-29 15:14:34 [INFO][SYNCER] 📋 CommandDispatcher started
2026-04-29 15:14:34 [INFO][SYNCER] 🔌 Redis subscriber started
2026-04-29 15:14:34 [INFO][SYNCER] 🔄 Sensor flush loop started (interval: 180s)
2026-04-29 15:14:34 [ERROR][SYNCER] push_alert error: 403 Missing or insufficient permissions.
Thread-ConsumeBidirectionalStream caught unexpected exception Error 7:  Missing or insufficient permissions. and will exit.
google.api_core.exceptions.PermissionDenied: 403 Missing or insufficient permissions.

The above exception was the direct cause of the following exception:

Traceback (most recent call last):
  File "/home/pi/smarthome_prj/GATEWAY/venv/lib/python3.11/site-packages/google/api_core/bidi.py", line 647, in _thread_main
    self._on_response(response)
  File "/home/pi/smarthome_prj/GATEWAY/venv/lib/python3.11/site-packages/google/cloud/firestore_v1/watch.py", line 472, in on_snapshot
    meth(self, proto.target_change)
  File "/home/pi/smarthome_prj/GATEWAY/venv/lib/python3.11/site-packages/google/cloud/firestore_v1/watch.py", line 413, in _on_snapshot_target_change_remove
    raise RuntimeError(error_message) from exceptions.from_grpc_status(
RuntimeError: Error 7:  Missing or insufficient permissions.
Exception in thread Thread-OnRpcTerminated:
Traceback (most recent call last):
  File "/usr/lib/python3.11/threading.py", line 1038, in _bootstrap_inner
    self.run()
  File "/usr/lib/python3.11/threading.py", line 975, in run
    self._target(*self._args, **self._kwargs)
  File "/home/pi/smarthome_prj/GATEWAY/venv/lib/python3.11/site-packages/google/cloud/firestore_v1/watch.py", line 356, in close
    raise reason
google.api_core.exceptions.Cancelled: 499 Disconnecting idle stream. Timed out waiting for new targets.
2026-04-29 15:19:32 [INFO][SYNCER] SyncWorker running (storage: sd2)
2026-04-29 15:19:32 [WARNING][SYNCER] Bad sensor item: {"room": "living_room_01", "type": "temperature", "value": 2 — 'ts'
2026-04-29 15:19:32 [WARNING][SYNCER] Bad sensor item: {"room": "living_room_01", "type": "humidity", "value": 42,  — 'ts'
2026-04-29 15:19:32 [WARNING][SYNCER] Bad sensor item: {"room": "living_room_01", "type": "temperature", "value": 2 — 'ts'
2026-04-29 15:19:32 [WARNING][SYNCER] Bad sensor item: {"room": "living_room_01", "type": "humidity", "value": 42,  — 'ts'
2026-04-29 15:19:32 [WARNING][SYNCER] Bad sensor item: {"room": "living_room_01", "type": "temperature", "value": 2 — 'ts'
2026-04-29 15:19:32 [WARNING][SYNCER] Bad sensor item: {"room": "living_room_01", "type": "humidity", "value": 42,  — 'ts'
2026-04-29 15:19:32 [WARNING][SYNCER] Bad sensor item: {"room": "living_room_01", "type": "temperature", "value": 2 — 'ts'
2026-04-29 15:19:32 [WARNING][SYNCER] Bad sensor item: {"room": "living_room_01", "type": "humidity", "value": 42,  — 'ts'
2026-04-29 15:19:32 [WARNING][SYNCER] Bad sensor item: {"room": "living_room_01", "type": "temperature", "value": 2 — 'ts'
2026-04-29 15:19:32 [WARNING][SYNCER] Bad sensor item: {"room": "living_room_01", "type": "humidity", "value": 42,  — 'ts'
2026-04-29 15:19:32 [WARNING][SYNCER] Bad sensor item: {"room": "living_room_01", "type": "temperature", "value": 2 — 'ts'
2026-04-29 15:19:32 [WARNING][SYNCER] Bad sensor item: {"room": "living_room_01", "type": "humidity", "value": 42,  — 'ts'
2026-04-29 15:19:32 [WARNING][SYNCER] Bad sensor item: {"room": "living_room_01", "type": "temperature", "value": 2 — 'ts'
2026-04-29 15:19:32 [WARNING][SYNCER] Bad sensor item: {"room": "living_room_01", "type": "humidity", "value": 42,  — 'ts'
2026-04-29 15:19:32 [WARNING][SYNCER] Bad sensor item: {"room": "living_room_01", "type": "temperature", "value": 2 — 'ts'
2026-04-29 15:19:32 [WARNING][SYNCER] Bad sensor item: {"room": "living_room_01", "type": "humidity", "value": 42,  — 'ts'
2026-04-29 15:19:32 [WARNING][SYNCER] Bad sensor item: {"room": "living_room_01", "type": "temperature", "value": 2 — 'ts'
2026-04-29 15:19:32 [WARNING][SYNCER] Bad sensor item: {"room": "living_room_01", "type": "humidity", "value": 42,  — 'ts'
2026-04-29 15:19:32 [WARNING][SYNCER] Bad sensor item: {"room": "living_room_01", "type": "temperature", "value": 2 — 'ts'
2026-04-29 15:19:32 [WARNING][SYNCER] Bad sensor item: {"room": "living_room_01", "type": "humidity", "value": 42,  — 'ts'
2026-04-29 15:19:32 [WARNING][SYNCER] Bad sensor item: {"room": "living_room_01", "type": "temperature", "value": 2 — 'ts'
2026-04-29 15:19:32 [WARNING][SYNCER] Bad sensor item: {"room": "living_room_01", "type": "humidity", "value": 42,  — 'ts'
2026-04-29 15:19:32 [WARNING][SYNCER] Bad sensor item: {"room": "living_room_01", "type": "temperature", "value": 2 — 'ts'
2026-04-29 15:19:32 [WARNING][SYNCER] Bad sensor item: {"room": "living_room_01", "type": "humidity", "value": 42,  — 'ts'
2026-04-29 15:19:32 [WARNING][SYNCER] Bad sensor item: {"room": "living_room_01", "type": "temperature", "value": 2 — 'ts'
2026-04-29 15:19:32 [WARNING][SYNCER] Bad sensor item: {"room": "living_room_01", "type": "humidity", "value": 42,  — 'ts'
2026-04-29 15:19:32 [WARNING][SYNCER] Bad sensor item: {"room": "living_room_01", "type": "temperature", "value": 2 — 'ts'
2026-04-29 15:19:32 [WARNING][SYNCER] Bad sensor item: {"room": "living_room_01", "type": "humidity", "value": 42,  — 'ts'
2026-04-29 15:19:32 [WARNING][SYNCER] Bad sensor item: {"room": "living_room_01", "type": "temperature", "value": 2 — 'ts'
2026-04-29 15:19:32 [WARNING][SYNCER] Bad sensor item: {"room": "living_room_01", "type": "humidity", "value": 42,  — 'ts'
2026-04-29 15:19:32 [WARNING][SYNCER] Bad sensor item: {"room": "living_room_01", "type": "temperature", "value": 2 — 'ts'
2026-04-29 15:19:32 [WARNING][SYNCER] Bad sensor item: {"room": "living_room_01", "type": "humidity", "value": 42,  — 'ts'
2026-04-29 15:19:32 [WARNING][SYNCER] Bad sensor item: {"room": "living_room_01", "type": "temperature", "value": 2 — 'ts'
2026-04-29 15:19:32 [WARNING][SYNCER] Bad sensor item: {"room": "living_room_01", "type": "humidity", "value": 42,  — 'ts'
2026-04-29 15:19:32 [WARNING][SYNCER] Bad sensor item: {"room": "living_room_01", "type": "temperature", "value": 2 — 'ts'
2026-04-29 15:19:32 [WARNING][SYNCER] Bad sensor item: {"room": "living_room_01", "type": "humidity", "value": 42,  — 'ts'
2026-04-29 15:19:32 [WARNING][SYNCER] Bad sensor item: {"room": "living_room_01", "type": "temperature", "value": 2 — 'ts'
2026-04-29 15:19:32 [WARNING][SYNCER] Bad sensor item: {"room": "living_room_01", "type": "humidity", "value": 42,  — 'ts'
2026-04-29 15:19:32 [WARNING][SYNCER] Bad sensor item: {"room": "living_room_01", "type": "temperature", "value": 2 — 'ts'
2026-04-29 15:19:32 [WARNING][SYNCER] Bad sensor item: {"room": "living_room_01", "type": "humidity", "value": 42,  — 'ts'
2026-04-29 15:19:32 [WARNING][SYNCER] Bad sensor item: {"room": "living_room_01", "type": "temperature", "value": 2 — 'ts'
2026-04-29 15:19:32 [WARNING][SYNCER] Bad sensor item: {"room": "living_room_01", "type": "humidity", "value": 42,  — 'ts'
2026-04-29 15:19:32 [WARNING][SYNCER] Bad sensor item: {"room": "living_room_01", "type": "temperature", "value": 2 — 'ts'
2026-04-29 15:19:32 [WARNING][SYNCER] Bad sensor item: {"room": "living_room_01", "type": "humidity", "value": 42,  — 'ts'
2026-04-29 15:19:32 [WARNING][SYNCER] Bad sensor item: {"room": "living_room_01", "type": "temperature", "value": 2 — 'ts'
2026-04-29 15:19:32 [WARNING][SYNCER] Bad sensor item: {"room": "living_room_01", "type": "humidity", "value": 42,  — 'ts'
2026-04-29 15:19:32 [WARNING][SYNCER] Bad sensor item: {"room": "living_room_01", "type": "temperature", "value": 2 — 'ts'
2026-04-29 15:19:32 [WARNING][SYNCER] Bad sensor item: {"room": "living_room_01", "type": "humidity", "value": 42,  — 'ts'
2026-04-29 15:19:32 [WARNING][SYNCER] Bad sensor item: {"room": "living_room_01", "type": "temperature", "value": 2 — 'ts'
2026-04-29 15:19:32 [WARNING][SYNCER] Bad sensor item: {"room": "living_room_01", "type": "humidity", "value": 42,  — 'ts'
2026-04-29 15:19:32 [INFO][SYNCER] DB rotated → /mnt/sd2/data/data_2026-04-29.db (mode: sd2)
2026-04-29 15:20:13 [INFO][SYNCER] SyncWorker starting...
2026-04-29 15:20:13 [INFO][SYNCER] Waiting for SD2 (timeout 300s before degraded mode)...
2026-04-29 15:20:14 [INFO][SYNCER] ==================================================
2026-04-29 15:20:14 [INFO][SYNCER] 🚀 firebase_sync.py starting — project: nhathongminh-14261
2026-04-29 15:20:14 [INFO][SYNCER] ==================================================
2026-04-29 15:20:15 [INFO][SYNCER] ✅ Firebase khởi tạo từ service account file
2026-04-29 15:20:15 [INFO][SYNCER] ✅ Redis connected at localhost:6379
=======================================================
  SmartHome Gateway — Starting
=======================================================
[MAIN] DB schema applied
[MAIN] DB init complete
[BUS] MessageBus started
[BUS] MQTT connected & subscribed
[WATCHDOG] Safety watchdog started
[BUS] Outbound loop started
[NET] RTC read error: Command '['sudo', 'hwclock', '-s']' returned non-zero exit status 1.
[NET] Network watchdog started
[NET] Internet: ON
[MAIN] FirebaseSync worker started
[MAIN] All workers started
[BRIDGE] Realtime bridge started
[AUTO] Cache loaded: 3 rules, 0 schedules
[SCHEDULER] Started
[API] Registered /api: auth
[API] Registered /api: sensors
[API] Registered /api: devices
[API] Registered /api: automation
[API] Registered /api: logs
[API] Registered /api: rfid
[API] Registered /api: wifi
[AUTO] Command listener started
[API] Registered /api: ota
[API] Registered /api: system
=======================================================
[MAIN] Gateway LIVE → http://0.0.0.0:5000/
[MAIN] API prefix:  http://0.0.0.0:5000/api/
=======================================================
 * Serving Flask app 'gateway_main'
 * Debug mode: off
2026-04-29 15:20:15 [INFO][SYNCER] [31m[1mWARNING: This is a development server. Do not use it in a production deployment. Use a production WSGI server instead.[0m
 * Running on all addresses (0.0.0.0)
 * Running on http://127.0.0.1:5000
 * Running on http://192.168.100.30:5000
2026-04-29 15:20:15 [INFO][SYNCER] [33mPress CTRL+C to quit[0m
2026-04-29 15:20:15 [ERROR][SYNCER] sync_rooms error: 403 Missing or insufficient permissions.
2026-04-29 15:20:15 [INFO][SYNCER] 🔌 Redis subscriber started
2026-04-29 15:20:15 [INFO][SYNCER] 📋 CommandDispatcher started
2026-04-29 15:20:15 [INFO][SYNCER] 🔄 Sensor flush loop started (interval: 180s)
2026-04-29 15:20:15 [ERROR][SYNCER] push_alert error: 403 Missing or insufficient permissions.
Thread-ConsumeBidirectionalStream caught unexpected exception Error 7:  Missing or insufficient permissions. and will exit.
google.api_core.exceptions.PermissionDenied: 403 Missing or insufficient permissions.

The above exception was the direct cause of the following exception:

Traceback (most recent call last):
  File "/home/pi/smarthome_prj/GATEWAY/venv/lib/python3.11/site-packages/google/api_core/bidi.py", line 647, in _thread_main
    self._on_response(response)
  File "/home/pi/smarthome_prj/GATEWAY/venv/lib/python3.11/site-packages/google/cloud/firestore_v1/watch.py", line 472, in on_snapshot
    meth(self, proto.target_change)
  File "/home/pi/smarthome_prj/GATEWAY/venv/lib/python3.11/site-packages/google/cloud/firestore_v1/watch.py", line 413, in _on_snapshot_target_change_remove
    raise RuntimeError(error_message) from exceptions.from_grpc_status(
RuntimeError: Error 7:  Missing or insufficient permissions.
Exception in thread Thread-OnRpcTerminated:
Traceback (most recent call last):
  File "/usr/lib/python3.11/threading.py", line 1038, in _bootstrap_inner
    self.run()
  File "/usr/lib/python3.11/threading.py", line 975, in run
    self._target(*self._args, **self._kwargs)
  File "/home/pi/smarthome_prj/GATEWAY/venv/lib/python3.11/site-packages/google/cloud/firestore_v1/watch.py", line 356, in close
    raise reason
google.api_core.exceptions.Cancelled: 499 Disconnecting idle stream. Timed out waiting for new targets.
2026-04-29 15:23:49 [INFO][SYNCER] SyncWorker starting...
2026-04-29 15:23:49 [INFO][SYNCER] Waiting for SD2 (timeout 300s before degraded mode)...
2026-04-29 15:23:50 [INFO][SYNCER] ==================================================
2026-04-29 15:23:50 [INFO][SYNCER] 🚀 firebase_sync.py starting — project: nhathongminh-14261
2026-04-29 15:23:50 [INFO][SYNCER] ==================================================
2026-04-29 15:23:50 [INFO][SYNCER] ✅ Firebase khởi tạo từ service account file
2026-04-29 15:23:50 [INFO][SYNCER] ✅ Redis connected at localhost:6379
=======================================================
  SmartHome Gateway — Starting
=======================================================
[MAIN] DB schema applied
[MAIN] DB init complete
[BUS] MessageBus started
[BUS] MQTT connected & subscribed
[WATCHDOG] Safety watchdog started
[BUS] Outbound loop started
[NET] RTC read error: Command '['sudo', 'hwclock', '-s']' returned non-zero exit status 1.
[NET] Network watchdog started
[NET] Internet: ON
[MAIN] FirebaseSync worker started
[MAIN] All workers started
[BRIDGE] Realtime bridge started
[AUTO] Cache loaded: 3 rules, 0 schedules
[SCHEDULER] Started
[API] Registered /api: auth
[API] Registered /api: sensors
[API] Registered /api: devices
[API] Registered /api: automation
[API] Registered /api: logs
[API] Registered /api: rfid
[API] Registered /api: wifi
[AUTO] Command listener started
[API] Registered /api: ota
[API] Registered /api: system
=======================================================
[MAIN] Gateway LIVE → http://0.0.0.0:5000/
[MAIN] API prefix:  http://0.0.0.0:5000/api/
=======================================================
 * Serving Flask app 'gateway_main'
 * Debug mode: off
2026-04-29 15:23:50 [INFO][SYNCER] [31m[1mWARNING: This is a development server. Do not use it in a production deployment. Use a production WSGI server instead.[0m
 * Running on all addresses (0.0.0.0)
 * Running on http://127.0.0.1:5000
 * Running on http://192.168.100.30:5000
2026-04-29 15:23:50 [INFO][SYNCER] [33mPress CTRL+C to quit[0m
2026-04-29 15:23:51 [ERROR][SYNCER] sync_rooms error: 403 Missing or insufficient permissions.
2026-04-29 15:23:51 [INFO][SYNCER] 📋 CommandDispatcher started
2026-04-29 15:23:51 [INFO][SYNCER] 🔄 Sensor flush loop started (interval: 180s)
2026-04-29 15:23:51 [INFO][SYNCER] 🔌 Redis subscriber started
2026-04-29 15:23:51 [ERROR][SYNCER] push_alert error: 403 Missing or insufficient permissions.
Thread-ConsumeBidirectionalStream caught unexpected exception Error 7:  Missing or insufficient permissions. and will exit.
google.api_core.exceptions.PermissionDenied: 403 Missing or insufficient permissions.

The above exception was the direct cause of the following exception:

Traceback (most recent call last):
  File "/home/pi/smarthome_prj/GATEWAY/venv/lib/python3.11/site-packages/google/api_core/bidi.py", line 647, in _thread_main
    self._on_response(response)
  File "/home/pi/smarthome_prj/GATEWAY/venv/lib/python3.11/site-packages/google/cloud/firestore_v1/watch.py", line 472, in on_snapshot
    meth(self, proto.target_change)
  File "/home/pi/smarthome_prj/GATEWAY/venv/lib/python3.11/site-packages/google/cloud/firestore_v1/watch.py", line 413, in _on_snapshot_target_change_remove
    raise RuntimeError(error_message) from exceptions.from_grpc_status(
RuntimeError: Error 7:  Missing or insufficient permissions.
Exception in thread Thread-OnRpcTerminated:
Traceback (most recent call last):
  File "/usr/lib/python3.11/threading.py", line 1038, in _bootstrap_inner
    self.run()
  File "/usr/lib/python3.11/threading.py", line 975, in run
    self._target(*self._args, **self._kwargs)
  File "/home/pi/smarthome_prj/GATEWAY/venv/lib/python3.11/site-packages/google/cloud/firestore_v1/watch.py", line 356, in close
    raise reason
google.api_core.exceptions.Cancelled: 499 Disconnecting idle stream. Timed out waiting for new targets.
2026-04-29 15:28:10 [INFO][SYNCER] SyncWorker starting...
2026-04-29 15:28:10 [INFO][SYNCER] Waiting for SD2 (timeout 300s before degraded mode)...
2026-04-29 15:28:10 [INFO][SYNCER] ==================================================
2026-04-29 15:28:10 [INFO][SYNCER] 🚀 firebase_sync.py starting — project: nhathongminh-myhome
2026-04-29 15:28:10 [INFO][SYNCER] ==================================================
2026-04-29 15:28:11 [INFO][SYNCER] ✅ Firebase khởi tạo từ service account file
2026-04-29 15:28:11 [INFO][SYNCER] ✅ Redis connected at localhost:6379
=======================================================
  SmartHome Gateway — Starting
=======================================================
[MAIN] DB schema applied
[MAIN] DB init complete
[BUS] MessageBus started
[BUS] MQTT connected & subscribed
[WATCHDOG] Safety watchdog started
[BUS] Outbound loop started
[NET] RTC read error: Command '['sudo', 'hwclock', '-s']' returned non-zero exit status 1.
[NET] Network watchdog started
[NET] Internet: ON
[MAIN] FirebaseSync worker started
[MAIN] All workers started
[BRIDGE] Realtime bridge started
[AUTO] Cache loaded: 3 rules, 0 schedules
[SCHEDULER] Started
[API] Registered /api: auth
[API] Registered /api: sensors
[AUTO] Command listener started
[API] Registered /api: devices
[API] Registered /api: automation
[API] Registered /api: logs
[API] Registered /api: rfid
[API] Registered /api: wifi
[API] Registered /api: ota
[API] Registered /api: system
=======================================================
[MAIN] Gateway LIVE → http://0.0.0.0:5000/
[MAIN] API prefix:  http://0.0.0.0:5000/api/
=======================================================
 * Serving Flask app 'gateway_main'
 * Debug mode: off
2026-04-29 15:28:11 [INFO][SYNCER] [31m[1mWARNING: This is a development server. Do not use it in a production deployment. Use a production WSGI server instead.[0m
 * Running on all addresses (0.0.0.0)
 * Running on http://127.0.0.1:5000
 * Running on http://192.168.100.30:5000
2026-04-29 15:28:11 [INFO][SYNCER] [33mPress CTRL+C to quit[0m
2026-04-29 15:28:12 [INFO][SYNCER] ✅ Synced 3 rooms to Firebase (userId=UID_CUA_BAN)
2026-04-29 15:28:12 [INFO][SYNCER] 📋 CommandDispatcher started
2026-04-29 15:28:12 [INFO][SYNCER] 🔌 Redis subscriber started
2026-04-29 15:28:12 [INFO][SYNCER] 🔄 Sensor flush loop started (interval: 180s)
2026-04-29 15:31:12 [INFO][SYNCER] 📦 Batch pushed 60 sensor readings
2026-04-29 15:31:12 [INFO][SYNCER] ✅ Flushed 60 rows to Firestore
2026-04-29 15:33:10 [INFO][SYNCER] SyncWorker running (storage: sd2)
2026-04-29 15:33:10 [WARNING][SYNCER] Bad sensor item: {"room": "living_room_01", "type": "temperature", "value": 2 — 'ts'
2026-04-29 15:33:10 [WARNING][SYNCER] Bad sensor item: {"room": "living_room_01", "type": "humidity", "value": 42,  — 'ts'
2026-04-29 15:33:10 [WARNING][SYNCER] Bad sensor item: {"room": "living_room_01", "type": "temperature", "value": 2 — 'ts'
2026-04-29 15:33:10 [WARNING][SYNCER] Bad sensor item: {"room": "living_room_01", "type": "humidity", "value": 42,  — 'ts'
2026-04-29 15:33:10 [WARNING][SYNCER] Bad sensor item: {"room": "living_room_01", "type": "temperature", "value": 2 — 'ts'
2026-04-29 15:33:10 [WARNING][SYNCER] Bad sensor item: {"room": "living_room_01", "type": "humidity", "value": 42,  — 'ts'
2026-04-29 15:33:10 [WARNING][SYNCER] Bad sensor item: {"room": "living_room_01", "type": "temperature", "value": 2 — 'ts'
2026-04-29 15:33:10 [WARNING][SYNCER] Bad sensor item: {"room": "living_room_01", "type": "humidity", "value": 42,  — 'ts'
2026-04-29 15:33:10 [WARNING][SYNCER] Bad sensor item: {"room": "living_room_01", "type": "temperature", "value": 2 — 'ts'
2026-04-29 15:33:10 [WARNING][SYNCER] Bad sensor item: {"room": "living_room_01", "type": "humidity", "value": 42,  — 'ts'
2026-04-29 15:33:10 [WARNING][SYNCER] Bad sensor item: {"room": "living_room_01", "type": "temperature", "value": 2 — 'ts'
2026-04-29 15:33:10 [WARNING][SYNCER] Bad sensor item: {"room": "living_room_01", "type": "humidity", "value": 42,  — 'ts'
2026-04-29 15:33:10 [WARNING][SYNCER] Bad sensor item: {"room": "living_room_01", "type": "temperature", "value": 2 — 'ts'
2026-04-29 15:33:10 [WARNING][SYNCER] Bad sensor item: {"room": "living_room_01", "type": "humidity", "value": 42,  — 'ts'
2026-04-29 15:33:10 [WARNING][SYNCER] Bad sensor item: {"room": "living_room_01", "type": "temperature", "value": 2 — 'ts'
2026-04-29 15:33:10 [WARNING][SYNCER] Bad sensor item: {"room": "living_room_01", "type": "humidity", "value": 42,  — 'ts'
2026-04-29 15:33:10 [WARNING][SYNCER] Bad sensor item: {"room": "living_room_01", "type": "temperature", "value": 2 — 'ts'
2026-04-29 15:33:10 [WARNING][SYNCER] Bad sensor item: {"room": "living_room_01", "type": "humidity", "value": 42,  — 'ts'
2026-04-29 15:33:10 [WARNING][SYNCER] Bad sensor item: {"room": "living_room_01", "type": "temperature", "value": 2 — 'ts'
2026-04-29 15:33:10 [WARNING][SYNCER] Bad sensor item: {"room": "living_room_01", "type": "humidity", "value": 42,  — 'ts'
2026-04-29 15:33:10 [WARNING][SYNCER] Bad sensor item: {"room": "living_room_01", "type": "temperature", "value": 2 — 'ts'
2026-04-29 15:33:10 [WARNING][SYNCER] Bad sensor item: {"room": "living_room_01", "type": "humidity", "value": 42,  — 'ts'
2026-04-29 15:33:10 [WARNING][SYNCER] Bad sensor item: {"room": "living_room_01", "type": "temperature", "value": 2 — 'ts'
2026-04-29 15:33:10 [WARNING][SYNCER] Bad sensor item: {"room": "living_room_01", "type": "humidity", "value": 42,  — 'ts'
2026-04-29 15:33:10 [WARNING][SYNCER] Bad sensor item: {"room": "living_room_01", "type": "temperature", "value": 2 — 'ts'
2026-04-29 15:33:10 [WARNING][SYNCER] Bad sensor item: {"room": "living_room_01", "type": "humidity", "value": 42,  — 'ts'
2026-04-29 15:33:10 [WARNING][SYNCER] Bad sensor item: {"room": "living_room_01", "type": "temperature", "value": 2 — 'ts'
2026-04-29 15:33:10 [WARNING][SYNCER] Bad sensor item: {"room": "living_room_01", "type": "humidity", "value": 42,  — 'ts'
2026-04-29 15:33:10 [WARNING][SYNCER] Bad sensor item: {"room": "living_room_01", "type": "temperature", "value": 2 — 'ts'
2026-04-29 15:33:10 [WARNING][SYNCER] Bad sensor item: {"room": "living_room_01", "type": "humidity", "value": 42,  — 'ts'
2026-04-29 15:33:10 [WARNING][SYNCER] Bad sensor item: {"room": "living_room_01", "type": "temperature", "value": 2 — 'ts'
2026-04-29 15:33:10 [WARNING][SYNCER] Bad sensor item: {"room": "living_room_01", "type": "humidity", "value": 42,  — 'ts'
2026-04-29 15:33:10 [WARNING][SYNCER] Bad sensor item: {"room": "living_room_01", "type": "temperature", "value": 2 — 'ts'
2026-04-29 15:33:10 [WARNING][SYNCER] Bad sensor item: {"room": "living_room_01", "type": "humidity", "value": 42,  — 'ts'
2026-04-29 15:33:10 [WARNING][SYNCER] Bad sensor item: {"room": "living_room_01", "type": "temperature", "value": 2 — 'ts'
2026-04-29 15:33:10 [WARNING][SYNCER] Bad sensor item: {"room": "living_room_01", "type": "humidity", "value": 42,  — 'ts'
2026-04-29 15:33:10 [WARNING][SYNCER] Bad sensor item: {"room": "living_room_01", "type": "temperature", "value": 2 — 'ts'
2026-04-29 15:33:10 [WARNING][SYNCER] Bad sensor item: {"room": "living_room_01", "type": "humidity", "value": 42,  — 'ts'
2026-04-29 15:33:10 [WARNING][SYNCER] Bad sensor item: {"room": "living_room_01", "type": "temperature", "value": 2 — 'ts'
2026-04-29 15:33:10 [WARNING][SYNCER] Bad sensor item: {"room": "living_room_01", "type": "humidity", "value": 42,  — 'ts'
2026-04-29 15:33:10 [WARNING][SYNCER] Bad sensor item: {"room": "living_room_01", "type": "temperature", "value": 2 — 'ts'
2026-04-29 15:33:10 [WARNING][SYNCER] Bad sensor item: {"room": "living_room_01", "type": "humidity", "value": 42,  — 'ts'
2026-04-29 15:33:10 [WARNING][SYNCER] Bad sensor item: {"room": "living_room_01", "type": "temperature", "value": 2 — 'ts'
2026-04-29 15:33:10 [WARNING][SYNCER] Bad sensor item: {"room": "living_room_01", "type": "humidity", "value": 42,  — 'ts'
2026-04-29 15:33:10 [WARNING][SYNCER] Bad sensor item: {"room": "living_room_01", "type": "temperature", "value": 2 — 'ts'
2026-04-29 15:33:10 [WARNING][SYNCER] Bad sensor item: {"room": "living_room_01", "type": "humidity", "value": 42,  — 'ts'
2026-04-29 15:33:10 [WARNING][SYNCER] Bad sensor item: {"room": "living_room_01", "type": "temperature", "value": 2 — 'ts'
2026-04-29 15:33:10 [WARNING][SYNCER] Bad sensor item: {"room": "living_room_01", "type": "humidity", "value": 42,  — 'ts'
2026-04-29 15:33:10 [WARNING][SYNCER] Bad sensor item: {"room": "living_room_01", "type": "temperature", "value": 2 — 'ts'
2026-04-29 15:33:10 [WARNING][SYNCER] Bad sensor item: {"room": "living_room_01", "type": "humidity", "value": 42,  — 'ts'
2026-04-29 15:33:10 [INFO][SYNCER] DB rotated → /mnt/sd2/data/data_2026-04-29.db (mode: sd2)
2026-04-29 15:34:12 [INFO][SYNCER] 📦 Batch pushed 120 sensor readings
2026-04-29 15:34:12 [INFO][SYNCER] ✅ Flushed 120 rows to Firestore
2026-04-29 15:36:10 [WARNING][SYNCER] Bad sensor item: {"room": "living_room_01", "type": "temperature", "value": 2 — 'ts'
2026-04-29 15:36:10 [WARNING][SYNCER] Bad sensor item: {"room": "living_room_01", "type": "humidity", "value": 42,  — 'ts'
2026-04-29 15:36:10 [WARNING][SYNCER] Bad sensor item: {"room": "living_room_01", "type": "temperature", "value": 2 — 'ts'
2026-04-29 15:36:10 [WARNING][SYNCER] Bad sensor item: {"room": "living_room_01", "type": "humidity", "value": 42,  — 'ts'
2026-04-29 15:36:10 [WARNING][SYNCER] Bad sensor item: {"room": "living_room_01", "type": "temperature", "value": 2 — 'ts'
2026-04-29 15:36:10 [WARNING][SYNCER] Bad sensor item: {"room": "living_room_01", "type": "humidity", "value": 42,  — 'ts'
2026-04-29 15:36:10 [WARNING][SYNCER] Bad sensor item: {"room": "living_room_01", "type": "temperature", "value": 2 — 'ts'
2026-04-29 15:36:10 [WARNING][SYNCER] Bad sensor item: {"room": "living_room_01", "type": "humidity", "value": 42,  — 'ts'
2026-04-29 15:36:10 [WARNING][SYNCER] Bad sensor item: {"room": "living_room_01", "type": "temperature", "value": 2 — 'ts'
2026-04-29 15:36:10 [WARNING][SYNCER] Bad sensor item: {"room": "living_room_01", "type": "humidity", "value": 42,  — 'ts'
2026-04-29 15:36:10 [WARNING][SYNCER] Bad sensor item: {"room": "living_room_01", "type": "temperature", "value": 2 — 'ts'
2026-04-29 15:36:10 [WARNING][SYNCER] Bad sensor item: {"room": "living_room_01", "type": "humidity", "value": 42,  — 'ts'
2026-04-29 15:36:10 [WARNING][SYNCER] Bad sensor item: {"room": "living_room_01", "type": "temperature", "value": 2 — 'ts'
2026-04-29 15:36:10 [WARNING][SYNCER] Bad sensor item: {"room": "living_room_01", "type": "humidity", "value": 42,  — 'ts'
2026-04-29 15:36:10 [WARNING][SYNCER] Bad sensor item: {"room": "living_room_01", "type": "temperature", "value": 2 — 'ts'
2026-04-29 15:36:10 [WARNING][SYNCER] Bad sensor item: {"room": "living_room_01", "type": "humidity", "value": 42,  — 'ts'
2026-04-29 15:36:10 [WARNING][SYNCER] Bad sensor item: {"room": "living_room_01", "type": "temperature", "value": 2 — 'ts'
2026-04-29 15:36:10 [WARNING][SYNCER] Bad sensor item: {"room": "living_room_01", "type": "humidity", "value": 42,  — 'ts'
2026-04-29 15:36:10 [WARNING][SYNCER] Bad sensor item: {"room": "living_room_01", "type": "temperature", "value": 2 — 'ts'
2026-04-29 15:36:10 [WARNING][SYNCER] Bad sensor item: {"room": "living_room_01", "type": "humidity", "value": 42,  — 'ts'
2026-04-29 15:36:10 [WARNING][SYNCER] Bad sensor item: {"room": "living_room_01", "type": "temperature", "value": 2 — 'ts'
2026-04-29 15:36:10 [WARNING][SYNCER] Bad sensor item: {"room": "living_room_01", "type": "humidity", "value": 42,  — 'ts'
2026-04-29 15:36:10 [WARNING][SYNCER] Bad sensor item: {"room": "living_room_01", "type": "temperature", "value": 2 — 'ts'
2026-04-29 15:36:10 [WARNING][SYNCER] Bad sensor item: {"room": "living_room_01", "type": "humidity", "value": 42,  — 'ts'
2026-04-29 15:36:10 [WARNING][SYNCER] Bad sensor item: {"room": "living_room_01", "type": "temperature", "value": 2 — 'ts'
2026-04-29 15:36:10 [WARNING][SYNCER] Bad sensor item: {"room": "living_room_01", "type": "humidity", "value": 42,  — 'ts'
2026-04-29 15:36:10 [WARNING][SYNCER] Bad sensor item: {"room": "living_room_01", "type": "temperature", "value": 2 — 'ts'
2026-04-29 15:36:10 [WARNING][SYNCER] Bad sensor item: {"room": "living_room_01", "type": "humidity", "value": 42,  — 'ts'
2026-04-29 15:36:10 [WARNING][SYNCER] Bad sensor item: {"room": "living_room_01", "type": "temperature", "value": 2 — 'ts'
2026-04-29 15:36:10 [WARNING][SYNCER] Bad sensor item: {"room": "living_room_01", "type": "humidity", "value": 42,  — 'ts'
2026-04-29 15:36:10 [WARNING][SYNCER] Bad sensor item: {"room": "living_room_01", "type": "temperature", "value": 2 — 'ts'
2026-04-29 15:36:10 [WARNING][SYNCER] Bad sensor item: {"room": "living_room_01", "type": "humidity", "value": 42,  — 'ts'
2026-04-29 15:36:10 [WARNING][SYNCER] Bad sensor item: {"room": "living_room_01", "type": "temperature", "value": 2 — 'ts'
2026-04-29 15:36:10 [WARNING][SYNCER] Bad sensor item: {"room": "living_room_01", "type": "humidity", "value": 42,  — 'ts'
2026-04-29 15:36:10 [WARNING][SYNCER] Bad sensor item: {"room": "living_room_01", "type": "temperature", "value": 2 — 'ts'
2026-04-29 15:36:10 [WARNING][SYNCER] Bad sensor item: {"room": "living_room_01", "type": "humidity", "value": 42,  — 'ts'
2026-04-29 15:36:10 [WARNING][SYNCER] Bad sensor item: {"room": "living_room_01", "type": "temperature", "value": 2 — 'ts'
2026-04-29 15:36:10 [WARNING][SYNCER] Bad sensor item: {"room": "living_room_01", "type": "humidity", "value": 42,  — 'ts'
2026-04-29 15:36:10 [WARNING][SYNCER] Bad sensor item: {"room": "living_room_01", "type": "temperature", "value": 2 — 'ts'
2026-04-29 15:36:10 [WARNING][SYNCER] Bad sensor item: {"room": "living_room_01", "type": "humidity", "value": 42,  — 'ts'
2026-04-29 15:36:10 [WARNING][SYNCER] Bad sensor item: {"room": "living_room_01", "type": "temperature", "value": 2 — 'ts'
2026-04-29 15:36:10 [WARNING][SYNCER] Bad sensor item: {"room": "living_room_01", "type": "humidity", "value": 42,  — 'ts'
2026-04-29 15:36:10 [WARNING][SYNCER] Bad sensor item: {"room": "living_room_01", "type": "temperature", "value": 2 — 'ts'
2026-04-29 15:36:10 [WARNING][SYNCER] Bad sensor item: {"room": "living_room_01", "type": "humidity", "value": 42,  — 'ts'
2026-04-29 15:36:10 [WARNING][SYNCER] Bad sensor item: {"room": "living_room_01", "type": "temperature", "value": 2 — 'ts'
2026-04-29 15:36:10 [WARNING][SYNCER] Bad sensor item: {"room": "living_room_01", "type": "humidity", "value": 42,  — 'ts'
2026-04-29 15:36:10 [WARNING][SYNCER] Bad sensor item: {"room": "living_room_01", "type": "temperature", "value": 2 — 'ts'
2026-04-29 15:36:10 [WARNING][SYNCER] Bad sensor item: {"room": "living_room_01", "type": "humidity", "value": 42,  — 'ts'
2026-04-29 15:36:10 [WARNING][SYNCER] Bad sensor item: {"room": "living_room_01", "type": "temperature", "value": 2 — 'ts'
2026-04-29 15:36:10 [WARNING][SYNCER] Bad sensor item: {"room": "living_room_01", "type": "humidity", "value": 42,  — 'ts'
2026-04-29 15:37:13 [INFO][SYNCER] 📦 Batch pushed 144 sensor readings
2026-04-29 15:37:13 [INFO][SYNCER] ✅ Flushed 144 rows to Firestore
2026-04-29 15:39:11 [WARNING][SYNCER] Bad sensor item: {"room": "living_room_01", "type": "temperature", "value": 2 — 'ts'
2026-04-29 15:39:11 [WARNING][SYNCER] Bad sensor item: {"room": "living_room_01", "type": "humidity", "value": 42,  — 'ts'
2026-04-29 15:39:11 [WARNING][SYNCER] Bad sensor item: {"room": "living_room_01", "type": "temperature", "value": 2 — 'ts'
2026-04-29 15:39:11 [WARNING][SYNCER] Bad sensor item: {"room": "living_room_01", "type": "humidity", "value": 42,  — 'ts'
2026-04-29 15:39:11 [WARNING][SYNCER] Bad sensor item: {"room": "living_room_01", "type": "temperature", "value": 2 — 'ts'
2026-04-29 15:39:11 [WARNING][SYNCER] Bad sensor item: {"room": "living_room_01", "type": "humidity", "value": 42,  — 'ts'
2026-04-29 15:39:11 [WARNING][SYNCER] Bad sensor item: {"room": "living_room_01", "type": "temperature", "value": 2 — 'ts'
2026-04-29 15:39:11 [WARNING][SYNCER] Bad sensor item: {"room": "living_room_01", "type": "humidity", "value": 42,  — 'ts'
2026-04-29 15:39:11 [WARNING][SYNCER] Bad sensor item: {"room": "living_room_01", "type": "temperature", "value": 2 — 'ts'
2026-04-29 15:39:11 [WARNING][SYNCER] Bad sensor item: {"room": "living_room_01", "type": "humidity", "value": 42,  — 'ts'
2026-04-29 15:39:11 [WARNING][SYNCER] Bad sensor item: {"room": "living_room_01", "type": "temperature", "value": 2 — 'ts'
2026-04-29 15:39:11 [WARNING][SYNCER] Bad sensor item: {"room": "living_room_01", "type": "humidity", "value": 42,  — 'ts'
2026-04-29 15:39:11 [WARNING][SYNCER] Bad sensor item: {"room": "living_room_01", "type": "temperature", "value": 2 — 'ts'
2026-04-29 15:39:11 [WARNING][SYNCER] Bad sensor item: {"room": "living_room_01", "type": "humidity", "value": 42,  — 'ts'
2026-04-29 15:39:11 [WARNING][SYNCER] Bad sensor item: {"room": "living_room_01", "type": "temperature", "value": 2 — 'ts'
2026-04-29 15:39:11 [WARNING][SYNCER] Bad sensor item: {"room": "living_room_01", "type": "humidity", "value": 42,  — 'ts'
2026-04-29 15:39:11 [WARNING][SYNCER] Bad sensor item: {"room": "living_room_01", "type": "temperature", "value": 2 — 'ts'
2026-04-29 15:39:11 [WARNING][SYNCER] Bad sensor item: {"room": "living_room_01", "type": "humidity", "value": 42,  — 'ts'
2026-04-29 15:39:11 [WARNING][SYNCER] Bad sensor item: {"room": "living_room_01", "type": "temperature", "value": 2 — 'ts'
2026-04-29 15:39:11 [WARNING][SYNCER] Bad sensor item: {"room": "living_room_01", "type": "humidity", "value": 42,  — 'ts'
2026-04-29 15:39:11 [WARNING][SYNCER] Bad sensor item: {"room": "living_room_01", "type": "temperature", "value": 2 — 'ts'
2026-04-29 15:39:11 [WARNING][SYNCER] Bad sensor item: {"room": "living_room_01", "type": "humidity", "value": 42,  — 'ts'
2026-04-29 15:39:11 [WARNING][SYNCER] Bad sensor item: {"room": "living_room_01", "type": "temperature", "value": 2 — 'ts'
2026-04-29 15:39:11 [WARNING][SYNCER] Bad sensor item: {"room": "living_room_01", "type": "humidity", "value": 42,  — 'ts'
2026-04-29 15:39:11 [WARNING][SYNCER] Bad sensor item: {"room": "living_room_01", "type": "temperature", "value": 2 — 'ts'
2026-04-29 15:39:11 [WARNING][SYNCER] Bad sensor item: {"room": "living_room_01", "type": "humidity", "value": 42,  — 'ts'
2026-04-29 15:39:11 [WARNING][SYNCER] Bad sensor item: {"room": "living_room_01", "type": "temperature", "value": 2 — 'ts'
2026-04-29 15:39:11 [WARNING][SYNCER] Bad sensor item: {"room": "living_room_01", "type": "humidity", "value": 42,  — 'ts'
2026-04-29 15:39:11 [WARNING][SYNCER] Bad sensor item: {"room": "living_room_01", "type": "temperature", "value": 2 — 'ts'
2026-04-29 15:39:11 [WARNING][SYNCER] Bad sensor item: {"room": "living_room_01", "type": "humidity", "value": 42,  — 'ts'
2026-04-29 15:39:11 [WARNING][SYNCER] Bad sensor item: {"room": "living_room_01", "type": "temperature", "value": 2 — 'ts'
2026-04-29 15:39:11 [WARNING][SYNCER] Bad sensor item: {"room": "living_room_01", "type": "humidity", "value": 42,  — 'ts'
2026-04-29 15:39:11 [WARNING][SYNCER] Bad sensor item: {"room": "living_room_01", "type": "temperature", "value": 2 — 'ts'
2026-04-29 15:39:11 [WARNING][SYNCER] Bad sensor item: {"room": "living_room_01", "type": "humidity", "value": 42,  — 'ts'
2026-04-29 15:39:11 [WARNING][SYNCER] Bad sensor item: {"room": "living_room_01", "type": "temperature", "value": 2 — 'ts'
2026-04-29 15:39:11 [WARNING][SYNCER] Bad sensor item: {"room": "living_room_01", "type": "humidity", "value": 42,  — 'ts'
2026-04-29 15:39:11 [WARNING][SYNCER] Bad sensor item: {"room": "living_room_01", "type": "temperature", "value": 2 — 'ts'
2026-04-29 15:39:11 [WARNING][SYNCER] Bad sensor item: {"room": "living_room_01", "type": "humidity", "value": 42,  — 'ts'
2026-04-29 15:39:11 [WARNING][SYNCER] Bad sensor item: {"room": "living_room_01", "type": "temperature", "value": 2 — 'ts'
2026-04-29 15:39:11 [WARNING][SYNCER] Bad sensor item: {"room": "living_room_01", "type": "humidity", "value": 42,  — 'ts'
2026-04-29 15:39:11 [WARNING][SYNCER] Bad sensor item: {"room": "living_room_01", "type": "temperature", "value": 2 — 'ts'
2026-04-29 15:39:11 [WARNING][SYNCER] Bad sensor item: {"room": "living_room_01", "type": "humidity", "value": 42,  — 'ts'
2026-04-29 15:39:11 [WARNING][SYNCER] Bad sensor item: {"room": "living_room_01", "type": "temperature", "value": 2 — 'ts'
2026-04-29 15:39:11 [WARNING][SYNCER] Bad sensor item: {"room": "living_room_01", "type": "humidity", "value": 42,  — 'ts'
2026-04-29 15:39:11 [WARNING][SYNCER] Bad sensor item: {"room": "living_room_01", "type": "temperature", "value": 2 — 'ts'
2026-04-29 15:39:11 [WARNING][SYNCER] Bad sensor item: {"room": "living_room_01", "type": "humidity", "value": 42,  — 'ts'
2026-04-29 15:39:11 [WARNING][SYNCER] Bad sensor item: {"room": "living_room_01", "type": "temperature", "value": 2 — 'ts'
2026-04-29 15:39:11 [WARNING][SYNCER] Bad sensor item: {"room": "living_room_01", "type": "humidity", "value": 42,  — 'ts'
2026-04-29 15:39:11 [WARNING][SYNCER] Bad sensor item: {"room": "living_room_01", "type": "temperature", "value": 2 — 'ts'
2026-04-29 15:39:11 [WARNING][SYNCER] Bad sensor item: {"room": "living_room_01", "type": "humidity", "value": 42,  — 'ts'
2026-04-29 15:40:14 [INFO][SYNCER] 📦 Batch pushed 148 sensor readings
2026-04-29 15:40:14 [INFO][SYNCER] ✅ Flushed 148 rows to Firestore
2026-04-29 15:55:57 [INFO][SYNCER] SyncWorker starting...
2026-04-29 15:55:57 [INFO][SYNCER] Waiting for SD2 (timeout 300s before degraded mode)...
2026-04-29 15:55:57 [INFO][SYNCER] ==================================================
2026-04-29 15:55:57 [INFO][SYNCER] 🚀 firebase_sync.py starting — project: nhathongminh-myhome
2026-04-29 15:55:57 [INFO][SYNCER] ==================================================
2026-04-29 15:55:58 [INFO][SYNCER] ✅ Firebase khởi tạo từ service account file
2026-04-29 15:55:58 [INFO][SYNCER] ✅ Redis connected at localhost:6379
=======================================================
  SmartHome Gateway — Starting
=======================================================
[MAIN] DB schema applied
[MAIN] DB init complete
[BUS] MessageBus started
[BUS] MQTT connected & subscribed
[WATCHDOG] Safety watchdog started
[BUS] Outbound loop started
[NET] RTC read error: Command '['sudo', 'hwclock', '-s']' returned non-zero exit status 1.
[NET] Network watchdog started
[NET] Internet: ON
[MAIN] FirebaseSync worker started
[MAIN] All workers started
[BRIDGE] Realtime bridge started
[AUTO] Cache loaded: 3 rules, 0 schedules
[SCHEDULER] Started
[API] Registered /api: auth
[API] Registered /api: sensors
[API] Registered /api: devices
[API] Registered /api: automation
[API] Registered /api: logs
[API] Registered /api: rfid
[API] Registered /api: wifi
[AUTO] Command listener started
[API] Registered /api: ota
[API] Registered /api: system
=======================================================
[MAIN] Gateway LIVE → http://0.0.0.0:5000/
[MAIN] API prefix:  http://0.0.0.0:5000/api/
=======================================================
 * Serving Flask app 'gateway_main'
 * Debug mode: off
2026-04-29 15:55:58 [INFO][SYNCER] [31m[1mWARNING: This is a development server. Do not use it in a production deployment. Use a production WSGI server instead.[0m
 * Running on all addresses (0.0.0.0)
 * Running on http://127.0.0.1:5000
 * Running on http://192.168.100.30:5000
2026-04-29 15:55:58 [INFO][SYNCER] [33mPress CTRL+C to quit[0m
2026-04-29 15:55:59 [INFO][SYNCER] ✅ Synced 3 rooms to Firebase (userId=UID_CUA_BAN)
2026-04-29 15:55:59 [INFO][SYNCER] 🔌 Redis subscriber started
2026-04-29 15:55:59 [INFO][SYNCER] 📋 CommandDispatcher started
2026-04-29 15:55:59 [INFO][SYNCER] 🔄 Sensor flush loop started (interval: 180s)
2026-04-29 15:58:59 [INFO][SYNCER] 📦 Batch pushed 124 sensor readings
2026-04-29 15:58:59 [INFO][SYNCER] ✅ Flushed 124 rows to Firestore
2026-04-29 16:00:57 [INFO][SYNCER] SyncWorker running (storage: sd2)
2026-04-29 16:00:57 [WARNING][SYNCER] Bad sensor item: {"room": "living_room_01", "type": "temperature", "value": 2 — 'ts'
2026-04-29 16:00:57 [WARNING][SYNCER] Bad sensor item: {"room": "living_room_01", "type": "humidity", "value": 42,  — 'ts'
2026-04-29 16:00:57 [WARNING][SYNCER] Bad sensor item: {"room": "living_room_01", "type": "temperature", "value": 2 — 'ts'
2026-04-29 16:00:57 [WARNING][SYNCER] Bad sensor item: {"room": "living_room_01", "type": "humidity", "value": 42,  — 'ts'
2026-04-29 16:00:57 [WARNING][SYNCER] Bad sensor item: {"room": "living_room_01", "type": "temperature", "value": 2 — 'ts'
2026-04-29 16:00:57 [WARNING][SYNCER] Bad sensor item: {"room": "living_room_01", "type": "humidity", "value": 42,  — 'ts'
2026-04-29 16:00:57 [WARNING][SYNCER] Bad sensor item: {"room": "living_room_01", "type": "temperature", "value": 2 — 'ts'
2026-04-29 16:00:57 [WARNING][SYNCER] Bad sensor item: {"room": "living_room_01", "type": "humidity", "value": 42,  — 'ts'
2026-04-29 16:00:57 [WARNING][SYNCER] Bad sensor item: {"room": "living_room_01", "type": "temperature", "value": 2 — 'ts'
2026-04-29 16:00:57 [WARNING][SYNCER] Bad sensor item: {"room": "living_room_01", "type": "humidity", "value": 42,  — 'ts'
2026-04-29 16:00:57 [WARNING][SYNCER] Bad sensor item: {"room": "living_room_01", "type": "temperature", "value": 2 — 'ts'
2026-04-29 16:00:57 [WARNING][SYNCER] Bad sensor item: {"room": "living_room_01", "type": "humidity", "value": 42,  — 'ts'
2026-04-29 16:00:57 [WARNING][SYNCER] Bad sensor item: {"room": "living_room_01", "type": "temperature", "value": 2 — 'ts'
2026-04-29 16:00:57 [WARNING][SYNCER] Bad sensor item: {"room": "living_room_01", "type": "humidity", "value": 42,  — 'ts'
2026-04-29 16:00:57 [WARNING][SYNCER] Bad sensor item: {"room": "living_room_01", "type": "temperature", "value": 2 — 'ts'
2026-04-29 16:00:57 [WARNING][SYNCER] Bad sensor item: {"room": "living_room_01", "type": "humidity", "value": 42,  — 'ts'
2026-04-29 16:00:57 [WARNING][SYNCER] Bad sensor item: {"room": "living_room_01", "type": "temperature", "value": 2 — 'ts'
2026-04-29 16:00:57 [WARNING][SYNCER] Bad sensor item: {"room": "living_room_01", "type": "humidity", "value": 42,  — 'ts'
2026-04-29 16:00:57 [WARNING][SYNCER] Bad sensor item: {"room": "living_room_01", "type": "temperature", "value": 2 — 'ts'
2026-04-29 16:00:57 [WARNING][SYNCER] Bad sensor item: {"room": "living_room_01", "type": "humidity", "value": 42,  — 'ts'
2026-04-29 16:00:57 [WARNING][SYNCER] Bad sensor item: {"room": "living_room_01", "type": "temperature", "value": 2 — 'ts'
2026-04-29 16:00:57 [WARNING][SYNCER] Bad sensor item: {"room": "living_room_01", "type": "humidity", "value": 42,  — 'ts'
2026-04-29 16:00:57 [WARNING][SYNCER] Bad sensor item: {"room": "living_room_01", "type": "temperature", "value": 2 — 'ts'
2026-04-29 16:00:57 [WARNING][SYNCER] Bad sensor item: {"room": "living_room_01", "type": "humidity", "value": 42,  — 'ts'
2026-04-29 16:00:57 [WARNING][SYNCER] Bad sensor item: {"room": "living_room_01", "type": "temperature", "value": 2 — 'ts'
2026-04-29 16:00:57 [WARNING][SYNCER] Bad sensor item: {"room": "living_room_01", "type": "humidity", "value": 42,  — 'ts'
2026-04-29 16:00:57 [WARNING][SYNCER] Bad sensor item: {"room": "living_room_01", "type": "temperature", "value": 2 — 'ts'
2026-04-29 16:00:57 [WARNING][SYNCER] Bad sensor item: {"room": "living_room_01", "type": "humidity", "value": 42,  — 'ts'
2026-04-29 16:00:57 [WARNING][SYNCER] Bad sensor item: {"room": "living_room_01", "type": "temperature", "value": 2 — 'ts'
2026-04-29 16:00:57 [WARNING][SYNCER] Bad sensor item: {"room": "living_room_01", "type": "humidity", "value": 42,  — 'ts'
2026-04-29 16:00:57 [WARNING][SYNCER] Bad sensor item: {"room": "living_room_01", "type": "temperature", "value": 2 — 'ts'
2026-04-29 16:00:57 [WARNING][SYNCER] Bad sensor item: {"room": "living_room_01", "type": "humidity", "value": 42,  — 'ts'
2026-04-29 16:00:57 [WARNING][SYNCER] Bad sensor item: {"room": "living_room_01", "type": "temperature", "value": 2 — 'ts'
2026-04-29 16:00:57 [WARNING][SYNCER] Bad sensor item: {"room": "living_room_01", "type": "humidity", "value": 42,  — 'ts'
2026-04-29 16:00:57 [WARNING][SYNCER] Bad sensor item: {"room": "living_room_01", "type": "temperature", "value": 2 — 'ts'
2026-04-29 16:00:57 [WARNING][SYNCER] Bad sensor item: {"room": "living_room_01", "type": "humidity", "value": 42,  — 'ts'
2026-04-29 16:00:57 [WARNING][SYNCER] Bad sensor item: {"room": "living_room_01", "type": "temperature", "value": 2 — 'ts'
2026-04-29 16:00:57 [WARNING][SYNCER] Bad sensor item: {"room": "living_room_01", "type": "humidity", "value": 42,  — 'ts'
2026-04-29 16:00:57 [WARNING][SYNCER] Bad sensor item: {"room": "living_room_01", "type": "temperature", "value": 2 — 'ts'
2026-04-29 16:00:57 [WARNING][SYNCER] Bad sensor item: {"room": "living_room_01", "type": "humidity", "value": 42,  — 'ts'
2026-04-29 16:00:57 [WARNING][SYNCER] Bad sensor item: {"room": "living_room_01", "type": "temperature", "value": 2 — 'ts'
2026-04-29 16:00:57 [WARNING][SYNCER] Bad sensor item: {"room": "living_room_01", "type": "humidity", "value": 42,  — 'ts'
2026-04-29 16:00:57 [WARNING][SYNCER] Bad sensor item: {"room": "living_room_01", "type": "temperature", "value": 2 — 'ts'
2026-04-29 16:00:57 [WARNING][SYNCER] Bad sensor item: {"room": "living_room_01", "type": "humidity", "value": 42,  — 'ts'
2026-04-29 16:00:57 [WARNING][SYNCER] Bad sensor item: {"room": "living_room_01", "type": "temperature", "value": 2 — 'ts'
2026-04-29 16:00:57 [WARNING][SYNCER] Bad sensor item: {"room": "living_room_01", "type": "humidity", "value": 42,  — 'ts'
2026-04-29 16:00:57 [WARNING][SYNCER] Bad sensor item: {"room": "living_room_01", "type": "temperature", "value": 2 — 'ts'
2026-04-29 16:00:57 [WARNING][SYNCER] Bad sensor item: {"room": "living_room_01", "type": "humidity", "value": 42,  — 'ts'
2026-04-29 16:00:57 [WARNING][SYNCER] Bad sensor item: {"room": "living_room_01", "type": "temperature", "value": 2 — 'ts'
2026-04-29 16:00:57 [WARNING][SYNCER] Bad sensor item: {"room": "living_room_01", "type": "humidity", "value": 42,  — 'ts'
2026-04-29 16:00:57 [INFO][SYNCER] DB rotated → /mnt/sd2/data/data_2026-04-29.db (mode: sd2)
2026-04-29 16:01:59 [INFO][SYNCER] 📦 Batch pushed 72 sensor readings
2026-04-29 16:01:59 [INFO][SYNCER] ✅ Flushed 72 rows to Firestore
2026-04-29 16:03:57 [WARNING][SYNCER] Bad sensor item: {"room": "living_room_01", "type": "temperature", "value": 2 — 'ts'
2026-04-29 16:03:57 [WARNING][SYNCER] Bad sensor item: {"room": "living_room_01", "type": "humidity", "value": 42,  — 'ts'
2026-04-29 16:03:57 [WARNING][SYNCER] Bad sensor item: {"room": "living_room_01", "type": "temperature", "value": 2 — 'ts'
2026-04-29 16:03:57 [WARNING][SYNCER] Bad sensor item: {"room": "living_room_01", "type": "humidity", "value": 42,  — 'ts'
2026-04-29 16:03:57 [WARNING][SYNCER] Bad sensor item: {"room": "living_room_01", "type": "temperature", "value": 2 — 'ts'
2026-04-29 16:03:57 [WARNING][SYNCER] Bad sensor item: {"room": "living_room_01", "type": "humidity", "value": 42,  — 'ts'
2026-04-29 16:03:57 [WARNING][SYNCER] Bad sensor item: {"room": "living_room_01", "type": "temperature", "value": 2 — 'ts'
2026-04-29 16:03:57 [WARNING][SYNCER] Bad sensor item: {"room": "living_room_01", "type": "humidity", "value": 42,  — 'ts'
2026-04-29 16:03:57 [WARNING][SYNCER] Bad sensor item: {"room": "living_room_01", "type": "temperature", "value": 2 — 'ts'
2026-04-29 16:03:57 [WARNING][SYNCER] Bad sensor item: {"room": "living_room_01", "type": "humidity", "value": 42,  — 'ts'
2026-04-29 16:03:57 [WARNING][SYNCER] Bad sensor item: {"room": "living_room_01", "type": "temperature", "value": 2 — 'ts'
2026-04-29 16:03:57 [WARNING][SYNCER] Bad sensor item: {"room": "living_room_01", "type": "humidity", "value": 42,  — 'ts'
2026-04-29 16:03:57 [WARNING][SYNCER] Bad sensor item: {"room": "living_room_01", "type": "temperature", "value": 2 — 'ts'
2026-04-29 16:03:57 [WARNING][SYNCER] Bad sensor item: {"room": "living_room_01", "type": "humidity", "value": 42,  — 'ts'
2026-04-29 16:03:57 [WARNING][SYNCER] Bad sensor item: {"room": "living_room_01", "type": "temperature", "value": 2 — 'ts'
2026-04-29 16:03:57 [WARNING][SYNCER] Bad sensor item: {"room": "living_room_01", "type": "humidity", "value": 42,  — 'ts'
2026-04-29 16:03:57 [WARNING][SYNCER] Bad sensor item: {"room": "living_room_01", "type": "temperature", "value": 2 — 'ts'
2026-04-29 16:03:57 [WARNING][SYNCER] Bad sensor item: {"room": "living_room_01", "type": "humidity", "value": 42,  — 'ts'
2026-04-29 16:03:57 [WARNING][SYNCER] Bad sensor item: {"room": "living_room_01", "type": "temperature", "value": 2 — 'ts'
2026-04-29 16:03:57 [WARNING][SYNCER] Bad sensor item: {"room": "living_room_01", "type": "humidity", "value": 42,  — 'ts'
2026-04-29 16:03:57 [WARNING][SYNCER] Bad sensor item: {"room": "living_room_01", "type": "temperature", "value": 2 — 'ts'
2026-04-29 16:03:57 [WARNING][SYNCER] Bad sensor item: {"room": "living_room_01", "type": "humidity", "value": 42,  — 'ts'
2026-04-29 16:03:57 [WARNING][SYNCER] Bad sensor item: {"room": "living_room_01", "type": "temperature", "value": 2 — 'ts'
2026-04-29 16:03:57 [WARNING][SYNCER] Bad sensor item: {"room": "living_room_01", "type": "humidity", "value": 42,  — 'ts'
2026-04-29 16:03:57 [WARNING][SYNCER] Bad sensor item: {"room": "living_room_01", "type": "temperature", "value": 2 — 'ts'
2026-04-29 16:03:57 [WARNING][SYNCER] Bad sensor item: {"room": "living_room_01", "type": "humidity", "value": 42,  — 'ts'
2026-04-29 16:03:57 [WARNING][SYNCER] Bad sensor item: {"room": "living_room_01", "type": "temperature", "value": 2 — 'ts'
2026-04-29 16:03:57 [WARNING][SYNCER] Bad sensor item: {"room": "living_room_01", "type": "humidity", "value": 42,  — 'ts'
2026-04-29 16:03:57 [WARNING][SYNCER] Bad sensor item: {"room": "living_room_01", "type": "temperature", "value": 2 — 'ts'
2026-04-29 16:03:57 [WARNING][SYNCER] Bad sensor item: {"room": "living_room_01", "type": "humidity", "value": 42,  — 'ts'
2026-04-29 16:03:57 [WARNING][SYNCER] Bad sensor item: {"room": "living_room_01", "type": "temperature", "value": 2 — 'ts'
2026-04-29 16:03:57 [WARNING][SYNCER] Bad sensor item: {"room": "living_room_01", "type": "humidity", "value": 42,  — 'ts'
2026-04-29 16:03:57 [WARNING][SYNCER] Bad sensor item: {"room": "living_room_01", "type": "temperature", "value": 2 — 'ts'
2026-04-29 16:03:57 [WARNING][SYNCER] Bad sensor item: {"room": "living_room_01", "type": "humidity", "value": 42,  — 'ts'
2026-04-29 16:03:57 [WARNING][SYNCER] Bad sensor item: {"room": "living_room_01", "type": "temperature", "value": 2 — 'ts'
2026-04-29 16:03:57 [WARNING][SYNCER] Bad sensor item: {"room": "living_room_01", "type": "humidity", "value": 42,  — 'ts'
2026-04-29 16:03:57 [WARNING][SYNCER] Bad sensor item: {"room": "living_room_01", "type": "temperature", "value": 2 — 'ts'
2026-04-29 16:03:57 [WARNING][SYNCER] Bad sensor item: {"room": "living_room_01", "type": "humidity", "value": 42,  — 'ts'
2026-04-29 16:03:57 [WARNING][SYNCER] Bad sensor item: {"room": "living_room_01", "type": "temperature", "value": 2 — 'ts'
2026-04-29 16:03:57 [WARNING][SYNCER] Bad sensor item: {"room": "living_room_01", "type": "humidity", "value": 42,  — 'ts'
2026-04-29 16:03:57 [WARNING][SYNCER] Bad sensor item: {"room": "living_room_01", "type": "temperature", "value": 2 — 'ts'
2026-04-29 16:03:57 [WARNING][SYNCER] Bad sensor item: {"room": "living_room_01", "type": "humidity", "value": 42,  — 'ts'
2026-04-29 16:03:57 [WARNING][SYNCER] Bad sensor item: {"room": "living_room_01", "type": "temperature", "value": 2 — 'ts'
2026-04-29 16:03:57 [WARNING][SYNCER] Bad sensor item: {"room": "living_room_01", "type": "humidity", "value": 42,  — 'ts'
2026-04-29 16:03:57 [WARNING][SYNCER] Bad sensor item: {"room": "living_room_01", "type": "temperature", "value": 2 — 'ts'
2026-04-29 16:03:57 [WARNING][SYNCER] Bad sensor item: {"room": "living_room_01", "type": "humidity", "value": 42,  — 'ts'
2026-04-29 16:03:57 [WARNING][SYNCER] Bad sensor item: {"room": "living_room_01", "type": "temperature", "value": 2 — 'ts'
2026-04-29 16:03:57 [WARNING][SYNCER] Bad sensor item: {"room": "living_room_01", "type": "humidity", "value": 42,  — 'ts'
2026-04-29 16:03:57 [WARNING][SYNCER] Bad sensor item: {"room": "living_room_01", "type": "temperature", "value": 2 — 'ts'
2026-04-29 16:03:57 [WARNING][SYNCER] Bad sensor item: {"room": "living_room_01", "type": "humidity", "value": 42,  — 'ts'
2026-04-29 16:05:00 [INFO][SYNCER] 📦 Batch pushed 26 sensor readings
2026-04-29 16:05:00 [INFO][SYNCER] ✅ Flushed 26 rows to Firestore
2026-04-29 16:06:58 [WARNING][SYNCER] Bad sensor item: {"room": "living_room_01", "type": "temperature", "value": 2 — 'ts'
2026-04-29 16:06:58 [WARNING][SYNCER] Bad sensor item: {"room": "living_room_01", "type": "humidity", "value": 42,  — 'ts'
2026-04-29 16:06:58 [WARNING][SYNCER] Bad sensor item: {"room": "living_room_01", "type": "temperature", "value": 2 — 'ts'
2026-04-29 16:06:58 [WARNING][SYNCER] Bad sensor item: {"room": "living_room_01", "type": "humidity", "value": 42,  — 'ts'
2026-04-29 16:06:58 [WARNING][SYNCER] Bad sensor item: {"room": "living_room_01", "type": "temperature", "value": 2 — 'ts'
2026-04-29 16:06:58 [WARNING][SYNCER] Bad sensor item: {"room": "living_room_01", "type": "humidity", "value": 42,  — 'ts'
2026-04-29 16:06:58 [WARNING][SYNCER] Bad sensor item: {"room": "living_room_01", "type": "temperature", "value": 2 — 'ts'
2026-04-29 16:06:58 [WARNING][SYNCER] Bad sensor item: {"room": "living_room_01", "type": "humidity", "value": 42,  — 'ts'
2026-04-29 16:06:58 [WARNING][SYNCER] Bad sensor item: {"room": "living_room_01", "type": "temperature", "value": 2 — 'ts'
2026-04-29 16:06:58 [WARNING][SYNCER] Bad sensor item: {"room": "living_room_01", "type": "humidity", "value": 42,  — 'ts'
2026-04-29 16:06:58 [WARNING][SYNCER] Bad sensor item: {"room": "living_room_01", "type": "temperature", "value": 2 — 'ts'
2026-04-29 16:06:58 [WARNING][SYNCER] Bad sensor item: {"room": "living_room_01", "type": "humidity", "value": 42,  — 'ts'
2026-04-29 16:06:58 [WARNING][SYNCER] Bad sensor item: {"room": "living_room_01", "type": "temperature", "value": 2 — 'ts'
2026-04-29 16:06:58 [WARNING][SYNCER] Bad sensor item: {"room": "living_room_01", "type": "humidity", "value": 42,  — 'ts'
2026-04-29 16:06:58 [WARNING][SYNCER] Bad sensor item: {"room": "living_room_01", "type": "temperature", "value": 2 — 'ts'
2026-04-29 16:06:58 [WARNING][SYNCER] Bad sensor item: {"room": "living_room_01", "type": "humidity", "value": 42,  — 'ts'
2026-04-29 16:06:58 [WARNING][SYNCER] Bad sensor item: {"room": "living_room_01", "type": "temperature", "value": 2 — 'ts'
2026-04-29 16:06:58 [WARNING][SYNCER] Bad sensor item: {"room": "living_room_01", "type": "humidity", "value": 42,  — 'ts'
2026-04-29 16:06:58 [WARNING][SYNCER] Bad sensor item: {"room": "living_room_01", "type": "temperature", "value": 2 — 'ts'
2026-04-29 16:06:58 [WARNING][SYNCER] Bad sensor item: {"room": "living_room_01", "type": "humidity", "value": 42,  — 'ts'
2026-04-29 16:06:58 [WARNING][SYNCER] Bad sensor item: {"room": "living_room_01", "type": "temperature", "value": 2 — 'ts'
2026-04-29 16:06:58 [WARNING][SYNCER] Bad sensor item: {"room": "living_room_01", "type": "humidity", "value": 42,  — 'ts'
2026-04-29 16:06:58 [WARNING][SYNCER] Bad sensor item: {"room": "living_room_01", "type": "temperature", "value": 2 — 'ts'
2026-04-29 16:06:58 [WARNING][SYNCER] Bad sensor item: {"room": "living_room_01", "type": "humidity", "value": 42,  — 'ts'
2026-04-29 16:06:58 [WARNING][SYNCER] Bad sensor item: {"room": "living_room_01", "type": "temperature", "value": 2 — 'ts'
2026-04-29 16:06:58 [WARNING][SYNCER] Bad sensor item: {"room": "living_room_01", "type": "humidity", "value": 42,  — 'ts'
2026-04-29 16:06:58 [WARNING][SYNCER] Bad sensor item: {"room": "living_room_01", "type": "temperature", "value": 2 — 'ts'
2026-04-29 16:06:58 [WARNING][SYNCER] Bad sensor item: {"room": "living_room_01", "type": "humidity", "value": 42,  — 'ts'
2026-04-29 16:06:58 [WARNING][SYNCER] Bad sensor item: {"room": "living_room_01", "type": "temperature", "value": 2 — 'ts'
2026-04-29 16:06:58 [WARNING][SYNCER] Bad sensor item: {"room": "living_room_01", "type": "humidity", "value": 42,  — 'ts'
2026-04-29 16:06:58 [WARNING][SYNCER] Bad sensor item: {"room": "living_room_01", "type": "temperature", "value": 2 — 'ts'
2026-04-29 16:06:58 [WARNING][SYNCER] Bad sensor item: {"room": "living_room_01", "type": "humidity", "value": 42,  — 'ts'
2026-04-29 16:06:58 [WARNING][SYNCER] Bad sensor item: {"room": "living_room_01", "type": "temperature", "value": 2 — 'ts'
2026-04-29 16:06:58 [WARNING][SYNCER] Bad sensor item: {"room": "living_room_01", "type": "humidity", "value": 42,  — 'ts'
2026-04-29 16:06:58 [WARNING][SYNCER] Bad sensor item: {"room": "living_room_01", "type": "temperature", "value": 2 — 'ts'
2026-04-29 16:06:58 [WARNING][SYNCER] Bad sensor item: {"room": "living_room_01", "type": "humidity", "value": 42,  — 'ts'
2026-04-29 16:06:58 [WARNING][SYNCER] Bad sensor item: {"room": "living_room_01", "type": "temperature", "value": 2 — 'ts'
2026-04-29 16:06:58 [WARNING][SYNCER] Bad sensor item: {"room": "living_room_01", "type": "humidity", "value": 42,  — 'ts'
2026-04-29 16:06:58 [WARNING][SYNCER] Bad sensor item: {"room": "living_room_01", "type": "temperature", "value": 2 — 'ts'
2026-04-29 16:06:58 [WARNING][SYNCER] Bad sensor item: {"room": "living_room_01", "type": "humidity", "value": 42,  — 'ts'
2026-04-29 16:06:58 [WARNING][SYNCER] Bad sensor item: {"room": "living_room_01", "type": "temperature", "value": 2 — 'ts'
2026-04-29 16:06:58 [WARNING][SYNCER] Bad sensor item: {"room": "living_room_01", "type": "humidity", "value": 42,  — 'ts'
2026-04-29 16:06:58 [WARNING][SYNCER] Bad sensor item: {"room": "living_room_01", "type": "temperature", "value": 2 — 'ts'
2026-04-29 16:06:58 [WARNING][SYNCER] Bad sensor item: {"room": "living_room_01", "type": "humidity", "value": 42,  — 'ts'
2026-04-29 16:06:58 [WARNING][SYNCER] Bad sensor item: {"room": "living_room_01", "type": "temperature", "value": 2 — 'ts'
2026-04-29 16:06:58 [WARNING][SYNCER] Bad sensor item: {"room": "living_room_01", "type": "humidity", "value": 42,  — 'ts'
2026-04-29 16:06:58 [WARNING][SYNCER] Bad sensor item: {"room": "living_room_01", "type": "temperature", "value": 2 — 'ts'
2026-04-29 16:06:58 [WARNING][SYNCER] Bad sensor item: {"room": "living_room_01", "type": "humidity", "value": 42,  — 'ts'
2026-04-29 16:06:58 [WARNING][SYNCER] Bad sensor item: {"room": "living_room_01", "type": "temperature", "value": 2 — 'ts'
2026-04-29 16:06:58 [WARNING][SYNCER] Bad sensor item: {"room": "living_room_01", "type": "humidity", "value": 42,  — 'ts'
2026-04-29 16:09:58 [WARNING][SYNCER] Bad sensor item: {"room": "living_room_01", "type": "temperature", "value": 2 — 'ts'
2026-04-29 16:09:58 [WARNING][SYNCER] Bad sensor item: {"room": "living_room_01", "type": "humidity", "value": 42,  — 'ts'
2026-04-29 16:09:58 [WARNING][SYNCER] Bad sensor item: {"room": "living_room_01", "type": "temperature", "value": 2 — 'ts'
2026-04-29 16:09:58 [WARNING][SYNCER] Bad sensor item: {"room": "living_room_01", "type": "humidity", "value": 42,  — 'ts'
2026-04-29 16:09:58 [WARNING][SYNCER] Bad sensor item: {"room": "living_room_01", "type": "temperature", "value": 2 — 'ts'
2026-04-29 16:09:58 [WARNING][SYNCER] Bad sensor item: {"room": "living_room_01", "type": "humidity", "value": 42,  — 'ts'
2026-04-29 16:09:58 [WARNING][SYNCER] Bad sensor item: {"room": "living_room_01", "type": "temperature", "value": 2 — 'ts'
2026-04-29 16:09:58 [WARNING][SYNCER] Bad sensor item: {"room": "living_room_01", "type": "humidity", "value": 42,  — 'ts'
2026-04-29 16:09:58 [WARNING][SYNCER] Bad sensor item: {"room": "living_room_01", "type": "temperature", "value": 2 — 'ts'
2026-04-29 16:09:58 [WARNING][SYNCER] Bad sensor item: {"room": "living_room_01", "type": "humidity", "value": 42,  — 'ts'
2026-04-29 16:09:58 [WARNING][SYNCER] Bad sensor item: {"room": "living_room_01", "type": "temperature", "value": 2 — 'ts'
2026-04-29 16:09:58 [WARNING][SYNCER] Bad sensor item: {"room": "living_room_01", "type": "humidity", "value": 42,  — 'ts'
2026-04-29 16:09:58 [WARNING][SYNCER] Bad sensor item: {"room": "living_room_01", "type": "temperature", "value": 2 — 'ts'
2026-04-29 16:09:58 [WARNING][SYNCER] Bad sensor item: {"room": "living_room_01", "type": "humidity", "value": 42,  — 'ts'
2026-04-29 16:09:58 [WARNING][SYNCER] Bad sensor item: {"room": "living_room_01", "type": "temperature", "value": 2 — 'ts'
2026-04-29 16:09:58 [WARNING][SYNCER] Bad sensor item: {"room": "living_room_01", "type": "humidity", "value": 42,  — 'ts'
2026-04-29 16:09:58 [WARNING][SYNCER] Bad sensor item: {"room": "living_room_01", "type": "temperature", "value": 2 — 'ts'
2026-04-29 16:09:58 [WARNING][SYNCER] Bad sensor item: {"room": "living_room_01", "type": "humidity", "value": 42,  — 'ts'
2026-04-29 16:09:58 [WARNING][SYNCER] Bad sensor item: {"room": "living_room_01", "type": "temperature", "value": 2 — 'ts'
2026-04-29 16:09:58 [WARNING][SYNCER] Bad sensor item: {"room": "living_room_01", "type": "humidity", "value": 42,  — 'ts'
2026-04-29 16:09:58 [WARNING][SYNCER] Bad sensor item: {"room": "living_room_01", "type": "temperature", "value": 2 — 'ts'
2026-04-29 16:09:58 [WARNING][SYNCER] Bad sensor item: {"room": "living_room_01", "type": "humidity", "value": 42,  — 'ts'
2026-04-29 16:09:58 [WARNING][SYNCER] Bad sensor item: {"room": "living_room_01", "type": "temperature", "value": 2 — 'ts'
2026-04-29 16:09:58 [WARNING][SYNCER] Bad sensor item: {"room": "living_room_01", "type": "humidity", "value": 42,  — 'ts'
2026-04-29 16:09:58 [WARNING][SYNCER] Bad sensor item: {"room": "living_room_01", "type": "temperature", "value": 2 — 'ts'
2026-04-29 16:09:58 [WARNING][SYNCER] Bad sensor item: {"room": "living_room_01", "type": "humidity", "value": 42,  — 'ts'
2026-04-29 16:09:58 [WARNING][SYNCER] Bad sensor item: {"room": "living_room_01", "type": "temperature", "value": 2 — 'ts'
2026-04-29 16:09:58 [WARNING][SYNCER] Bad sensor item: {"room": "living_room_01", "type": "humidity", "value": 42,  — 'ts'
2026-04-29 16:09:58 [WARNING][SYNCER] Bad sensor item: {"room": "living_room_01", "type": "temperature", "value": 2 — 'ts'
2026-04-29 16:09:58 [WARNING][SYNCER] Bad sensor item: {"room": "living_room_01", "type": "humidity", "value": 42,  — 'ts'
2026-04-29 16:09:58 [WARNING][SYNCER] Bad sensor item: {"room": "living_room_01", "type": "temperature", "value": 2 — 'ts'
2026-04-29 16:09:58 [WARNING][SYNCER] Bad sensor item: {"room": "living_room_01", "type": "humidity", "value": 42,  — 'ts'
2026-04-29 16:09:58 [WARNING][SYNCER] Bad sensor item: {"room": "living_room_01", "type": "temperature", "value": 2 — 'ts'
2026-04-29 16:09:58 [WARNING][SYNCER] Bad sensor item: {"room": "living_room_01", "type": "humidity", "value": 42,  — 'ts'
2026-04-29 16:09:58 [WARNING][SYNCER] Bad sensor item: {"room": "living_room_01", "type": "temperature", "value": 2 — 'ts'
2026-04-29 16:09:58 [WARNING][SYNCER] Bad sensor item: {"room": "living_room_01", "type": "humidity", "value": 42,  — 'ts'
2026-04-29 16:09:58 [WARNING][SYNCER] Bad sensor item: {"room": "living_room_01", "type": "temperature", "value": 2 — 'ts'
2026-04-29 16:09:58 [WARNING][SYNCER] Bad sensor item: {"room": "living_room_01", "type": "humidity", "value": 42,  — 'ts'
2026-04-29 16:09:58 [WARNING][SYNCER] Bad sensor item: {"room": "living_room_01", "type": "temperature", "value": 2 — 'ts'
2026-04-29 16:09:58 [WARNING][SYNCER] Bad sensor item: {"room": "living_room_01", "type": "humidity", "value": 42,  — 'ts'
2026-04-29 16:09:58 [WARNING][SYNCER] Bad sensor item: {"room": "living_room_01", "type": "temperature", "value": 2 — 'ts'
2026-04-29 16:09:58 [WARNING][SYNCER] Bad sensor item: {"room": "living_room_01", "type": "humidity", "value": 42,  — 'ts'
2026-04-29 16:09:58 [WARNING][SYNCER] Bad sensor item: {"room": "living_room_01", "type": "temperature", "value": 2 — 'ts'
2026-04-29 16:09:58 [WARNING][SYNCER] Bad sensor item: {"room": "living_room_01", "type": "humidity", "value": 42,  — 'ts'
2026-04-29 16:09:58 [WARNING][SYNCER] Bad sensor item: {"room": "living_room_01", "type": "temperature", "value": 2 — 'ts'
2026-04-29 16:09:58 [WARNING][SYNCER] Bad sensor item: {"room": "living_room_01", "type": "humidity", "value": 42,  — 'ts'
2026-04-29 16:09:58 [WARNING][SYNCER] Bad sensor item: {"room": "living_room_01", "type": "temperature", "value": 2 — 'ts'
2026-04-29 16:09:58 [WARNING][SYNCER] Bad sensor item: {"room": "living_room_01", "type": "humidity", "value": 42,  — 'ts'
2026-04-29 16:09:58 [WARNING][SYNCER] Bad sensor item: {"room": "living_room_01", "type": "temperature", "value": 2 — 'ts'
2026-04-29 16:09:58 [WARNING][SYNCER] Bad sensor item: {"room": "living_room_01", "type": "humidity", "value": 42,  — 'ts'
2026-04-29 16:12:59 [WARNING][SYNCER] Bad sensor item: {"room": "living_room_01", "type": "temperature", "value": 2 — 'ts'
2026-04-29 16:12:59 [WARNING][SYNCER] Bad sensor item: {"room": "living_room_01", "type": "humidity", "value": 42,  — 'ts'
2026-04-29 16:12:59 [WARNING][SYNCER] Bad sensor item: {"room": "living_room_01", "type": "temperature", "value": 2 — 'ts'
2026-04-29 16:12:59 [WARNING][SYNCER] Bad sensor item: {"room": "living_room_01", "type": "humidity", "value": 42,  — 'ts'
2026-04-29 16:12:59 [WARNING][SYNCER] Bad sensor item: {"room": "living_room_01", "type": "temperature", "value": 2 — 'ts'
2026-04-29 16:12:59 [WARNING][SYNCER] Bad sensor item: {"room": "living_room_01", "type": "humidity", "value": 42,  — 'ts'
2026-04-29 16:12:59 [WARNING][SYNCER] Bad sensor item: {"room": "living_room_01", "type": "temperature", "value": 2 — 'ts'
2026-04-29 16:12:59 [WARNING][SYNCER] Bad sensor item: {"room": "living_room_01", "type": "humidity", "value": 42,  — 'ts'
2026-04-29 16:12:59 [WARNING][SYNCER] Bad sensor item: {"room": "living_room_01", "type": "temperature", "value": 2 — 'ts'
2026-04-29 16:12:59 [WARNING][SYNCER] Bad sensor item: {"room": "living_room_01", "type": "humidity", "value": 42,  — 'ts'
2026-04-29 16:12:59 [WARNING][SYNCER] Bad sensor item: {"room": "living_room_01", "type": "temperature", "value": 2 — 'ts'
2026-04-29 16:12:59 [WARNING][SYNCER] Bad sensor item: {"room": "living_room_01", "type": "humidity", "value": 42,  — 'ts'
2026-04-29 16:12:59 [WARNING][SYNCER] Bad sensor item: {"room": "living_room_01", "type": "temperature", "value": 2 — 'ts'
2026-04-29 16:12:59 [WARNING][SYNCER] Bad sensor item: {"room": "living_room_01", "type": "humidity", "value": 42,  — 'ts'
2026-04-29 16:12:59 [WARNING][SYNCER] Bad sensor item: {"room": "living_room_01", "type": "temperature", "value": 2 — 'ts'
2026-04-29 16:12:59 [WARNING][SYNCER] Bad sensor item: {"room": "living_room_01", "type": "humidity", "value": 42,  — 'ts'
2026-04-29 16:12:59 [WARNING][SYNCER] Bad sensor item: {"room": "living_room_01", "type": "temperature", "value": 2 — 'ts'
2026-04-29 16:12:59 [WARNING][SYNCER] Bad sensor item: {"room": "living_room_01", "type": "humidity", "value": 42,  — 'ts'
2026-04-29 16:12:59 [WARNING][SYNCER] Bad sensor item: {"room": "living_room_01", "type": "temperature", "value": 2 — 'ts'
2026-04-29 16:12:59 [WARNING][SYNCER] Bad sensor item: {"room": "living_room_01", "type": "humidity", "value": 42,  — 'ts'
2026-04-29 16:12:59 [WARNING][SYNCER] Bad sensor item: {"room": "living_room_01", "type": "temperature", "value": 2 — 'ts'
2026-04-29 16:12:59 [WARNING][SYNCER] Bad sensor item: {"room": "living_room_01", "type": "humidity", "value": 42,  — 'ts'
2026-04-29 16:12:59 [WARNING][SYNCER] Bad sensor item: {"room": "living_room_01", "type": "temperature", "value": 2 — 'ts'
2026-04-29 16:12:59 [WARNING][SYNCER] Bad sensor item: {"room": "living_room_01", "type": "humidity", "value": 42,  — 'ts'
2026-04-29 16:12:59 [WARNING][SYNCER] Bad sensor item: {"room": "living_room_01", "type": "temperature", "value": 2 — 'ts'
2026-04-29 16:12:59 [WARNING][SYNCER] Bad sensor item: {"room": "living_room_01", "type": "humidity", "value": 42,  — 'ts'
2026-04-29 16:12:59 [WARNING][SYNCER] Bad sensor item: {"room": "living_room_01", "type": "temperature", "value": 2 — 'ts'
2026-04-29 16:12:59 [WARNING][SYNCER] Bad sensor item: {"room": "living_room_01", "type": "humidity", "value": 42,  — 'ts'
2026-04-29 16:12:59 [WARNING][SYNCER] Bad sensor item: {"room": "living_room_01", "type": "temperature", "value": 2 — 'ts'
2026-04-29 16:12:59 [WARNING][SYNCER] Bad sensor item: {"room": "living_room_01", "type": "humidity", "value": 42,  — 'ts'
2026-04-29 16:12:59 [WARNING][SYNCER] Bad sensor item: {"room": "living_room_01", "type": "temperature", "value": 2 — 'ts'
2026-04-29 16:12:59 [WARNING][SYNCER] Bad sensor item: {"room": "living_room_01", "type": "humidity", "value": 42,  — 'ts'
2026-04-29 16:12:59 [WARNING][SYNCER] Bad sensor item: {"room": "living_room_01", "type": "temperature", "value": 2 — 'ts'
2026-04-29 16:12:59 [WARNING][SYNCER] Bad sensor item: {"room": "living_room_01", "type": "humidity", "value": 42,  — 'ts'
2026-04-29 16:12:59 [WARNING][SYNCER] Bad sensor item: {"room": "living_room_01", "type": "temperature", "value": 2 — 'ts'
2026-04-29 16:12:59 [WARNING][SYNCER] Bad sensor item: {"room": "living_room_01", "type": "humidity", "value": 42,  — 'ts'
2026-04-29 16:12:59 [WARNING][SYNCER] Bad sensor item: {"room": "living_room_01", "type": "temperature", "value": 2 — 'ts'
2026-04-29 16:12:59 [WARNING][SYNCER] Bad sensor item: {"room": "living_room_01", "type": "humidity", "value": 42,  — 'ts'
2026-04-29 16:12:59 [WARNING][SYNCER] Bad sensor item: {"room": "living_room_01", "type": "temperature", "value": 2 — 'ts'
2026-04-29 16:12:59 [WARNING][SYNCER] Bad sensor item: {"room": "living_room_01", "type": "humidity", "value": 42,  — 'ts'
2026-04-29 16:12:59 [WARNING][SYNCER] Bad sensor item: {"room": "living_room_01", "type": "temperature", "value": 2 — 'ts'
2026-04-29 16:12:59 [WARNING][SYNCER] Bad sensor item: {"room": "living_room_01", "type": "humidity", "value": 42,  — 'ts'
2026-04-29 16:12:59 [WARNING][SYNCER] Bad sensor item: {"room": "living_room_01", "type": "temperature", "value": 2 — 'ts'
2026-04-29 16:12:59 [WARNING][SYNCER] Bad sensor item: {"room": "living_room_01", "type": "humidity", "value": 42,  — 'ts'
2026-04-29 16:12:59 [WARNING][SYNCER] Bad sensor item: {"room": "living_room_01", "type": "temperature", "value": 2 — 'ts'
2026-04-29 16:12:59 [WARNING][SYNCER] Bad sensor item: {"room": "living_room_01", "type": "humidity", "value": 42,  — 'ts'
2026-04-29 16:12:59 [WARNING][SYNCER] Bad sensor item: {"room": "living_room_01", "type": "temperature", "value": 2 — 'ts'
2026-04-29 16:12:59 [WARNING][SYNCER] Bad sensor item: {"room": "living_room_01", "type": "humidity", "value": 42,  — 'ts'
2026-04-29 16:12:59 [WARNING][SYNCER] Bad sensor item: {"room": "living_room_01", "type": "temperature", "value": 2 — 'ts'
2026-04-29 16:12:59 [WARNING][SYNCER] Bad sensor item: {"room": "living_room_01", "type": "humidity", "value": 42,  — 'ts'
2026-04-29 16:29:07 [INFO][SYNCER] SyncWorker starting...
2026-04-29 16:29:07 [INFO][SYNCER] Waiting for SD2 (timeout 300s before degraded mode)...
2026-04-29 16:29:08 [INFO][SYNCER] ==================================================
2026-04-29 16:29:08 [INFO][SYNCER] 🚀 firebase_sync.py starting — project: nhathongminh-myhome
2026-04-29 16:29:08 [INFO][SYNCER] ==================================================
2026-04-29 16:29:08 [INFO][SYNCER] ✅ Firebase khởi tạo từ service account file
2026-04-29 16:29:08 [INFO][SYNCER] ✅ Redis connected at localhost:6379
=======================================================
  SmartHome Gateway — Starting
=======================================================
[MAIN] DB schema applied
[MAIN] DB init complete
[BUS] MessageBus started
[BUS] MQTT connected & subscribed
[WATCHDOG] Safety watchdog started
[BUS] Outbound loop started
[NET] RTC read error: Command '['sudo', 'hwclock', '-s']' returned non-zero exit status 1.
[NET] Network watchdog started
[NET] Internet: ON
[MAIN] FirebaseSync worker started
[MAIN] All workers started
[BRIDGE] Realtime bridge started
[API] Registered /api: auth
[AUTO] Cache loaded: 3 rules, 0 schedules
[SCHEDULER] Started
[API] Registered /api: sensors
[API] Registered /api: devices
[API] Registered /api: automation
[API] Registered /api: logs
[API] Registered /api: rfid
[AUTO] Command listener started
[API] Registered /api: wifi
[API] Registered /api: ota
[API] Registered /api: system
=======================================================
[MAIN] Gateway LIVE → http://0.0.0.0:5000/
[MAIN] API prefix:  http://0.0.0.0:5000/api/
=======================================================
 * Serving Flask app 'gateway_main'
 * Debug mode: off
2026-04-29 16:29:08 [INFO][SYNCER] [31m[1mWARNING: This is a development server. Do not use it in a production deployment. Use a production WSGI server instead.[0m
 * Running on all addresses (0.0.0.0)
 * Running on http://127.0.0.1:5000
 * Running on http://192.168.100.30:5000
2026-04-29 16:29:08 [INFO][SYNCER] [33mPress CTRL+C to quit[0m
2026-04-29 16:29:09 [INFO][SYNCER] ✅ Synced 3 rooms to Firebase (userId=UID_CUA_BAN)
2026-04-29 16:29:09 [INFO][SYNCER] 📋 CommandDispatcher started
2026-04-29 16:29:09 [INFO][SYNCER] 🔌 Redis subscriber started
2026-04-29 16:29:09 [INFO][SYNCER] 🔄 Sensor flush loop started (interval: 180s)
2026-04-29 16:34:07 [INFO][SYNCER] SyncWorker running (storage: sd2)
2026-04-29 16:34:07 [WARNING][SYNCER] Bad sensor item: {"room": "living_room_01", "type": "temperature", "value": 2 — 'ts'
2026-04-29 16:34:07 [WARNING][SYNCER] Bad sensor item: {"room": "living_room_01", "type": "humidity", "value": 42,  — 'ts'
2026-04-29 16:34:07 [WARNING][SYNCER] Bad sensor item: {"room": "living_room_01", "type": "temperature", "value": 2 — 'ts'
2026-04-29 16:34:07 [WARNING][SYNCER] Bad sensor item: {"room": "living_room_01", "type": "humidity", "value": 42,  — 'ts'
2026-04-29 16:34:07 [WARNING][SYNCER] Bad sensor item: {"room": "living_room_01", "type": "temperature", "value": 2 — 'ts'
2026-04-29 16:34:07 [WARNING][SYNCER] Bad sensor item: {"room": "living_room_01", "type": "humidity", "value": 42,  — 'ts'
2026-04-29 16:34:07 [WARNING][SYNCER] Bad sensor item: {"room": "living_room_01", "type": "temperature", "value": 2 — 'ts'
2026-04-29 16:34:07 [WARNING][SYNCER] Bad sensor item: {"room": "living_room_01", "type": "humidity", "value": 42,  — 'ts'
2026-04-29 16:34:07 [WARNING][SYNCER] Bad sensor item: {"room": "living_room_01", "type": "temperature", "value": 2 — 'ts'
2026-04-29 16:34:07 [WARNING][SYNCER] Bad sensor item: {"room": "living_room_01", "type": "humidity", "value": 42,  — 'ts'
2026-04-29 16:34:07 [WARNING][SYNCER] Bad sensor item: {"room": "living_room_01", "type": "temperature", "value": 2 — 'ts'
2026-04-29 16:34:07 [WARNING][SYNCER] Bad sensor item: {"room": "living_room_01", "type": "humidity", "value": 42,  — 'ts'
2026-04-29 16:34:07 [WARNING][SYNCER] Bad sensor item: {"room": "living_room_01", "type": "temperature", "value": 2 — 'ts'
2026-04-29 16:34:07 [WARNING][SYNCER] Bad sensor item: {"room": "living_room_01", "type": "humidity", "value": 42,  — 'ts'
2026-04-29 16:34:07 [WARNING][SYNCER] Bad sensor item: {"room": "living_room_01", "type": "temperature", "value": 2 — 'ts'
2026-04-29 16:34:07 [WARNING][SYNCER] Bad sensor item: {"room": "living_room_01", "type": "humidity", "value": 42,  — 'ts'
2026-04-29 16:34:07 [WARNING][SYNCER] Bad sensor item: {"room": "living_room_01", "type": "temperature", "value": 2 — 'ts'
2026-04-29 16:34:07 [WARNING][SYNCER] Bad sensor item: {"room": "living_room_01", "type": "humidity", "value": 42,  — 'ts'
2026-04-29 16:34:07 [WARNING][SYNCER] Bad sensor item: {"room": "living_room_01", "type": "temperature", "value": 2 — 'ts'
2026-04-29 16:34:07 [WARNING][SYNCER] Bad sensor item: {"room": "living_room_01", "type": "humidity", "value": 42,  — 'ts'
2026-04-29 16:34:07 [WARNING][SYNCER] Bad sensor item: {"room": "living_room_01", "type": "temperature", "value": 2 — 'ts'
2026-04-29 16:34:07 [WARNING][SYNCER] Bad sensor item: {"room": "living_room_01", "type": "humidity", "value": 42,  — 'ts'
2026-04-29 16:34:07 [WARNING][SYNCER] Bad sensor item: {"room": "living_room_01", "type": "temperature", "value": 2 — 'ts'
2026-04-29 16:34:07 [WARNING][SYNCER] Bad sensor item: {"room": "living_room_01", "type": "humidity", "value": 42,  — 'ts'
2026-04-29 16:34:07 [WARNING][SYNCER] Bad sensor item: {"room": "living_room_01", "type": "temperature", "value": 2 — 'ts'
2026-04-29 16:34:07 [WARNING][SYNCER] Bad sensor item: {"room": "living_room_01", "type": "humidity", "value": 42,  — 'ts'
2026-04-29 16:34:07 [WARNING][SYNCER] Bad sensor item: {"room": "living_room_01", "type": "temperature", "value": 2 — 'ts'
2026-04-29 16:34:07 [WARNING][SYNCER] Bad sensor item: {"room": "living_room_01", "type": "humidity", "value": 42,  — 'ts'
2026-04-29 16:34:07 [WARNING][SYNCER] Bad sensor item: {"room": "living_room_01", "type": "temperature", "value": 2 — 'ts'
2026-04-29 16:34:07 [WARNING][SYNCER] Bad sensor item: {"room": "living_room_01", "type": "humidity", "value": 42,  — 'ts'
2026-04-29 16:34:07 [WARNING][SYNCER] Bad sensor item: {"room": "living_room_01", "type": "temperature", "value": 2 — 'ts'
2026-04-29 16:34:07 [WARNING][SYNCER] Bad sensor item: {"room": "living_room_01", "type": "humidity", "value": 42,  — 'ts'
2026-04-29 16:34:07 [WARNING][SYNCER] Bad sensor item: {"room": "living_room_01", "type": "temperature", "value": 2 — 'ts'
2026-04-29 16:34:07 [WARNING][SYNCER] Bad sensor item: {"room": "living_room_01", "type": "humidity", "value": 42,  — 'ts'
2026-04-29 16:34:07 [WARNING][SYNCER] Bad sensor item: {"room": "living_room_01", "type": "temperature", "value": 2 — 'ts'
2026-04-29 16:34:07 [WARNING][SYNCER] Bad sensor item: {"room": "living_room_01", "type": "humidity", "value": 42,  — 'ts'
2026-04-29 16:34:07 [WARNING][SYNCER] Bad sensor item: {"room": "living_room_01", "type": "temperature", "value": 2 — 'ts'
2026-04-29 16:34:07 [WARNING][SYNCER] Bad sensor item: {"room": "living_room_01", "type": "humidity", "value": 42,  — 'ts'
2026-04-29 16:34:07 [WARNING][SYNCER] Bad sensor item: {"room": "living_room_01", "type": "temperature", "value": 2 — 'ts'
2026-04-29 16:34:07 [WARNING][SYNCER] Bad sensor item: {"room": "living_room_01", "type": "humidity", "value": 42,  — 'ts'
2026-04-29 16:34:07 [WARNING][SYNCER] Bad sensor item: {"room": "living_room_01", "type": "temperature", "value": 2 — 'ts'
2026-04-29 16:34:07 [WARNING][SYNCER] Bad sensor item: {"room": "living_room_01", "type": "humidity", "value": 42,  — 'ts'
2026-04-29 16:34:07 [WARNING][SYNCER] Bad sensor item: {"room": "living_room_01", "type": "temperature", "value": 2 — 'ts'
2026-04-29 16:34:07 [WARNING][SYNCER] Bad sensor item: {"room": "living_room_01", "type": "humidity", "value": 42,  — 'ts'
2026-04-29 16:34:07 [WARNING][SYNCER] Bad sensor item: {"room": "living_room_01", "type": "temperature", "value": 2 — 'ts'
2026-04-29 16:34:07 [WARNING][SYNCER] Bad sensor item: {"room": "living_room_01", "type": "humidity", "value": 42,  — 'ts'
2026-04-29 16:34:07 [WARNING][SYNCER] Bad sensor item: {"room": "living_room_01", "type": "temperature", "value": 2 — 'ts'
2026-04-29 16:34:07 [WARNING][SYNCER] Bad sensor item: {"room": "living_room_01", "type": "humidity", "value": 42,  — 'ts'
2026-04-29 16:34:07 [WARNING][SYNCER] Bad sensor item: {"room": "living_room_01", "type": "temperature", "value": 2 — 'ts'
2026-04-29 16:34:07 [WARNING][SYNCER] Bad sensor item: {"room": "living_room_01", "type": "humidity", "value": 42,  — 'ts'
2026-04-29 16:34:07 [INFO][SYNCER] DB rotated → /mnt/sd2/data/data_2026-04-29.db (mode: sd2)
2026-04-29 16:37:07 [WARNING][SYNCER] Bad sensor item: {"room": "living_room_01", "type": "temperature", "value": 2 — 'ts'
2026-04-29 16:37:07 [WARNING][SYNCER] Bad sensor item: {"room": "living_room_01", "type": "humidity", "value": 42,  — 'ts'
2026-04-29 16:37:07 [WARNING][SYNCER] Bad sensor item: {"room": "living_room_01", "type": "temperature", "value": 2 — 'ts'
2026-04-29 16:37:07 [WARNING][SYNCER] Bad sensor item: {"room": "living_room_01", "type": "humidity", "value": 42,  — 'ts'
2026-04-29 16:37:07 [WARNING][SYNCER] Bad sensor item: {"room": "living_room_01", "type": "temperature", "value": 2 — 'ts'
2026-04-29 16:37:07 [WARNING][SYNCER] Bad sensor item: {"room": "living_room_01", "type": "humidity", "value": 42,  — 'ts'
2026-04-29 16:37:07 [WARNING][SYNCER] Bad sensor item: {"room": "living_room_01", "type": "temperature", "value": 2 — 'ts'
2026-04-29 16:37:07 [WARNING][SYNCER] Bad sensor item: {"room": "living_room_01", "type": "humidity", "value": 42,  — 'ts'
2026-04-29 16:37:07 [WARNING][SYNCER] Bad sensor item: {"room": "living_room_01", "type": "temperature", "value": 2 — 'ts'
2026-04-29 16:37:07 [WARNING][SYNCER] Bad sensor item: {"room": "living_room_01", "type": "humidity", "value": 42,  — 'ts'
2026-04-29 16:37:07 [WARNING][SYNCER] Bad sensor item: {"room": "living_room_01", "type": "temperature", "value": 2 — 'ts'
2026-04-29 16:37:07 [WARNING][SYNCER] Bad sensor item: {"room": "living_room_01", "type": "humidity", "value": 42,  — 'ts'
2026-04-29 16:37:07 [WARNING][SYNCER] Bad sensor item: {"room": "living_room_01", "type": "temperature", "value": 2 — 'ts'
2026-04-29 16:37:07 [WARNING][SYNCER] Bad sensor item: {"room": "living_room_01", "type": "humidity", "value": 42,  — 'ts'
2026-04-29 16:37:07 [WARNING][SYNCER] Bad sensor item: {"room": "living_room_01", "type": "temperature", "value": 2 — 'ts'
2026-04-29 16:37:07 [WARNING][SYNCER] Bad sensor item: {"room": "living_room_01", "type": "humidity", "value": 42,  — 'ts'
2026-04-29 16:37:07 [WARNING][SYNCER] Bad sensor item: {"room": "living_room_01", "type": "temperature", "value": 2 — 'ts'
2026-04-29 16:37:07 [WARNING][SYNCER] Bad sensor item: {"room": "living_room_01", "type": "humidity", "value": 42,  — 'ts'
2026-04-29 16:37:07 [WARNING][SYNCER] Bad sensor item: {"room": "living_room_01", "type": "temperature", "value": 2 — 'ts'
2026-04-29 16:37:07 [WARNING][SYNCER] Bad sensor item: {"room": "living_room_01", "type": "humidity", "value": 42,  — 'ts'
2026-04-29 16:37:07 [WARNING][SYNCER] Bad sensor item: {"room": "living_room_01", "type": "temperature", "value": 2 — 'ts'
2026-04-29 16:37:07 [WARNING][SYNCER] Bad sensor item: {"room": "living_room_01", "type": "humidity", "value": 42,  — 'ts'
2026-04-29 16:37:07 [WARNING][SYNCER] Bad sensor item: {"room": "living_room_01", "type": "temperature", "value": 2 — 'ts'
2026-04-29 16:37:07 [WARNING][SYNCER] Bad sensor item: {"room": "living_room_01", "type": "humidity", "value": 42,  — 'ts'
2026-04-29 16:37:07 [WARNING][SYNCER] Bad sensor item: {"room": "living_room_01", "type": "temperature", "value": 2 — 'ts'
2026-04-29 16:37:07 [WARNING][SYNCER] Bad sensor item: {"room": "living_room_01", "type": "humidity", "value": 42,  — 'ts'
2026-04-29 16:37:07 [WARNING][SYNCER] Bad sensor item: {"room": "living_room_01", "type": "temperature", "value": 2 — 'ts'
2026-04-29 16:37:07 [WARNING][SYNCER] Bad sensor item: {"room": "living_room_01", "type": "humidity", "value": 42,  — 'ts'
2026-04-29 16:37:07 [WARNING][SYNCER] Bad sensor item: {"room": "living_room_01", "type": "temperature", "value": 2 — 'ts'
2026-04-29 16:37:07 [WARNING][SYNCER] Bad sensor item: {"room": "living_room_01", "type": "humidity", "value": 42,  — 'ts'
2026-04-29 16:37:07 [WARNING][SYNCER] Bad sensor item: {"room": "living_room_01", "type": "temperature", "value": 2 — 'ts'
2026-04-29 16:37:07 [WARNING][SYNCER] Bad sensor item: {"room": "living_room_01", "type": "humidity", "value": 42,  — 'ts'
2026-04-29 16:37:07 [WARNING][SYNCER] Bad sensor item: {"room": "living_room_01", "type": "temperature", "value": 2 — 'ts'
2026-04-29 16:37:07 [WARNING][SYNCER] Bad sensor item: {"room": "living_room_01", "type": "humidity", "value": 42,  — 'ts'
2026-04-29 16:37:07 [WARNING][SYNCER] Bad sensor item: {"room": "living_room_01", "type": "temperature", "value": 2 — 'ts'
2026-04-29 16:37:07 [WARNING][SYNCER] Bad sensor item: {"room": "living_room_01", "type": "humidity", "value": 42,  — 'ts'
2026-04-29 16:37:07 [WARNING][SYNCER] Bad sensor item: {"room": "living_room_01", "type": "temperature", "value": 2 — 'ts'
2026-04-29 16:37:07 [WARNING][SYNCER] Bad sensor item: {"room": "living_room_01", "type": "humidity", "value": 42,  — 'ts'
2026-04-29 16:37:07 [WARNING][SYNCER] Bad sensor item: {"room": "living_room_01", "type": "temperature", "value": 2 — 'ts'
2026-04-29 16:37:07 [WARNING][SYNCER] Bad sensor item: {"room": "living_room_01", "type": "humidity", "value": 42,  — 'ts'
2026-04-29 16:37:07 [WARNING][SYNCER] Bad sensor item: {"room": "living_room_01", "type": "temperature", "value": 2 — 'ts'
2026-04-29 16:37:07 [WARNING][SYNCER] Bad sensor item: {"room": "living_room_01", "type": "humidity", "value": 42,  — 'ts'
2026-04-29 16:37:07 [WARNING][SYNCER] Bad sensor item: {"room": "living_room_01", "type": "temperature", "value": 2 — 'ts'
2026-04-29 16:37:07 [WARNING][SYNCER] Bad sensor item: {"room": "living_room_01", "type": "humidity", "value": 42,  — 'ts'
2026-04-29 16:37:07 [WARNING][SYNCER] Bad sensor item: {"room": "living_room_01", "type": "temperature", "value": 2 — 'ts'
2026-04-29 16:37:07 [WARNING][SYNCER] Bad sensor item: {"room": "living_room_01", "type": "humidity", "value": 42,  — 'ts'
2026-04-29 16:37:07 [WARNING][SYNCER] Bad sensor item: {"room": "living_room_01", "type": "temperature", "value": 2 — 'ts'
2026-04-29 16:37:07 [WARNING][SYNCER] Bad sensor item: {"room": "living_room_01", "type": "humidity", "value": 42,  — 'ts'
2026-04-29 16:37:07 [WARNING][SYNCER] Bad sensor item: {"room": "living_room_01", "type": "temperature", "value": 2 — 'ts'
2026-04-29 16:37:07 [WARNING][SYNCER] Bad sensor item: {"room": "living_room_01", "type": "humidity", "value": 42,  — 'ts'
2026-04-29 16:40:07 [WARNING][SYNCER] Bad sensor item: {"room": "living_room_01", "type": "temperature", "value": 2 — 'ts'
2026-04-29 16:40:07 [WARNING][SYNCER] Bad sensor item: {"room": "living_room_01", "type": "humidity", "value": 42,  — 'ts'
2026-04-29 16:40:07 [WARNING][SYNCER] Bad sensor item: {"room": "living_room_01", "type": "temperature", "value": 2 — 'ts'
2026-04-29 16:40:07 [WARNING][SYNCER] Bad sensor item: {"room": "living_room_01", "type": "humidity", "value": 42,  — 'ts'
2026-04-29 16:40:07 [WARNING][SYNCER] Bad sensor item: {"room": "living_room_01", "type": "temperature", "value": 2 — 'ts'
2026-04-29 16:40:07 [WARNING][SYNCER] Bad sensor item: {"room": "living_room_01", "type": "humidity", "value": 42,  — 'ts'
2026-04-29 16:40:07 [WARNING][SYNCER] Bad sensor item: {"room": "living_room_01", "type": "temperature", "value": 2 — 'ts'
2026-04-29 16:40:07 [WARNING][SYNCER] Bad sensor item: {"room": "living_room_01", "type": "humidity", "value": 42,  — 'ts'
2026-04-29 16:40:07 [WARNING][SYNCER] Bad sensor item: {"room": "living_room_01", "type": "temperature", "value": 2 — 'ts'
2026-04-29 16:40:07 [WARNING][SYNCER] Bad sensor item: {"room": "living_room_01", "type": "humidity", "value": 42,  — 'ts'
2026-04-29 16:40:07 [WARNING][SYNCER] Bad sensor item: {"room": "living_room_01", "type": "temperature", "value": 2 — 'ts'
2026-04-29 16:40:07 [WARNING][SYNCER] Bad sensor item: {"room": "living_room_01", "type": "humidity", "value": 42,  — 'ts'
2026-04-29 16:40:07 [WARNING][SYNCER] Bad sensor item: {"room": "living_room_01", "type": "temperature", "value": 2 — 'ts'
2026-04-29 16:40:07 [WARNING][SYNCER] Bad sensor item: {"room": "living_room_01", "type": "humidity", "value": 42,  — 'ts'
2026-04-29 16:40:07 [WARNING][SYNCER] Bad sensor item: {"room": "living_room_01", "type": "temperature", "value": 2 — 'ts'
2026-04-29 16:40:07 [WARNING][SYNCER] Bad sensor item: {"room": "living_room_01", "type": "humidity", "value": 42,  — 'ts'
2026-04-29 16:40:07 [WARNING][SYNCER] Bad sensor item: {"room": "living_room_01", "type": "temperature", "value": 2 — 'ts'
2026-04-29 16:40:07 [WARNING][SYNCER] Bad sensor item: {"room": "living_room_01", "type": "humidity", "value": 42,  — 'ts'
2026-04-29 16:40:07 [WARNING][SYNCER] Bad sensor item: {"room": "living_room_01", "type": "temperature", "value": 2 — 'ts'
2026-04-29 16:40:07 [WARNING][SYNCER] Bad sensor item: {"room": "living_room_01", "type": "humidity", "value": 42,  — 'ts'
2026-04-29 16:40:07 [WARNING][SYNCER] Bad sensor item: {"room": "living_room_01", "type": "temperature", "value": 2 — 'ts'
2026-04-29 16:40:07 [WARNING][SYNCER] Bad sensor item: {"room": "living_room_01", "type": "humidity", "value": 42,  — 'ts'
2026-04-29 16:40:07 [WARNING][SYNCER] Bad sensor item: {"room": "living_room_01", "type": "temperature", "value": 2 — 'ts'
2026-04-29 16:40:07 [WARNING][SYNCER] Bad sensor item: {"room": "living_room_01", "type": "humidity", "value": 42,  — 'ts'
2026-04-29 16:40:07 [WARNING][SYNCER] Bad sensor item: {"room": "living_room_01", "type": "temperature", "value": 2 — 'ts'
2026-04-29 16:40:07 [WARNING][SYNCER] Bad sensor item: {"room": "living_room_01", "type": "humidity", "value": 42,  — 'ts'
2026-04-29 16:40:07 [WARNING][SYNCER] Bad sensor item: {"room": "living_room_01", "type": "temperature", "value": 2 — 'ts'
2026-04-29 16:40:07 [WARNING][SYNCER] Bad sensor item: {"room": "living_room_01", "type": "humidity", "value": 42,  — 'ts'
2026-04-29 16:40:07 [WARNING][SYNCER] Bad sensor item: {"room": "living_room_01", "type": "temperature", "value": 2 — 'ts'
2026-04-29 16:40:07 [WARNING][SYNCER] Bad sensor item: {"room": "living_room_01", "type": "humidity", "value": 42,  — 'ts'
2026-04-29 16:40:07 [WARNING][SYNCER] Bad sensor item: {"room": "living_room_01", "type": "temperature", "value": 2 — 'ts'
2026-04-29 16:40:07 [WARNING][SYNCER] Bad sensor item: {"room": "living_room_01", "type": "humidity", "value": 42,  — 'ts'
2026-04-29 16:40:07 [WARNING][SYNCER] Bad sensor item: {"room": "living_room_01", "type": "temperature", "value": 2 — 'ts'
2026-04-29 16:40:07 [WARNING][SYNCER] Bad sensor item: {"room": "living_room_01", "type": "humidity", "value": 42,  — 'ts'
2026-04-29 16:40:07 [WARNING][SYNCER] Bad sensor item: {"room": "living_room_01", "type": "temperature", "value": 2 — 'ts'
2026-04-29 16:40:07 [WARNING][SYNCER] Bad sensor item: {"room": "living_room_01", "type": "humidity", "value": 42,  — 'ts'
2026-04-29 16:40:07 [WARNING][SYNCER] Bad sensor item: {"room": "living_room_01", "type": "temperature", "value": 2 — 'ts'
2026-04-29 16:40:07 [WARNING][SYNCER] Bad sensor item: {"room": "living_room_01", "type": "humidity", "value": 42,  — 'ts'
2026-04-29 16:40:07 [WARNING][SYNCER] Bad sensor item: {"room": "living_room_01", "type": "temperature", "value": 2 — 'ts'
2026-04-29 16:40:07 [WARNING][SYNCER] Bad sensor item: {"room": "living_room_01", "type": "humidity", "value": 42,  — 'ts'
2026-04-29 16:40:07 [WARNING][SYNCER] Bad sensor item: {"room": "living_room_01", "type": "temperature", "value": 2 — 'ts'
2026-04-29 16:40:07 [WARNING][SYNCER] Bad sensor item: {"room": "living_room_01", "type": "humidity", "value": 42,  — 'ts'
2026-04-29 16:40:07 [WARNING][SYNCER] Bad sensor item: {"room": "living_room_01", "type": "temperature", "value": 2 — 'ts'
2026-04-29 16:40:07 [WARNING][SYNCER] Bad sensor item: {"room": "living_room_01", "type": "humidity", "value": 42,  — 'ts'
2026-04-29 16:40:07 [WARNING][SYNCER] Bad sensor item: {"room": "living_room_01", "type": "temperature", "value": 2 — 'ts'
2026-04-29 16:40:07 [WARNING][SYNCER] Bad sensor item: {"room": "living_room_01", "type": "humidity", "value": 42,  — 'ts'
2026-04-29 16:40:07 [WARNING][SYNCER] Bad sensor item: {"room": "living_room_01", "type": "temperature", "value": 2 — 'ts'
2026-04-29 16:40:07 [WARNING][SYNCER] Bad sensor item: {"room": "living_room_01", "type": "humidity", "value": 42,  — 'ts'
2026-04-29 16:40:07 [WARNING][SYNCER] Bad sensor item: {"room": "living_room_01", "type": "temperature", "value": 2 — 'ts'
2026-04-29 16:40:07 [WARNING][SYNCER] Bad sensor item: {"room": "living_room_01", "type": "humidity", "value": 42,  — 'ts'
2026-04-29 16:43:08 [WARNING][SYNCER] Bad sensor item: {"room": "living_room_01", "type": "temperature", "value": 2 — 'ts'
2026-04-29 16:43:08 [WARNING][SYNCER] Bad sensor item: {"room": "living_room_01", "type": "humidity", "value": 42,  — 'ts'
2026-04-29 16:43:08 [WARNING][SYNCER] Bad sensor item: {"room": "living_room_01", "type": "temperature", "value": 2 — 'ts'
2026-04-29 16:43:08 [WARNING][SYNCER] Bad sensor item: {"room": "living_room_01", "type": "humidity", "value": 42,  — 'ts'
2026-04-29 16:43:08 [WARNING][SYNCER] Bad sensor item: {"room": "living_room_01", "type": "temperature", "value": 2 — 'ts'
2026-04-29 16:43:08 [WARNING][SYNCER] Bad sensor item: {"room": "living_room_01", "type": "humidity", "value": 42,  — 'ts'
2026-04-29 16:43:08 [WARNING][SYNCER] Bad sensor item: {"room": "living_room_01", "type": "temperature", "value": 2 — 'ts'
2026-04-29 16:43:08 [WARNING][SYNCER] Bad sensor item: {"room": "living_room_01", "type": "humidity", "value": 42,  — 'ts'
2026-04-29 16:43:08 [WARNING][SYNCER] Bad sensor item: {"room": "living_room_01", "type": "temperature", "value": 2 — 'ts'
2026-04-29 16:43:08 [WARNING][SYNCER] Bad sensor item: {"room": "living_room_01", "type": "humidity", "value": 42,  — 'ts'
2026-04-29 16:43:08 [WARNING][SYNCER] Bad sensor item: {"room": "living_room_01", "type": "temperature", "value": 2 — 'ts'
2026-04-29 16:43:08 [WARNING][SYNCER] Bad sensor item: {"room": "living_room_01", "type": "humidity", "value": 42,  — 'ts'
2026-04-29 16:43:08 [WARNING][SYNCER] Bad sensor item: {"room": "living_room_01", "type": "temperature", "value": 2 — 'ts'
2026-04-29 16:43:08 [WARNING][SYNCER] Bad sensor item: {"room": "living_room_01", "type": "humidity", "value": 42,  — 'ts'
2026-04-29 16:43:08 [WARNING][SYNCER] Bad sensor item: {"room": "living_room_01", "type": "temperature", "value": 2 — 'ts'
2026-04-29 16:43:08 [WARNING][SYNCER] Bad sensor item: {"room": "living_room_01", "type": "humidity", "value": 42,  — 'ts'
2026-04-29 16:43:08 [WARNING][SYNCER] Bad sensor item: {"room": "living_room_01", "type": "temperature", "value": 2 — 'ts'
2026-04-29 16:43:08 [WARNING][SYNCER] Bad sensor item: {"room": "living_room_01", "type": "humidity", "value": 42,  — 'ts'
2026-04-29 16:43:08 [WARNING][SYNCER] Bad sensor item: {"room": "living_room_01", "type": "temperature", "value": 2 — 'ts'
2026-04-29 16:43:08 [WARNING][SYNCER] Bad sensor item: {"room": "living_room_01", "type": "humidity", "value": 42,  — 'ts'
2026-04-29 16:43:08 [WARNING][SYNCER] Bad sensor item: {"room": "living_room_01", "type": "temperature", "value": 2 — 'ts'
2026-04-29 16:43:08 [WARNING][SYNCER] Bad sensor item: {"room": "living_room_01", "type": "humidity", "value": 42,  — 'ts'
2026-04-29 16:43:08 [WARNING][SYNCER] Bad sensor item: {"room": "living_room_01", "type": "temperature", "value": 2 — 'ts'
2026-04-29 16:43:08 [WARNING][SYNCER] Bad sensor item: {"room": "living_room_01", "type": "humidity", "value": 42,  — 'ts'
2026-04-29 16:43:08 [WARNING][SYNCER] Bad sensor item: {"room": "living_room_01", "type": "temperature", "value": 2 — 'ts'
2026-04-29 16:43:08 [WARNING][SYNCER] Bad sensor item: {"room": "living_room_01", "type": "humidity", "value": 42,  — 'ts'
2026-04-29 16:43:08 [WARNING][SYNCER] Bad sensor item: {"room": "living_room_01", "type": "temperature", "value": 2 — 'ts'
2026-04-29 16:43:08 [WARNING][SYNCER] Bad sensor item: {"room": "living_room_01", "type": "humidity", "value": 42,  — 'ts'
2026-04-29 16:43:08 [WARNING][SYNCER] Bad sensor item: {"room": "living_room_01", "type": "temperature", "value": 2 — 'ts'
2026-04-29 16:43:08 [WARNING][SYNCER] Bad sensor item: {"room": "living_room_01", "type": "humidity", "value": 42,  — 'ts'
2026-04-29 16:43:08 [WARNING][SYNCER] Bad sensor item: {"room": "living_room_01", "type": "temperature", "value": 2 — 'ts'
2026-04-29 16:43:08 [WARNING][SYNCER] Bad sensor item: {"room": "living_room_01", "type": "humidity", "value": 42,  — 'ts'
2026-04-29 16:43:08 [WARNING][SYNCER] Bad sensor item: {"room": "living_room_01", "type": "temperature", "value": 2 — 'ts'
2026-04-29 16:43:08 [WARNING][SYNCER] Bad sensor item: {"room": "living_room_01", "type": "humidity", "value": 42,  — 'ts'
2026-04-29 16:43:08 [WARNING][SYNCER] Bad sensor item: {"room": "living_room_01", "type": "temperature", "value": 2 — 'ts'
2026-04-29 16:43:08 [WARNING][SYNCER] Bad sensor item: {"room": "living_room_01", "type": "humidity", "value": 42,  — 'ts'
2026-04-29 16:43:08 [WARNING][SYNCER] Bad sensor item: {"room": "living_room_01", "type": "temperature", "value": 2 — 'ts'
2026-04-29 16:43:08 [WARNING][SYNCER] Bad sensor item: {"room": "living_room_01", "type": "humidity", "value": 42,  — 'ts'
2026-04-29 16:43:08 [WARNING][SYNCER] Bad sensor item: {"room": "living_room_01", "type": "temperature", "value": 2 — 'ts'
2026-04-29 16:43:08 [WARNING][SYNCER] Bad sensor item: {"room": "living_room_01", "type": "humidity", "value": 42,  — 'ts'
2026-04-29 16:43:08 [WARNING][SYNCER] Bad sensor item: {"room": "living_room_01", "type": "temperature", "value": 2 — 'ts'
2026-04-29 16:43:08 [WARNING][SYNCER] Bad sensor item: {"room": "living_room_01", "type": "humidity", "value": 42,  — 'ts'
2026-04-29 16:43:08 [WARNING][SYNCER] Bad sensor item: {"room": "living_room_01", "type": "temperature", "value": 2 — 'ts'
2026-04-29 16:43:08 [WARNING][SYNCER] Bad sensor item: {"room": "living_room_01", "type": "humidity", "value": 42,  — 'ts'
2026-04-29 16:43:08 [WARNING][SYNCER] Bad sensor item: {"room": "living_room_01", "type": "temperature", "value": 2 — 'ts'
2026-04-29 16:43:08 [WARNING][SYNCER] Bad sensor item: {"room": "living_room_01", "type": "humidity", "value": 42,  — 'ts'
2026-04-29 16:43:08 [WARNING][SYNCER] Bad sensor item: {"room": "living_room_01", "type": "temperature", "value": 2 — 'ts'
2026-04-29 16:43:08 [WARNING][SYNCER] Bad sensor item: {"room": "living_room_01", "type": "humidity", "value": 42,  — 'ts'
2026-04-29 16:43:08 [WARNING][SYNCER] Bad sensor item: {"room": "living_room_01", "type": "temperature", "value": 2 — 'ts'
2026-04-29 16:43:08 [WARNING][SYNCER] Bad sensor item: {"room": "living_room_01", "type": "humidity", "value": 42,  — 'ts'
2026-04-29 16:47:39 [INFO][SYNCER] SyncWorker starting...
2026-04-29 16:47:39 [INFO][SYNCER] Waiting for SD2 (timeout 300s before degraded mode)...
2026-04-29 16:47:40 [INFO][SYNCER] ==================================================
2026-04-29 16:47:40 [INFO][SYNCER] 🚀 firebase_sync.py starting — project: nhathongminh-myhome
2026-04-29 16:47:40 [INFO][SYNCER] ==================================================
2026-04-29 16:47:40 [INFO][SYNCER] ✅ Firebase khởi tạo từ service account file
2026-04-29 16:47:40 [INFO][SYNCER] ✅ Redis connected at localhost:6379
=======================================================
  SmartHome Gateway — Starting
=======================================================
[MAIN] DB schema applied
[MAIN] DB init complete
[BUS] MessageBus started
[BUS] MQTT connected & subscribed
[WATCHDOG] Safety watchdog started
[BUS] Outbound loop started
[NET] RTC read error: Command '['sudo', 'hwclock', '-s']' returned non-zero exit status 1.
[NET] Network watchdog started
[NET] Internet: ON
[MAIN] FirebaseSync worker started
[MAIN] All workers started
[BRIDGE] Realtime bridge started
[API] Registered /api: auth
[AUTO] Cache loaded: 3 rules, 0 schedules
[SCHEDULER] Started
[API] Registered /api: sensors
[API] Registered /api: devices
[API] Registered /api: automation
[API] Registered /api: logs
[AUTO] Command listener started
[API] Registered /api: rfid
[API] Registered /api: wifi
[API] Registered /api: ota
[API] Registered /api: system
=======================================================
[MAIN] Gateway LIVE → http://0.0.0.0:5000/
[MAIN] API prefix:  http://0.0.0.0:5000/api/
=======================================================
 * Serving Flask app 'gateway_main'
 * Debug mode: off
2026-04-29 16:47:40 [INFO][SYNCER] [31m[1mWARNING: This is a development server. Do not use it in a production deployment. Use a production WSGI server instead.[0m
 * Running on all addresses (0.0.0.0)
 * Running on http://127.0.0.1:5000
 * Running on http://192.168.100.30:5000
2026-04-29 16:47:40 [INFO][SYNCER] [33mPress CTRL+C to quit[0m
2026-04-29 16:47:41 [INFO][SYNCER] ✅ Synced 3 rooms to Firebase (userId=UID_CUA_BAN)
2026-04-29 16:47:41 [INFO][SYNCER] 🔌 Redis subscriber started
2026-04-29 16:47:41 [INFO][SYNCER] 📋 CommandDispatcher started
2026-04-29 16:47:41 [INFO][SYNCER] 🔄 Sensor flush loop started (interval: 180s)
2026-04-29 16:52:39 [INFO][SYNCER] SyncWorker running (storage: sd2)
2026-04-29 16:52:39 [WARNING][SYNCER] Bad sensor item: {"room": "living_room_01", "type": "temperature", "value": 2 — 'ts'
2026-04-29 16:52:39 [WARNING][SYNCER] Bad sensor item: {"room": "living_room_01", "type": "humidity", "value": 42,  — 'ts'
2026-04-29 16:52:39 [WARNING][SYNCER] Bad sensor item: {"room": "living_room_01", "type": "temperature", "value": 2 — 'ts'
2026-04-29 16:52:39 [WARNING][SYNCER] Bad sensor item: {"room": "living_room_01", "type": "humidity", "value": 42,  — 'ts'
2026-04-29 16:52:39 [WARNING][SYNCER] Bad sensor item: {"room": "living_room_01", "type": "temperature", "value": 2 — 'ts'
2026-04-29 16:52:39 [WARNING][SYNCER] Bad sensor item: {"room": "living_room_01", "type": "humidity", "value": 42,  — 'ts'
2026-04-29 16:52:39 [WARNING][SYNCER] Bad sensor item: {"room": "living_room_01", "type": "temperature", "value": 2 — 'ts'
2026-04-29 16:52:39 [WARNING][SYNCER] Bad sensor item: {"room": "living_room_01", "type": "humidity", "value": 42,  — 'ts'
2026-04-29 16:52:39 [WARNING][SYNCER] Bad sensor item: {"room": "living_room_01", "type": "temperature", "value": 2 — 'ts'
2026-04-29 16:52:39 [WARNING][SYNCER] Bad sensor item: {"room": "living_room_01", "type": "humidity", "value": 42,  — 'ts'
2026-04-29 16:52:39 [WARNING][SYNCER] Bad sensor item: {"room": "living_room_01", "type": "temperature", "value": 2 — 'ts'
2026-04-29 16:52:39 [WARNING][SYNCER] Bad sensor item: {"room": "living_room_01", "type": "humidity", "value": 42,  — 'ts'
2026-04-29 16:52:39 [WARNING][SYNCER] Bad sensor item: {"room": "living_room_01", "type": "temperature", "value": 2 — 'ts'
2026-04-29 16:52:39 [WARNING][SYNCER] Bad sensor item: {"room": "living_room_01", "type": "humidity", "value": 42,  — 'ts'
2026-04-29 16:52:39 [WARNING][SYNCER] Bad sensor item: {"room": "living_room_01", "type": "temperature", "value": 2 — 'ts'
2026-04-29 16:52:39 [WARNING][SYNCER] Bad sensor item: {"room": "living_room_01", "type": "humidity", "value": 42,  — 'ts'
2026-04-29 16:52:39 [WARNING][SYNCER] Bad sensor item: {"room": "living_room_01", "type": "temperature", "value": 2 — 'ts'
2026-04-29 16:52:39 [WARNING][SYNCER] Bad sensor item: {"room": "living_room_01", "type": "humidity", "value": 42,  — 'ts'
2026-04-29 16:52:39 [WARNING][SYNCER] Bad sensor item: {"room": "living_room_01", "type": "temperature", "value": 2 — 'ts'
2026-04-29 16:52:39 [WARNING][SYNCER] Bad sensor item: {"room": "living_room_01", "type": "humidity", "value": 42,  — 'ts'
2026-04-29 16:52:39 [WARNING][SYNCER] Bad sensor item: {"room": "living_room_01", "type": "temperature", "value": 2 — 'ts'
2026-04-29 16:52:39 [WARNING][SYNCER] Bad sensor item: {"room": "living_room_01", "type": "humidity", "value": 42,  — 'ts'
2026-04-29 16:52:39 [WARNING][SYNCER] Bad sensor item: {"room": "living_room_01", "type": "temperature", "value": 2 — 'ts'
2026-04-29 16:52:39 [WARNING][SYNCER] Bad sensor item: {"room": "living_room_01", "type": "humidity", "value": 42,  — 'ts'
2026-04-29 16:52:39 [WARNING][SYNCER] Bad sensor item: {"room": "living_room_01", "type": "temperature", "value": 2 — 'ts'
2026-04-29 16:52:39 [WARNING][SYNCER] Bad sensor item: {"room": "living_room_01", "type": "humidity", "value": 42,  — 'ts'
2026-04-29 16:52:39 [WARNING][SYNCER] Bad sensor item: {"room": "living_room_01", "type": "temperature", "value": 2 — 'ts'
2026-04-29 16:52:39 [WARNING][SYNCER] Bad sensor item: {"room": "living_room_01", "type": "humidity", "value": 42,  — 'ts'
2026-04-29 16:52:39 [WARNING][SYNCER] Bad sensor item: {"room": "living_room_01", "type": "temperature", "value": 2 — 'ts'
2026-04-29 16:52:39 [WARNING][SYNCER] Bad sensor item: {"room": "living_room_01", "type": "humidity", "value": 42,  — 'ts'
2026-04-29 16:52:39 [WARNING][SYNCER] Bad sensor item: {"room": "living_room_01", "type": "temperature", "value": 2 — 'ts'
2026-04-29 16:52:39 [WARNING][SYNCER] Bad sensor item: {"room": "living_room_01", "type": "humidity", "value": 42,  — 'ts'
2026-04-29 16:52:39 [WARNING][SYNCER] Bad sensor item: {"room": "living_room_01", "type": "temperature", "value": 2 — 'ts'
2026-04-29 16:52:39 [WARNING][SYNCER] Bad sensor item: {"room": "living_room_01", "type": "humidity", "value": 42,  — 'ts'
2026-04-29 16:52:39 [WARNING][SYNCER] Bad sensor item: {"room": "living_room_01", "type": "temperature", "value": 2 — 'ts'
2026-04-29 16:52:39 [WARNING][SYNCER] Bad sensor item: {"room": "living_room_01", "type": "humidity", "value": 42,  — 'ts'
2026-04-29 16:52:39 [WARNING][SYNCER] Bad sensor item: {"room": "living_room_01", "type": "temperature", "value": 2 — 'ts'
2026-04-29 16:52:39 [WARNING][SYNCER] Bad sensor item: {"room": "living_room_01", "type": "humidity", "value": 42,  — 'ts'
2026-04-29 16:52:39 [WARNING][SYNCER] Bad sensor item: {"room": "living_room_01", "type": "temperature", "value": 2 — 'ts'
2026-04-29 16:52:39 [WARNING][SYNCER] Bad sensor item: {"room": "living_room_01", "type": "humidity", "value": 42,  — 'ts'
2026-04-29 16:52:39 [WARNING][SYNCER] Bad sensor item: {"room": "living_room_01", "type": "temperature", "value": 2 — 'ts'
2026-04-29 16:52:39 [WARNING][SYNCER] Bad sensor item: {"room": "living_room_01", "type": "humidity", "value": 42,  — 'ts'
2026-04-29 16:52:39 [WARNING][SYNCER] Bad sensor item: {"room": "living_room_01", "type": "temperature", "value": 2 — 'ts'
2026-04-29 16:52:39 [WARNING][SYNCER] Bad sensor item: {"room": "living_room_01", "type": "humidity", "value": 42,  — 'ts'
2026-04-29 16:52:39 [WARNING][SYNCER] Bad sensor item: {"room": "living_room_01", "type": "temperature", "value": 2 — 'ts'
2026-04-29 16:52:39 [WARNING][SYNCER] Bad sensor item: {"room": "living_room_01", "type": "humidity", "value": 42,  — 'ts'
2026-04-29 16:52:39 [WARNING][SYNCER] Bad sensor item: {"room": "living_room_01", "type": "temperature", "value": 2 — 'ts'
2026-04-29 16:52:39 [WARNING][SYNCER] Bad sensor item: {"room": "living_room_01", "type": "humidity", "value": 42,  — 'ts'
2026-04-29 16:52:39 [WARNING][SYNCER] Bad sensor item: {"room": "living_room_01", "type": "temperature", "value": 2 — 'ts'
2026-04-29 16:52:39 [WARNING][SYNCER] Bad sensor item: {"room": "living_room_01", "type": "humidity", "value": 42,  — 'ts'
2026-04-29 16:52:39 [INFO][SYNCER] DB rotated → /mnt/sd2/data/data_2026-04-29.db (mode: sd2)
2026-04-29 16:55:39 [WARNING][SYNCER] Bad sensor item: {"room": "living_room_01", "type": "temperature", "value": 2 — 'ts'
2026-04-29 16:55:39 [WARNING][SYNCER] Bad sensor item: {"room": "living_room_01", "type": "humidity", "value": 42,  — 'ts'
2026-04-29 16:55:39 [WARNING][SYNCER] Bad sensor item: {"room": "living_room_01", "type": "temperature", "value": 2 — 'ts'
2026-04-29 16:55:39 [WARNING][SYNCER] Bad sensor item: {"room": "living_room_01", "type": "humidity", "value": 42,  — 'ts'
2026-04-29 16:55:39 [WARNING][SYNCER] Bad sensor item: {"room": "living_room_01", "type": "temperature", "value": 2 — 'ts'
2026-04-29 16:55:39 [WARNING][SYNCER] Bad sensor item: {"room": "living_room_01", "type": "humidity", "value": 42,  — 'ts'
2026-04-29 16:55:39 [WARNING][SYNCER] Bad sensor item: {"room": "living_room_01", "type": "temperature", "value": 2 — 'ts'
2026-04-29 16:55:39 [WARNING][SYNCER] Bad sensor item: {"room": "living_room_01", "type": "humidity", "value": 42,  — 'ts'
2026-04-29 16:55:39 [WARNING][SYNCER] Bad sensor item: {"room": "living_room_01", "type": "temperature", "value": 2 — 'ts'
2026-04-29 16:55:39 [WARNING][SYNCER] Bad sensor item: {"room": "living_room_01", "type": "humidity", "value": 42,  — 'ts'
2026-04-29 16:55:39 [WARNING][SYNCER] Bad sensor item: {"room": "living_room_01", "type": "temperature", "value": 2 — 'ts'
2026-04-29 16:55:39 [WARNING][SYNCER] Bad sensor item: {"room": "living_room_01", "type": "humidity", "value": 42,  — 'ts'
2026-04-29 16:55:39 [WARNING][SYNCER] Bad sensor item: {"room": "living_room_01", "type": "temperature", "value": 2 — 'ts'
2026-04-29 16:55:39 [WARNING][SYNCER] Bad sensor item: {"room": "living_room_01", "type": "humidity", "value": 42,  — 'ts'
2026-04-29 16:55:39 [WARNING][SYNCER] Bad sensor item: {"room": "living_room_01", "type": "temperature", "value": 2 — 'ts'
2026-04-29 16:55:39 [WARNING][SYNCER] Bad sensor item: {"room": "living_room_01", "type": "humidity", "value": 42,  — 'ts'
2026-04-29 16:55:39 [WARNING][SYNCER] Bad sensor item: {"room": "living_room_01", "type": "temperature", "value": 2 — 'ts'
2026-04-29 16:55:39 [WARNING][SYNCER] Bad sensor item: {"room": "living_room_01", "type": "humidity", "value": 42,  — 'ts'
2026-04-29 16:55:39 [WARNING][SYNCER] Bad sensor item: {"room": "living_room_01", "type": "temperature", "value": 2 — 'ts'
2026-04-29 16:55:39 [WARNING][SYNCER] Bad sensor item: {"room": "living_room_01", "type": "humidity", "value": 42,  — 'ts'
2026-04-29 16:55:39 [WARNING][SYNCER] Bad sensor item: {"room": "living_room_01", "type": "temperature", "value": 2 — 'ts'
2026-04-29 16:55:39 [WARNING][SYNCER] Bad sensor item: {"room": "living_room_01", "type": "humidity", "value": 42,  — 'ts'
2026-04-29 16:55:39 [WARNING][SYNCER] Bad sensor item: {"room": "living_room_01", "type": "temperature", "value": 2 — 'ts'
2026-04-29 16:55:39 [WARNING][SYNCER] Bad sensor item: {"room": "living_room_01", "type": "humidity", "value": 42,  — 'ts'
2026-04-29 16:55:39 [WARNING][SYNCER] Bad sensor item: {"room": "living_room_01", "type": "temperature", "value": 2 — 'ts'
2026-04-29 16:55:39 [WARNING][SYNCER] Bad sensor item: {"room": "living_room_01", "type": "humidity", "value": 42,  — 'ts'
2026-04-29 16:55:39 [WARNING][SYNCER] Bad sensor item: {"room": "living_room_01", "type": "temperature", "value": 2 — 'ts'
2026-04-29 16:55:39 [WARNING][SYNCER] Bad sensor item: {"room": "living_room_01", "type": "humidity", "value": 42,  — 'ts'
2026-04-29 16:55:39 [WARNING][SYNCER] Bad sensor item: {"room": "living_room_01", "type": "temperature", "value": 2 — 'ts'
2026-04-29 16:55:39 [WARNING][SYNCER] Bad sensor item: {"room": "living_room_01", "type": "humidity", "value": 42,  — 'ts'
2026-04-29 16:55:39 [WARNING][SYNCER] Bad sensor item: {"room": "living_room_01", "type": "temperature", "value": 2 — 'ts'
2026-04-29 16:55:39 [WARNING][SYNCER] Bad sensor item: {"room": "living_room_01", "type": "humidity", "value": 42,  — 'ts'
2026-04-29 16:55:39 [WARNING][SYNCER] Bad sensor item: {"room": "living_room_01", "type": "temperature", "value": 2 — 'ts'
2026-04-29 16:55:39 [WARNING][SYNCER] Bad sensor item: {"room": "living_room_01", "type": "humidity", "value": 42,  — 'ts'
2026-04-29 16:55:39 [WARNING][SYNCER] Bad sensor item: {"room": "living_room_01", "type": "temperature", "value": 2 — 'ts'
2026-04-29 16:55:39 [WARNING][SYNCER] Bad sensor item: {"room": "living_room_01", "type": "humidity", "value": 42,  — 'ts'
2026-04-29 16:55:39 [WARNING][SYNCER] Bad sensor item: {"room": "living_room_01", "type": "temperature", "value": 2 — 'ts'
2026-04-29 16:55:39 [WARNING][SYNCER] Bad sensor item: {"room": "living_room_01", "type": "humidity", "value": 42,  — 'ts'
2026-04-29 16:55:39 [WARNING][SYNCER] Bad sensor item: {"room": "living_room_01", "type": "temperature", "value": 2 — 'ts'
2026-04-29 16:55:39 [WARNING][SYNCER] Bad sensor item: {"room": "living_room_01", "type": "humidity", "value": 42,  — 'ts'
2026-04-29 16:55:39 [WARNING][SYNCER] Bad sensor item: {"room": "living_room_01", "type": "temperature", "value": 2 — 'ts'
2026-04-29 16:55:39 [WARNING][SYNCER] Bad sensor item: {"room": "living_room_01", "type": "humidity", "value": 42,  — 'ts'
2026-04-29 16:55:39 [WARNING][SYNCER] Bad sensor item: {"room": "living_room_01", "type": "temperature", "value": 2 — 'ts'
2026-04-29 16:55:39 [WARNING][SYNCER] Bad sensor item: {"room": "living_room_01", "type": "humidity", "value": 42,  — 'ts'
2026-04-29 16:55:39 [WARNING][SYNCER] Bad sensor item: {"room": "living_room_01", "type": "temperature", "value": 2 — 'ts'
2026-04-29 16:55:39 [WARNING][SYNCER] Bad sensor item: {"room": "living_room_01", "type": "humidity", "value": 42,  — 'ts'
2026-04-29 16:55:39 [WARNING][SYNCER] Bad sensor item: {"room": "living_room_01", "type": "temperature", "value": 2 — 'ts'
2026-04-29 16:55:39 [WARNING][SYNCER] Bad sensor item: {"room": "living_room_01", "type": "humidity", "value": 42,  — 'ts'
2026-04-29 16:55:39 [WARNING][SYNCER] Bad sensor item: {"room": "living_room_01", "type": "temperature", "value": 2 — 'ts'
2026-04-29 16:55:39 [WARNING][SYNCER] Bad sensor item: {"room": "living_room_01", "type": "humidity", "value": 42,  — 'ts'
2026-04-29 17:07:29 [INFO][SYNCER] SyncWorker starting...
2026-04-29 17:07:29 [INFO][SYNCER] Waiting for SD2 (timeout 300s before degraded mode)...
2026-04-29 17:07:29 [INFO][SYNCER] ==================================================
2026-04-29 17:07:29 [INFO][SYNCER] 🚀 firebase_sync.py starting — project: nhathongminh-myhome
2026-04-29 17:07:29 [INFO][SYNCER] ==================================================
2026-04-29 17:07:30 [INFO][SYNCER] ✅ Firebase khởi tạo từ service account file
2026-04-29 17:07:30 [INFO][SYNCER] ✅ Redis connected at localhost:6379
=======================================================
  SmartHome Gateway — Starting
=======================================================
[MAIN] DB schema applied
[MAIN] DB init complete
[BUS] MessageBus started
[BUS] MQTT connected & subscribed
[WATCHDOG] Safety watchdog started
[BUS] Outbound loop started
[NET] RTC read error: Command '['sudo', 'hwclock', '-s']' returned non-zero exit status 1.
[NET] Network watchdog started
[NET] Internet: ON
[MAIN] FirebaseSync worker started
[MAIN] All workers started
[BRIDGE] Realtime bridge started
[AUTO] Cache loaded: 3 rules, 0 schedules
[SCHEDULER] Started
[API] Registered /api: auth
[API] Registered /api: sensors
[API] Registered /api: devices
[API] Registered /api: automation
[API] Registered /api: logs
[AUTO] Command listener started
[API] Registered /api: rfid
[API] Registered /api: wifi
[API] Registered /api: ota
[API] Registered /api: system
=======================================================
[MAIN] Gateway LIVE → http://0.0.0.0:5000/
[MAIN] API prefix:  http://0.0.0.0:5000/api/
=======================================================
 * Serving Flask app 'gateway_main'
 * Debug mode: off
2026-04-29 17:07:30 [INFO][SYNCER] [31m[1mWARNING: This is a development server. Do not use it in a production deployment. Use a production WSGI server instead.[0m
 * Running on all addresses (0.0.0.0)
 * Running on http://127.0.0.1:5000
 * Running on http://192.168.100.30:5000
2026-04-29 17:07:30 [INFO][SYNCER] [33mPress CTRL+C to quit[0m
2026-04-29 17:07:30 [INFO][SYNCER] ✅ Synced 3 rooms to Firebase (userId=UID_CUA_BAN)
2026-04-29 17:07:30 [INFO][SYNCER] 📋 CommandDispatcher started
2026-04-29 17:07:30 [INFO][SYNCER] 🔌 Redis subscriber started
2026-04-29 17:07:30 [INFO][SYNCER] 🔄 Sensor flush loop started (interval: 180s)
2026-04-29 17:12:29 [INFO][SYNCER] SyncWorker running (storage: sd2)
2026-04-29 17:12:29 [WARNING][SYNCER] Bad sensor item: {"room": "living_room_01", "type": "temperature", "value": 2 — 'ts'
2026-04-29 17:12:29 [WARNING][SYNCER] Bad sensor item: {"room": "living_room_01", "type": "humidity", "value": 42,  — 'ts'
2026-04-29 17:12:29 [WARNING][SYNCER] Bad sensor item: {"room": "living_room_01", "type": "temperature", "value": 2 — 'ts'
2026-04-29 17:12:29 [WARNING][SYNCER] Bad sensor item: {"room": "living_room_01", "type": "humidity", "value": 42,  — 'ts'
2026-04-29 17:12:29 [WARNING][SYNCER] Bad sensor item: {"room": "living_room_01", "type": "temperature", "value": 2 — 'ts'
2026-04-29 17:12:29 [WARNING][SYNCER] Bad sensor item: {"room": "living_room_01", "type": "humidity", "value": 42,  — 'ts'
2026-04-29 17:12:29 [WARNING][SYNCER] Bad sensor item: {"room": "living_room_01", "type": "temperature", "value": 2 — 'ts'
2026-04-29 17:12:29 [WARNING][SYNCER] Bad sensor item: {"room": "living_room_01", "type": "humidity", "value": 42,  — 'ts'
2026-04-29 17:12:29 [WARNING][SYNCER] Bad sensor item: {"room": "living_room_01", "type": "temperature", "value": 2 — 'ts'
2026-04-29 17:12:29 [WARNING][SYNCER] Bad sensor item: {"room": "living_room_01", "type": "humidity", "value": 42,  — 'ts'
2026-04-29 17:12:29 [WARNING][SYNCER] Bad sensor item: {"room": "living_room_01", "type": "temperature", "value": 2 — 'ts'
2026-04-29 17:12:29 [WARNING][SYNCER] Bad sensor item: {"room": "living_room_01", "type": "humidity", "value": 42,  — 'ts'
2026-04-29 17:12:29 [WARNING][SYNCER] Bad sensor item: {"room": "living_room_01", "type": "temperature", "value": 2 — 'ts'
2026-04-29 17:12:29 [WARNING][SYNCER] Bad sensor item: {"room": "living_room_01", "type": "humidity", "value": 42,  — 'ts'
2026-04-29 17:12:29 [WARNING][SYNCER] Bad sensor item: {"room": "living_room_01", "type": "temperature", "value": 2 — 'ts'
2026-04-29 17:12:29 [WARNING][SYNCER] Bad sensor item: {"room": "living_room_01", "type": "humidity", "value": 42,  — 'ts'
2026-04-29 17:12:29 [WARNING][SYNCER] Bad sensor item: {"room": "living_room_01", "type": "temperature", "value": 2 — 'ts'
2026-04-29 17:12:29 [WARNING][SYNCER] Bad sensor item: {"room": "living_room_01", "type": "humidity", "value": 42,  — 'ts'
2026-04-29 17:12:29 [WARNING][SYNCER] Bad sensor item: {"room": "living_room_01", "type": "temperature", "value": 2 — 'ts'
2026-04-29 17:12:29 [WARNING][SYNCER] Bad sensor item: {"room": "living_room_01", "type": "humidity", "value": 42,  — 'ts'
2026-04-29 17:12:29 [WARNING][SYNCER] Bad sensor item: {"room": "living_room_01", "type": "temperature", "value": 2 — 'ts'
2026-04-29 17:12:29 [WARNING][SYNCER] Bad sensor item: {"room": "living_room_01", "type": "humidity", "value": 42,  — 'ts'
2026-04-29 17:12:29 [WARNING][SYNCER] Bad sensor item: {"room": "living_room_01", "type": "temperature", "value": 2 — 'ts'
2026-04-29 17:12:29 [WARNING][SYNCER] Bad sensor item: {"room": "living_room_01", "type": "humidity", "value": 42,  — 'ts'
2026-04-29 17:12:29 [WARNING][SYNCER] Bad sensor item: {"room": "living_room_01", "type": "temperature", "value": 2 — 'ts'
2026-04-29 17:12:29 [WARNING][SYNCER] Bad sensor item: {"room": "living_room_01", "type": "humidity", "value": 42,  — 'ts'
2026-04-29 17:12:29 [WARNING][SYNCER] Bad sensor item: {"room": "living_room_01", "type": "temperature", "value": 2 — 'ts'
2026-04-29 17:12:29 [WARNING][SYNCER] Bad sensor item: {"room": "living_room_01", "type": "humidity", "value": 42,  — 'ts'
2026-04-29 17:12:29 [WARNING][SYNCER] Bad sensor item: {"room": "living_room_01", "type": "temperature", "value": 2 — 'ts'
2026-04-29 17:12:29 [WARNING][SYNCER] Bad sensor item: {"room": "living_room_01", "type": "humidity", "value": 42,  — 'ts'
2026-04-29 17:12:29 [WARNING][SYNCER] Bad sensor item: {"room": "living_room_01", "type": "temperature", "value": 2 — 'ts'
2026-04-29 17:12:29 [WARNING][SYNCER] Bad sensor item: {"room": "living_room_01", "type": "humidity", "value": 42,  — 'ts'
2026-04-29 17:12:29 [WARNING][SYNCER] Bad sensor item: {"room": "living_room_01", "type": "temperature", "value": 2 — 'ts'
2026-04-29 17:12:29 [WARNING][SYNCER] Bad sensor item: {"room": "living_room_01", "type": "humidity", "value": 42,  — 'ts'
2026-04-29 17:12:29 [WARNING][SYNCER] Bad sensor item: {"room": "living_room_01", "type": "temperature", "value": 2 — 'ts'
2026-04-29 17:12:29 [WARNING][SYNCER] Bad sensor item: {"room": "living_room_01", "type": "humidity", "value": 42,  — 'ts'
2026-04-29 17:12:29 [WARNING][SYNCER] Bad sensor item: {"room": "living_room_01", "type": "temperature", "value": 2 — 'ts'
2026-04-29 17:12:29 [WARNING][SYNCER] Bad sensor item: {"room": "living_room_01", "type": "humidity", "value": 42,  — 'ts'
2026-04-29 17:12:29 [WARNING][SYNCER] Bad sensor item: {"room": "living_room_01", "type": "temperature", "value": 2 — 'ts'
2026-04-29 17:12:29 [WARNING][SYNCER] Bad sensor item: {"room": "living_room_01", "type": "humidity", "value": 42,  — 'ts'
2026-04-29 17:12:29 [WARNING][SYNCER] Bad sensor item: {"room": "living_room_01", "type": "temperature", "value": 2 — 'ts'
2026-04-29 17:12:29 [WARNING][SYNCER] Bad sensor item: {"room": "living_room_01", "type": "humidity", "value": 42,  — 'ts'
2026-04-29 17:12:29 [WARNING][SYNCER] Bad sensor item: {"room": "living_room_01", "type": "temperature", "value": 2 — 'ts'
2026-04-29 17:12:29 [WARNING][SYNCER] Bad sensor item: {"room": "living_room_01", "type": "humidity", "value": 42,  — 'ts'
2026-04-29 17:12:29 [WARNING][SYNCER] Bad sensor item: {"room": "living_room_01", "type": "temperature", "value": 2 — 'ts'
2026-04-29 17:12:29 [WARNING][SYNCER] Bad sensor item: {"room": "living_room_01", "type": "humidity", "value": 42,  — 'ts'
2026-04-29 17:12:29 [WARNING][SYNCER] Bad sensor item: {"room": "living_room_01", "type": "temperature", "value": 2 — 'ts'
2026-04-29 17:12:29 [WARNING][SYNCER] Bad sensor item: {"room": "living_room_01", "type": "humidity", "value": 42,  — 'ts'
2026-04-29 17:12:29 [WARNING][SYNCER] Bad sensor item: {"room": "living_room_01", "type": "temperature", "value": 2 — 'ts'
2026-04-29 17:12:29 [WARNING][SYNCER] Bad sensor item: {"room": "living_room_01", "type": "humidity", "value": 42,  — 'ts'
2026-04-29 17:12:29 [INFO][SYNCER] DB rotated → /mnt/sd2/data/data_2026-04-29.db (mode: sd2)
2026-04-29 17:15:29 [WARNING][SYNCER] Bad sensor item: {"room": "living_room_01", "type": "temperature", "value": 2 — 'ts'
2026-04-29 17:15:29 [WARNING][SYNCER] Bad sensor item: {"room": "living_room_01", "type": "humidity", "value": 42,  — 'ts'
2026-04-29 17:15:29 [WARNING][SYNCER] Bad sensor item: {"room": "living_room_01", "type": "temperature", "value": 2 — 'ts'
2026-04-29 17:15:29 [WARNING][SYNCER] Bad sensor item: {"room": "living_room_01", "type": "humidity", "value": 42,  — 'ts'
2026-04-29 17:15:29 [WARNING][SYNCER] Bad sensor item: {"room": "living_room_01", "type": "temperature", "value": 2 — 'ts'
2026-04-29 17:15:29 [WARNING][SYNCER] Bad sensor item: {"room": "living_room_01", "type": "humidity", "value": 42,  — 'ts'
2026-04-29 17:15:29 [WARNING][SYNCER] Bad sensor item: {"room": "living_room_01", "type": "temperature", "value": 2 — 'ts'
2026-04-29 17:15:29 [WARNING][SYNCER] Bad sensor item: {"room": "living_room_01", "type": "humidity", "value": 42,  — 'ts'
2026-04-29 17:15:29 [WARNING][SYNCER] Bad sensor item: {"room": "living_room_01", "type": "temperature", "value": 2 — 'ts'
2026-04-29 17:15:29 [WARNING][SYNCER] Bad sensor item: {"room": "living_room_01", "type": "humidity", "value": 42,  — 'ts'
2026-04-29 17:15:29 [WARNING][SYNCER] Bad sensor item: {"room": "living_room_01", "type": "temperature", "value": 2 — 'ts'
2026-04-29 17:15:29 [WARNING][SYNCER] Bad sensor item: {"room": "living_room_01", "type": "humidity", "value": 42,  — 'ts'
2026-04-29 17:15:29 [WARNING][SYNCER] Bad sensor item: {"room": "living_room_01", "type": "temperature", "value": 2 — 'ts'
2026-04-29 17:15:29 [WARNING][SYNCER] Bad sensor item: {"room": "living_room_01", "type": "humidity", "value": 42,  — 'ts'
2026-04-29 17:15:29 [WARNING][SYNCER] Bad sensor item: {"room": "living_room_01", "type": "temperature", "value": 2 — 'ts'
2026-04-29 17:15:29 [WARNING][SYNCER] Bad sensor item: {"room": "living_room_01", "type": "humidity", "value": 42,  — 'ts'
2026-04-29 17:15:29 [WARNING][SYNCER] Bad sensor item: {"room": "living_room_01", "type": "temperature", "value": 2 — 'ts'
2026-04-29 17:15:29 [WARNING][SYNCER] Bad sensor item: {"room": "living_room_01", "type": "humidity", "value": 42,  — 'ts'
2026-04-29 17:15:29 [WARNING][SYNCER] Bad sensor item: {"room": "living_room_01", "type": "temperature", "value": 2 — 'ts'
2026-04-29 17:15:29 [WARNING][SYNCER] Bad sensor item: {"room": "living_room_01", "type": "humidity", "value": 42,  — 'ts'
2026-04-29 17:15:29 [WARNING][SYNCER] Bad sensor item: {"room": "living_room_01", "type": "temperature", "value": 2 — 'ts'
2026-04-29 17:15:29 [WARNING][SYNCER] Bad sensor item: {"room": "living_room_01", "type": "humidity", "value": 42,  — 'ts'
2026-04-29 17:15:29 [WARNING][SYNCER] Bad sensor item: {"room": "living_room_01", "type": "temperature", "value": 2 — 'ts'
2026-04-29 17:15:29 [WARNING][SYNCER] Bad sensor item: {"room": "living_room_01", "type": "humidity", "value": 42,  — 'ts'
2026-04-29 17:15:29 [WARNING][SYNCER] Bad sensor item: {"room": "living_room_01", "type": "temperature", "value": 2 — 'ts'
2026-04-29 17:15:29 [WARNING][SYNCER] Bad sensor item: {"room": "living_room_01", "type": "humidity", "value": 42,  — 'ts'
2026-04-29 17:15:29 [WARNING][SYNCER] Bad sensor item: {"room": "living_room_01", "type": "temperature", "value": 2 — 'ts'
2026-04-29 17:15:29 [WARNING][SYNCER] Bad sensor item: {"room": "living_room_01", "type": "humidity", "value": 42,  — 'ts'
2026-04-29 17:15:29 [WARNING][SYNCER] Bad sensor item: {"room": "living_room_01", "type": "temperature", "value": 2 — 'ts'
2026-04-29 17:15:29 [WARNING][SYNCER] Bad sensor item: {"room": "living_room_01", "type": "humidity", "value": 42,  — 'ts'
2026-04-29 17:15:29 [WARNING][SYNCER] Bad sensor item: {"room": "living_room_01", "type": "temperature", "value": 2 — 'ts'
2026-04-29 17:15:29 [WARNING][SYNCER] Bad sensor item: {"room": "living_room_01", "type": "humidity", "value": 42,  — 'ts'
2026-04-29 17:15:29 [WARNING][SYNCER] Bad sensor item: {"room": "living_room_01", "type": "temperature", "value": 2 — 'ts'
2026-04-29 17:15:29 [WARNING][SYNCER] Bad sensor item: {"room": "living_room_01", "type": "humidity", "value": 42,  — 'ts'
2026-04-29 17:15:29 [WARNING][SYNCER] Bad sensor item: {"room": "living_room_01", "type": "temperature", "value": 2 — 'ts'
2026-04-29 17:15:29 [WARNING][SYNCER] Bad sensor item: {"room": "living_room_01", "type": "humidity", "value": 42,  — 'ts'
2026-04-29 17:15:29 [WARNING][SYNCER] Bad sensor item: {"room": "living_room_01", "type": "temperature", "value": 2 — 'ts'
2026-04-29 17:15:29 [WARNING][SYNCER] Bad sensor item: {"room": "living_room_01", "type": "humidity", "value": 42,  — 'ts'
2026-04-29 17:15:29 [WARNING][SYNCER] Bad sensor item: {"room": "living_room_01", "type": "temperature", "value": 2 — 'ts'
2026-04-29 17:15:29 [WARNING][SYNCER] Bad sensor item: {"room": "living_room_01", "type": "humidity", "value": 42,  — 'ts'
2026-04-29 17:15:29 [WARNING][SYNCER] Bad sensor item: {"room": "living_room_01", "type": "temperature", "value": 2 — 'ts'
2026-04-29 17:15:29 [WARNING][SYNCER] Bad sensor item: {"room": "living_room_01", "type": "humidity", "value": 42,  — 'ts'
2026-04-29 17:15:29 [WARNING][SYNCER] Bad sensor item: {"room": "living_room_01", "type": "temperature", "value": 2 — 'ts'
2026-04-29 17:15:29 [WARNING][SYNCER] Bad sensor item: {"room": "living_room_01", "type": "humidity", "value": 42,  — 'ts'
2026-04-29 17:15:29 [WARNING][SYNCER] Bad sensor item: {"room": "living_room_01", "type": "temperature", "value": 2 — 'ts'
2026-04-29 17:15:29 [WARNING][SYNCER] Bad sensor item: {"room": "living_room_01", "type": "humidity", "value": 42,  — 'ts'
2026-04-29 17:15:29 [WARNING][SYNCER] Bad sensor item: {"room": "living_room_01", "type": "temperature", "value": 2 — 'ts'
2026-04-29 17:15:29 [WARNING][SYNCER] Bad sensor item: {"room": "living_room_01", "type": "humidity", "value": 42,  — 'ts'
2026-04-29 17:15:29 [WARNING][SYNCER] Bad sensor item: {"room": "living_room_01", "type": "temperature", "value": 2 — 'ts'
2026-04-29 17:15:29 [WARNING][SYNCER] Bad sensor item: {"room": "living_room_01", "type": "humidity", "value": 42,  — 'ts'
2026-04-29 17:18:29 [WARNING][SYNCER] Bad sensor item: {"room": "living_room_01", "type": "temperature", "value": 2 — 'ts'
2026-04-29 17:18:29 [WARNING][SYNCER] Bad sensor item: {"room": "living_room_01", "type": "humidity", "value": 42,  — 'ts'
2026-04-29 17:18:29 [WARNING][SYNCER] Bad sensor item: {"room": "living_room_01", "type": "temperature", "value": 2 — 'ts'
2026-04-29 17:18:29 [WARNING][SYNCER] Bad sensor item: {"room": "living_room_01", "type": "humidity", "value": 42,  — 'ts'
2026-04-29 17:18:29 [WARNING][SYNCER] Bad sensor item: {"room": "living_room_01", "type": "temperature", "value": 2 — 'ts'
2026-04-29 17:18:29 [WARNING][SYNCER] Bad sensor item: {"room": "living_room_01", "type": "humidity", "value": 42,  — 'ts'
2026-04-29 17:18:29 [WARNING][SYNCER] Bad sensor item: {"room": "living_room_01", "type": "temperature", "value": 2 — 'ts'
2026-04-29 17:18:29 [WARNING][SYNCER] Bad sensor item: {"room": "living_room_01", "type": "humidity", "value": 42,  — 'ts'
2026-04-29 17:18:29 [WARNING][SYNCER] Bad sensor item: {"room": "living_room_01", "type": "temperature", "value": 2 — 'ts'
2026-04-29 17:18:29 [WARNING][SYNCER] Bad sensor item: {"room": "living_room_01", "type": "humidity", "value": 42,  — 'ts'
2026-04-29 17:18:29 [WARNING][SYNCER] Bad sensor item: {"room": "living_room_01", "type": "temperature", "value": 2 — 'ts'
2026-04-29 17:18:29 [WARNING][SYNCER] Bad sensor item: {"room": "living_room_01", "type": "humidity", "value": 42,  — 'ts'
2026-04-29 17:18:29 [WARNING][SYNCER] Bad sensor item: {"room": "living_room_01", "type": "temperature", "value": 2 — 'ts'
2026-04-29 17:18:29 [WARNING][SYNCER] Bad sensor item: {"room": "living_room_01", "type": "humidity", "value": 42,  — 'ts'
2026-04-29 17:18:29 [WARNING][SYNCER] Bad sensor item: {"room": "living_room_01", "type": "temperature", "value": 2 — 'ts'
2026-04-29 17:18:29 [WARNING][SYNCER] Bad sensor item: {"room": "living_room_01", "type": "humidity", "value": 42,  — 'ts'
2026-04-29 17:18:29 [WARNING][SYNCER] Bad sensor item: {"room": "living_room_01", "type": "temperature", "value": 2 — 'ts'
2026-04-29 17:18:29 [WARNING][SYNCER] Bad sensor item: {"room": "living_room_01", "type": "humidity", "value": 42,  — 'ts'
2026-04-29 17:18:29 [WARNING][SYNCER] Bad sensor item: {"room": "living_room_01", "type": "temperature", "value": 2 — 'ts'
2026-04-29 17:18:29 [WARNING][SYNCER] Bad sensor item: {"room": "living_room_01", "type": "humidity", "value": 42,  — 'ts'
2026-04-29 17:18:29 [WARNING][SYNCER] Bad sensor item: {"room": "living_room_01", "type": "temperature", "value": 2 — 'ts'
2026-04-29 17:18:29 [WARNING][SYNCER] Bad sensor item: {"room": "living_room_01", "type": "humidity", "value": 42,  — 'ts'
2026-04-29 17:18:29 [WARNING][SYNCER] Bad sensor item: {"room": "living_room_01", "type": "temperature", "value": 2 — 'ts'
2026-04-29 17:18:29 [WARNING][SYNCER] Bad sensor item: {"room": "living_room_01", "type": "humidity", "value": 42,  — 'ts'
2026-04-29 17:18:29 [WARNING][SYNCER] Bad sensor item: {"room": "living_room_01", "type": "temperature", "value": 2 — 'ts'
2026-04-29 17:18:29 [WARNING][SYNCER] Bad sensor item: {"room": "living_room_01", "type": "humidity", "value": 42,  — 'ts'
2026-04-29 17:18:29 [WARNING][SYNCER] Bad sensor item: {"room": "living_room_01", "type": "temperature", "value": 2 — 'ts'
2026-04-29 17:18:29 [WARNING][SYNCER] Bad sensor item: {"room": "living_room_01", "type": "humidity", "value": 42,  — 'ts'
2026-04-29 17:18:29 [WARNING][SYNCER] Bad sensor item: {"room": "living_room_01", "type": "temperature", "value": 2 — 'ts'
2026-04-29 17:18:29 [WARNING][SYNCER] Bad sensor item: {"room": "living_room_01", "type": "humidity", "value": 42,  — 'ts'
2026-04-29 17:18:29 [WARNING][SYNCER] Bad sensor item: {"room": "living_room_01", "type": "temperature", "value": 2 — 'ts'
2026-04-29 17:18:29 [WARNING][SYNCER] Bad sensor item: {"room": "living_room_01", "type": "humidity", "value": 42,  — 'ts'
2026-04-29 17:18:29 [WARNING][SYNCER] Bad sensor item: {"room": "living_room_01", "type": "temperature", "value": 2 — 'ts'
2026-04-29 17:18:29 [WARNING][SYNCER] Bad sensor item: {"room": "living_room_01", "type": "humidity", "value": 42,  — 'ts'
2026-04-29 17:18:29 [WARNING][SYNCER] Bad sensor item: {"room": "living_room_01", "type": "temperature", "value": 2 — 'ts'
2026-04-29 17:18:29 [WARNING][SYNCER] Bad sensor item: {"room": "living_room_01", "type": "humidity", "value": 42,  — 'ts'
2026-04-29 17:18:29 [WARNING][SYNCER] Bad sensor item: {"room": "living_room_01", "type": "temperature", "value": 2 — 'ts'
2026-04-29 17:18:29 [WARNING][SYNCER] Bad sensor item: {"room": "living_room_01", "type": "humidity", "value": 42,  — 'ts'
2026-04-29 17:18:29 [WARNING][SYNCER] Bad sensor item: {"room": "living_room_01", "type": "temperature", "value": 2 — 'ts'
2026-04-29 17:18:29 [WARNING][SYNCER] Bad sensor item: {"room": "living_room_01", "type": "humidity", "value": 42,  — 'ts'
2026-04-29 17:18:29 [WARNING][SYNCER] Bad sensor item: {"room": "living_room_01", "type": "temperature", "value": 2 — 'ts'
2026-04-29 17:18:29 [WARNING][SYNCER] Bad sensor item: {"room": "living_room_01", "type": "humidity", "value": 42,  — 'ts'
2026-04-29 17:18:29 [WARNING][SYNCER] Bad sensor item: {"room": "living_room_01", "type": "temperature", "value": 2 — 'ts'
2026-04-29 17:18:29 [WARNING][SYNCER] Bad sensor item: {"room": "living_room_01", "type": "humidity", "value": 42,  — 'ts'
2026-04-29 17:18:29 [WARNING][SYNCER] Bad sensor item: {"room": "living_room_01", "type": "temperature", "value": 2 — 'ts'
2026-04-29 17:18:29 [WARNING][SYNCER] Bad sensor item: {"room": "living_room_01", "type": "humidity", "value": 42,  — 'ts'
2026-04-29 17:18:29 [WARNING][SYNCER] Bad sensor item: {"room": "living_room_01", "type": "temperature", "value": 2 — 'ts'
2026-04-29 17:18:29 [WARNING][SYNCER] Bad sensor item: {"room": "living_room_01", "type": "humidity", "value": 42,  — 'ts'
2026-04-29 17:18:29 [WARNING][SYNCER] Bad sensor item: {"room": "living_room_01", "type": "temperature", "value": 2 — 'ts'
2026-04-29 17:18:29 [WARNING][SYNCER] Bad sensor item: {"room": "living_room_01", "type": "humidity", "value": 42,  — 'ts'
2026-04-29 17:21:29 [WARNING][SYNCER] Bad sensor item: {"room": "living_room_01", "type": "temperature", "value": 2 — 'ts'
2026-04-29 17:21:29 [WARNING][SYNCER] Bad sensor item: {"room": "living_room_01", "type": "humidity", "value": 42,  — 'ts'
2026-04-29 17:21:29 [WARNING][SYNCER] Bad sensor item: {"room": "living_room_01", "type": "temperature", "value": 2 — 'ts'
2026-04-29 17:21:29 [WARNING][SYNCER] Bad sensor item: {"room": "living_room_01", "type": "humidity", "value": 42,  — 'ts'
2026-04-29 17:21:29 [WARNING][SYNCER] Bad sensor item: {"room": "living_room_01", "type": "temperature", "value": 2 — 'ts'
2026-04-29 17:21:29 [WARNING][SYNCER] Bad sensor item: {"room": "living_room_01", "type": "humidity", "value": 42,  — 'ts'
2026-04-29 17:21:29 [WARNING][SYNCER] Bad sensor item: {"room": "living_room_01", "type": "temperature", "value": 2 — 'ts'
2026-04-29 17:21:29 [WARNING][SYNCER] Bad sensor item: {"room": "living_room_01", "type": "humidity", "value": 42,  — 'ts'
2026-04-29 17:21:29 [WARNING][SYNCER] Bad sensor item: {"room": "living_room_01", "type": "temperature", "value": 2 — 'ts'
2026-04-29 17:21:29 [WARNING][SYNCER] Bad sensor item: {"room": "living_room_01", "type": "humidity", "value": 42,  — 'ts'
2026-04-29 17:21:29 [WARNING][SYNCER] Bad sensor item: {"room": "living_room_01", "type": "temperature", "value": 2 — 'ts'
2026-04-29 17:21:29 [WARNING][SYNCER] Bad sensor item: {"room": "living_room_01", "type": "humidity", "value": 42,  — 'ts'
2026-04-29 17:21:29 [WARNING][SYNCER] Bad sensor item: {"room": "living_room_01", "type": "temperature", "value": 2 — 'ts'
2026-04-29 17:21:29 [WARNING][SYNCER] Bad sensor item: {"room": "living_room_01", "type": "humidity", "value": 42,  — 'ts'
2026-04-29 17:21:29 [WARNING][SYNCER] Bad sensor item: {"room": "living_room_01", "type": "temperature", "value": 2 — 'ts'
2026-04-29 17:21:29 [WARNING][SYNCER] Bad sensor item: {"room": "living_room_01", "type": "humidity", "value": 42,  — 'ts'
2026-04-29 17:21:29 [WARNING][SYNCER] Bad sensor item: {"room": "living_room_01", "type": "temperature", "value": 2 — 'ts'
2026-04-29 17:21:29 [WARNING][SYNCER] Bad sensor item: {"room": "living_room_01", "type": "humidity", "value": 42,  — 'ts'
2026-04-29 17:21:29 [WARNING][SYNCER] Bad sensor item: {"room": "living_room_01", "type": "temperature", "value": 2 — 'ts'
2026-04-29 17:21:29 [WARNING][SYNCER] Bad sensor item: {"room": "living_room_01", "type": "humidity", "value": 42,  — 'ts'
2026-04-29 17:21:29 [WARNING][SYNCER] Bad sensor item: {"room": "living_room_01", "type": "temperature", "value": 2 — 'ts'
2026-04-29 17:21:29 [WARNING][SYNCER] Bad sensor item: {"room": "living_room_01", "type": "humidity", "value": 42,  — 'ts'
2026-04-29 17:21:29 [WARNING][SYNCER] Bad sensor item: {"room": "living_room_01", "type": "temperature", "value": 2 — 'ts'
2026-04-29 17:21:29 [WARNING][SYNCER] Bad sensor item: {"room": "living_room_01", "type": "humidity", "value": 42,  — 'ts'
2026-04-29 17:21:29 [WARNING][SYNCER] Bad sensor item: {"room": "living_room_01", "type": "temperature", "value": 2 — 'ts'
2026-04-29 17:21:29 [WARNING][SYNCER] Bad sensor item: {"room": "living_room_01", "type": "humidity", "value": 42,  — 'ts'
2026-04-29 17:21:29 [WARNING][SYNCER] Bad sensor item: {"room": "living_room_01", "type": "temperature", "value": 2 — 'ts'
2026-04-29 17:21:29 [WARNING][SYNCER] Bad sensor item: {"room": "living_room_01", "type": "humidity", "value": 42,  — 'ts'
2026-04-29 17:21:29 [WARNING][SYNCER] Bad sensor item: {"room": "living_room_01", "type": "temperature", "value": 2 — 'ts'
2026-04-29 17:21:29 [WARNING][SYNCER] Bad sensor item: {"room": "living_room_01", "type": "humidity", "value": 42,  — 'ts'
2026-04-29 17:21:29 [WARNING][SYNCER] Bad sensor item: {"room": "living_room_01", "type": "temperature", "value": 2 — 'ts'
2026-04-29 17:21:29 [WARNING][SYNCER] Bad sensor item: {"room": "living_room_01", "type": "humidity", "value": 42,  — 'ts'
2026-04-29 17:21:29 [WARNING][SYNCER] Bad sensor item: {"room": "living_room_01", "type": "temperature", "value": 2 — 'ts'
2026-04-29 17:21:29 [WARNING][SYNCER] Bad sensor item: {"room": "living_room_01", "type": "humidity", "value": 42,  — 'ts'
2026-04-29 17:21:29 [WARNING][SYNCER] Bad sensor item: {"room": "living_room_01", "type": "temperature", "value": 2 — 'ts'
2026-04-29 17:21:29 [WARNING][SYNCER] Bad sensor item: {"room": "living_room_01", "type": "humidity", "value": 42,  — 'ts'
2026-04-29 17:21:29 [WARNING][SYNCER] Bad sensor item: {"room": "living_room_01", "type": "temperature", "value": 2 — 'ts'
2026-04-29 17:21:29 [WARNING][SYNCER] Bad sensor item: {"room": "living_room_01", "type": "humidity", "value": 42,  — 'ts'
2026-04-29 17:21:29 [WARNING][SYNCER] Bad sensor item: {"room": "living_room_01", "type": "temperature", "value": 2 — 'ts'
2026-04-29 17:21:29 [WARNING][SYNCER] Bad sensor item: {"room": "living_room_01", "type": "humidity", "value": 42,  — 'ts'
2026-04-29 17:21:29 [WARNING][SYNCER] Bad sensor item: {"room": "living_room_01", "type": "temperature", "value": 2 — 'ts'
2026-04-29 17:21:29 [WARNING][SYNCER] Bad sensor item: {"room": "living_room_01", "type": "humidity", "value": 42,  — 'ts'
2026-04-29 17:21:29 [WARNING][SYNCER] Bad sensor item: {"room": "living_room_01", "type": "temperature", "value": 2 — 'ts'
2026-04-29 17:21:29 [WARNING][SYNCER] Bad sensor item: {"room": "living_room_01", "type": "humidity", "value": 42,  — 'ts'
2026-04-29 17:21:29 [WARNING][SYNCER] Bad sensor item: {"room": "living_room_01", "type": "temperature", "value": 2 — 'ts'
2026-04-29 17:21:29 [WARNING][SYNCER] Bad sensor item: {"room": "living_room_01", "type": "humidity", "value": 42,  — 'ts'
2026-04-29 17:21:29 [WARNING][SYNCER] Bad sensor item: {"room": "living_room_01", "type": "temperature", "value": 2 — 'ts'
2026-04-29 17:21:29 [WARNING][SYNCER] Bad sensor item: {"room": "living_room_01", "type": "humidity", "value": 42,  — 'ts'
2026-04-29 17:21:29 [WARNING][SYNCER] Bad sensor item: {"room": "living_room_01", "type": "temperature", "value": 2 — 'ts'
2026-04-29 17:21:29 [WARNING][SYNCER] Bad sensor item: {"room": "living_room_01", "type": "humidity", "value": 42,  — 'ts'
2026-04-29 17:24:29 [WARNING][SYNCER] Bad sensor item: {"room": "living_room_01", "type": "temperature", "value": 2 — 'ts'
2026-04-29 17:24:29 [WARNING][SYNCER] Bad sensor item: {"room": "living_room_01", "type": "humidity", "value": 42,  — 'ts'
2026-04-29 17:24:29 [WARNING][SYNCER] Bad sensor item: {"room": "living_room_01", "type": "temperature", "value": 2 — 'ts'
2026-04-29 17:24:29 [WARNING][SYNCER] Bad sensor item: {"room": "living_room_01", "type": "humidity", "value": 42,  — 'ts'
2026-04-29 17:24:29 [WARNING][SYNCER] Bad sensor item: {"room": "living_room_01", "type": "temperature", "value": 2 — 'ts'
2026-04-29 17:24:29 [WARNING][SYNCER] Bad sensor item: {"room": "living_room_01", "type": "humidity", "value": 42,  — 'ts'
2026-04-29 17:24:29 [WARNING][SYNCER] Bad sensor item: {"room": "living_room_01", "type": "temperature", "value": 2 — 'ts'
2026-04-29 17:24:29 [WARNING][SYNCER] Bad sensor item: {"room": "living_room_01", "type": "humidity", "value": 42,  — 'ts'
2026-04-29 17:24:29 [WARNING][SYNCER] Bad sensor item: {"room": "living_room_01", "type": "temperature", "value": 2 — 'ts'
2026-04-29 17:24:29 [WARNING][SYNCER] Bad sensor item: {"room": "living_room_01", "type": "humidity", "value": 42,  — 'ts'
2026-04-29 17:24:29 [WARNING][SYNCER] Bad sensor item: {"room": "living_room_01", "type": "temperature", "value": 2 — 'ts'
2026-04-29 17:24:29 [WARNING][SYNCER] Bad sensor item: {"room": "living_room_01", "type": "humidity", "value": 42,  — 'ts'
2026-04-29 17:24:29 [WARNING][SYNCER] Bad sensor item: {"room": "living_room_01", "type": "temperature", "value": 2 — 'ts'
2026-04-29 17:24:29 [WARNING][SYNCER] Bad sensor item: {"room": "living_room_01", "type": "humidity", "value": 42,  — 'ts'
2026-04-29 17:24:29 [WARNING][SYNCER] Bad sensor item: {"room": "living_room_01", "type": "temperature", "value": 2 — 'ts'
2026-04-29 17:24:29 [WARNING][SYNCER] Bad sensor item: {"room": "living_room_01", "type": "humidity", "value": 42,  — 'ts'
2026-04-29 17:24:29 [WARNING][SYNCER] Bad sensor item: {"room": "living_room_01", "type": "temperature", "value": 2 — 'ts'
2026-04-29 17:24:29 [WARNING][SYNCER] Bad sensor item: {"room": "living_room_01", "type": "humidity", "value": 42,  — 'ts'
2026-04-29 17:24:29 [WARNING][SYNCER] Bad sensor item: {"room": "living_room_01", "type": "temperature", "value": 2 — 'ts'
2026-04-29 17:24:29 [WARNING][SYNCER] Bad sensor item: {"room": "living_room_01", "type": "humidity", "value": 42,  — 'ts'
2026-04-29 17:24:29 [WARNING][SYNCER] Bad sensor item: {"room": "living_room_01", "type": "temperature", "value": 2 — 'ts'
2026-04-29 17:24:29 [WARNING][SYNCER] Bad sensor item: {"room": "living_room_01", "type": "humidity", "value": 42,  — 'ts'
2026-04-29 17:24:29 [WARNING][SYNCER] Bad sensor item: {"room": "living_room_01", "type": "temperature", "value": 2 — 'ts'
2026-04-29 17:24:29 [WARNING][SYNCER] Bad sensor item: {"room": "living_room_01", "type": "humidity", "value": 42,  — 'ts'
2026-04-29 17:24:29 [WARNING][SYNCER] Bad sensor item: {"room": "living_room_01", "type": "temperature", "value": 2 — 'ts'
2026-04-29 17:24:29 [WARNING][SYNCER] Bad sensor item: {"room": "living_room_01", "type": "humidity", "value": 42,  — 'ts'
2026-04-29 17:24:29 [WARNING][SYNCER] Bad sensor item: {"room": "living_room_01", "type": "temperature", "value": 2 — 'ts'
2026-04-29 17:24:29 [WARNING][SYNCER] Bad sensor item: {"room": "living_room_01", "type": "humidity", "value": 42,  — 'ts'
2026-04-29 17:24:29 [WARNING][SYNCER] Bad sensor item: {"room": "living_room_01", "type": "temperature", "value": 2 — 'ts'
2026-04-29 17:24:29 [WARNING][SYNCER] Bad sensor item: {"room": "living_room_01", "type": "humidity", "value": 42,  — 'ts'
2026-04-29 17:24:29 [WARNING][SYNCER] Bad sensor item: {"room": "living_room_01", "type": "temperature", "value": 2 — 'ts'
2026-04-29 17:24:29 [WARNING][SYNCER] Bad sensor item: {"room": "living_room_01", "type": "humidity", "value": 42,  — 'ts'
2026-04-29 17:24:29 [WARNING][SYNCER] Bad sensor item: {"room": "living_room_01", "type": "temperature", "value": 2 — 'ts'
2026-04-29 17:24:29 [WARNING][SYNCER] Bad sensor item: {"room": "living_room_01", "type": "humidity", "value": 42,  — 'ts'
2026-04-29 17:24:29 [WARNING][SYNCER] Bad sensor item: {"room": "living_room_01", "type": "temperature", "value": 2 — 'ts'
2026-04-29 17:24:29 [WARNING][SYNCER] Bad sensor item: {"room": "living_room_01", "type": "humidity", "value": 42,  — 'ts'
2026-04-29 17:24:29 [WARNING][SYNCER] Bad sensor item: {"room": "living_room_01", "type": "temperature", "value": 2 — 'ts'
2026-04-29 17:24:29 [WARNING][SYNCER] Bad sensor item: {"room": "living_room_01", "type": "humidity", "value": 42,  — 'ts'
2026-04-29 17:24:29 [WARNING][SYNCER] Bad sensor item: {"room": "living_room_01", "type": "temperature", "value": 2 — 'ts'
2026-04-29 17:24:29 [WARNING][SYNCER] Bad sensor item: {"room": "living_room_01", "type": "humidity", "value": 42,  — 'ts'
2026-04-29 17:24:29 [WARNING][SYNCER] Bad sensor item: {"room": "living_room_01", "type": "temperature", "value": 2 — 'ts'
2026-04-29 17:24:29 [WARNING][SYNCER] Bad sensor item: {"room": "living_room_01", "type": "humidity", "value": 42,  — 'ts'
2026-04-29 17:24:29 [WARNING][SYNCER] Bad sensor item: {"room": "living_room_01", "type": "temperature", "value": 2 — 'ts'
2026-04-29 17:24:29 [WARNING][SYNCER] Bad sensor item: {"room": "living_room_01", "type": "humidity", "value": 42,  — 'ts'
2026-04-29 17:24:29 [WARNING][SYNCER] Bad sensor item: {"room": "living_room_01", "type": "temperature", "value": 2 — 'ts'
2026-04-29 17:24:29 [WARNING][SYNCER] Bad sensor item: {"room": "living_room_01", "type": "humidity", "value": 42,  — 'ts'
2026-04-29 17:24:29 [WARNING][SYNCER] Bad sensor item: {"room": "living_room_01", "type": "temperature", "value": 2 — 'ts'
2026-04-29 17:24:29 [WARNING][SYNCER] Bad sensor item: {"room": "living_room_01", "type": "humidity", "value": 42,  — 'ts'
2026-04-29 17:24:29 [WARNING][SYNCER] Bad sensor item: {"room": "living_room_01", "type": "temperature", "value": 2 — 'ts'
2026-04-29 17:24:29 [WARNING][SYNCER] Bad sensor item: {"room": "living_room_01", "type": "humidity", "value": 42,  — 'ts'
2026-04-29 17:27:29 [WARNING][SYNCER] Bad sensor item: {"room": "living_room_01", "type": "temperature", "value": 2 — 'ts'
2026-04-29 17:27:29 [WARNING][SYNCER] Bad sensor item: {"room": "living_room_01", "type": "humidity", "value": 42,  — 'ts'
2026-04-29 17:27:29 [WARNING][SYNCER] Bad sensor item: {"room": "living_room_01", "type": "temperature", "value": 2 — 'ts'
2026-04-29 17:27:29 [WARNING][SYNCER] Bad sensor item: {"room": "living_room_01", "type": "humidity", "value": 42,  — 'ts'
2026-04-29 17:27:29 [WARNING][SYNCER] Bad sensor item: {"room": "living_room_01", "type": "temperature", "value": 2 — 'ts'
2026-04-29 17:27:29 [WARNING][SYNCER] Bad sensor item: {"room": "living_room_01", "type": "humidity", "value": 42,  — 'ts'
2026-04-29 17:27:29 [WARNING][SYNCER] Bad sensor item: {"room": "living_room_01", "type": "temperature", "value": 2 — 'ts'
2026-04-29 17:27:29 [WARNING][SYNCER] Bad sensor item: {"room": "living_room_01", "type": "humidity", "value": 42,  — 'ts'
2026-04-29 17:27:29 [WARNING][SYNCER] Bad sensor item: {"room": "living_room_01", "type": "temperature", "value": 2 — 'ts'
2026-04-29 17:27:29 [WARNING][SYNCER] Bad sensor item: {"room": "living_room_01", "type": "humidity", "value": 42,  — 'ts'
2026-04-29 17:27:29 [WARNING][SYNCER] Bad sensor item: {"room": "living_room_01", "type": "temperature", "value": 2 — 'ts'
2026-04-29 17:27:29 [WARNING][SYNCER] Bad sensor item: {"room": "living_room_01", "type": "humidity", "value": 42,  — 'ts'
2026-04-29 17:27:29 [WARNING][SYNCER] Bad sensor item: {"room": "living_room_01", "type": "temperature", "value": 2 — 'ts'
2026-04-29 17:27:29 [WARNING][SYNCER] Bad sensor item: {"room": "living_room_01", "type": "humidity", "value": 42,  — 'ts'
2026-04-29 17:27:29 [WARNING][SYNCER] Bad sensor item: {"room": "living_room_01", "type": "temperature", "value": 2 — 'ts'
2026-04-29 17:27:29 [WARNING][SYNCER] Bad sensor item: {"room": "living_room_01", "type": "humidity", "value": 42,  — 'ts'
2026-04-29 17:27:29 [WARNING][SYNCER] Bad sensor item: {"room": "living_room_01", "type": "temperature", "value": 2 — 'ts'
2026-04-29 17:27:29 [WARNING][SYNCER] Bad sensor item: {"room": "living_room_01", "type": "humidity", "value": 42,  — 'ts'
2026-04-29 17:27:29 [WARNING][SYNCER] Bad sensor item: {"room": "living_room_01", "type": "temperature", "value": 2 — 'ts'
2026-04-29 17:27:29 [WARNING][SYNCER] Bad sensor item: {"room": "living_room_01", "type": "humidity", "value": 42,  — 'ts'
2026-04-29 17:27:29 [WARNING][SYNCER] Bad sensor item: {"room": "living_room_01", "type": "temperature", "value": 2 — 'ts'
2026-04-29 17:27:29 [WARNING][SYNCER] Bad sensor item: {"room": "living_room_01", "type": "humidity", "value": 42,  — 'ts'
2026-04-29 17:27:29 [WARNING][SYNCER] Bad sensor item: {"room": "living_room_01", "type": "temperature", "value": 2 — 'ts'
2026-04-29 17:27:29 [WARNING][SYNCER] Bad sensor item: {"room": "living_room_01", "type": "humidity", "value": 42,  — 'ts'
2026-04-29 17:27:29 [WARNING][SYNCER] Bad sensor item: {"room": "living_room_01", "type": "temperature", "value": 2 — 'ts'
2026-04-29 17:27:29 [WARNING][SYNCER] Bad sensor item: {"room": "living_room_01", "type": "humidity", "value": 42,  — 'ts'
2026-04-29 17:27:29 [WARNING][SYNCER] Bad sensor item: {"room": "living_room_01", "type": "temperature", "value": 2 — 'ts'
2026-04-29 17:27:29 [WARNING][SYNCER] Bad sensor item: {"room": "living_room_01", "type": "humidity", "value": 42,  — 'ts'
2026-04-29 17:27:29 [WARNING][SYNCER] Bad sensor item: {"room": "living_room_01", "type": "temperature", "value": 2 — 'ts'
2026-04-29 17:27:29 [WARNING][SYNCER] Bad sensor item: {"room": "living_room_01", "type": "humidity", "value": 42,  — 'ts'
2026-04-29 17:27:29 [WARNING][SYNCER] Bad sensor item: {"room": "living_room_01", "type": "temperature", "value": 2 — 'ts'
2026-04-29 17:27:29 [WARNING][SYNCER] Bad sensor item: {"room": "living_room_01", "type": "humidity", "value": 42,  — 'ts'
2026-04-29 17:27:29 [WARNING][SYNCER] Bad sensor item: {"room": "living_room_01", "type": "temperature", "value": 2 — 'ts'
2026-04-29 17:27:29 [WARNING][SYNCER] Bad sensor item: {"room": "living_room_01", "type": "humidity", "value": 42,  — 'ts'
2026-04-29 17:27:29 [WARNING][SYNCER] Bad sensor item: {"room": "living_room_01", "type": "temperature", "value": 2 — 'ts'
2026-04-29 17:27:29 [WARNING][SYNCER] Bad sensor item: {"room": "living_room_01", "type": "humidity", "value": 42,  — 'ts'
2026-04-29 17:27:29 [WARNING][SYNCER] Bad sensor item: {"room": "living_room_01", "type": "temperature", "value": 2 — 'ts'
2026-04-29 17:27:29 [WARNING][SYNCER] Bad sensor item: {"room": "living_room_01", "type": "humidity", "value": 42,  — 'ts'
2026-04-29 17:27:29 [WARNING][SYNCER] Bad sensor item: {"room": "living_room_01", "type": "temperature", "value": 2 — 'ts'
2026-04-29 17:27:29 [WARNING][SYNCER] Bad sensor item: {"room": "living_room_01", "type": "humidity", "value": 42,  — 'ts'
2026-04-29 17:27:29 [WARNING][SYNCER] Bad sensor item: {"room": "living_room_01", "type": "temperature", "value": 2 — 'ts'
2026-04-29 17:27:29 [WARNING][SYNCER] Bad sensor item: {"room": "living_room_01", "type": "humidity", "value": 42,  — 'ts'
2026-04-29 17:27:29 [WARNING][SYNCER] Bad sensor item: {"room": "living_room_01", "type": "temperature", "value": 2 — 'ts'
2026-04-29 17:27:29 [WARNING][SYNCER] Bad sensor item: {"room": "living_room_01", "type": "humidity", "value": 42,  — 'ts'
2026-04-29 17:27:29 [WARNING][SYNCER] Bad sensor item: {"room": "living_room_01", "type": "temperature", "value": 2 — 'ts'
2026-04-29 17:27:29 [WARNING][SYNCER] Bad sensor item: {"room": "living_room_01", "type": "humidity", "value": 42,  — 'ts'
2026-04-29 17:27:29 [WARNING][SYNCER] Bad sensor item: {"room": "living_room_01", "type": "temperature", "value": 2 — 'ts'
2026-04-29 17:27:29 [WARNING][SYNCER] Bad sensor item: {"room": "living_room_01", "type": "humidity", "value": 42,  — 'ts'
2026-04-29 17:27:29 [WARNING][SYNCER] Bad sensor item: {"room": "living_room_01", "type": "temperature", "value": 2 — 'ts'
2026-04-29 17:27:29 [WARNING][SYNCER] Bad sensor item: {"room": "living_room_01", "type": "humidity", "value": 42,  — 'ts'
2026-04-29 17:30:29 [WARNING][SYNCER] Bad sensor item: {"room": "living_room_01", "type": "temperature", "value": 2 — 'ts'
2026-04-29 17:30:29 [WARNING][SYNCER] Bad sensor item: {"room": "living_room_01", "type": "humidity", "value": 42,  — 'ts'
2026-04-29 17:30:29 [WARNING][SYNCER] Bad sensor item: {"room": "living_room_01", "type": "temperature", "value": 2 — 'ts'
2026-04-29 17:30:29 [WARNING][SYNCER] Bad sensor item: {"room": "living_room_01", "type": "humidity", "value": 42,  — 'ts'
2026-04-29 17:30:29 [WARNING][SYNCER] Bad sensor item: {"room": "living_room_01", "type": "temperature", "value": 2 — 'ts'
2026-04-29 17:30:29 [WARNING][SYNCER] Bad sensor item: {"room": "living_room_01", "type": "humidity", "value": 42,  — 'ts'
2026-04-29 17:30:29 [WARNING][SYNCER] Bad sensor item: {"room": "living_room_01", "type": "temperature", "value": 2 — 'ts'
2026-04-29 17:30:29 [WARNING][SYNCER] Bad sensor item: {"room": "living_room_01", "type": "humidity", "value": 42,  — 'ts'
2026-04-29 17:30:29 [WARNING][SYNCER] Bad sensor item: {"room": "living_room_01", "type": "temperature", "value": 2 — 'ts'
2026-04-29 17:30:29 [WARNING][SYNCER] Bad sensor item: {"room": "living_room_01", "type": "humidity", "value": 42,  — 'ts'
2026-04-29 17:30:29 [WARNING][SYNCER] Bad sensor item: {"room": "living_room_01", "type": "temperature", "value": 2 — 'ts'
2026-04-29 17:30:29 [WARNING][SYNCER] Bad sensor item: {"room": "living_room_01", "type": "humidity", "value": 42,  — 'ts'
2026-04-29 17:30:29 [WARNING][SYNCER] Bad sensor item: {"room": "living_room_01", "type": "temperature", "value": 2 — 'ts'
2026-04-29 17:30:29 [WARNING][SYNCER] Bad sensor item: {"room": "living_room_01", "type": "humidity", "value": 42,  — 'ts'
2026-04-29 17:30:29 [WARNING][SYNCER] Bad sensor item: {"room": "living_room_01", "type": "temperature", "value": 2 — 'ts'
2026-04-29 17:30:29 [WARNING][SYNCER] Bad sensor item: {"room": "living_room_01", "type": "humidity", "value": 42,  — 'ts'
2026-04-29 17:30:29 [WARNING][SYNCER] Bad sensor item: {"room": "living_room_01", "type": "temperature", "value": 2 — 'ts'
2026-04-29 17:30:29 [WARNING][SYNCER] Bad sensor item: {"room": "living_room_01", "type": "humidity", "value": 42,  — 'ts'
2026-04-29 17:30:29 [WARNING][SYNCER] Bad sensor item: {"room": "living_room_01", "type": "temperature", "value": 2 — 'ts'
2026-04-29 17:30:29 [WARNING][SYNCER] Bad sensor item: {"room": "living_room_01", "type": "humidity", "value": 42,  — 'ts'
2026-04-29 17:30:29 [WARNING][SYNCER] Bad sensor item: {"room": "living_room_01", "type": "temperature", "value": 2 — 'ts'
2026-04-29 17:30:29 [WARNING][SYNCER] Bad sensor item: {"room": "living_room_01", "type": "humidity", "value": 42,  — 'ts'
2026-04-29 17:30:29 [WARNING][SYNCER] Bad sensor item: {"room": "living_room_01", "type": "temperature", "value": 2 — 'ts'
2026-04-29 17:30:29 [WARNING][SYNCER] Bad sensor item: {"room": "living_room_01", "type": "humidity", "value": 42,  — 'ts'
2026-04-29 17:30:29 [WARNING][SYNCER] Bad sensor item: {"room": "living_room_01", "type": "temperature", "value": 2 — 'ts'
2026-04-29 17:30:29 [WARNING][SYNCER] Bad sensor item: {"room": "living_room_01", "type": "humidity", "value": 42,  — 'ts'
2026-04-29 17:30:29 [WARNING][SYNCER] Bad sensor item: {"room": "living_room_01", "type": "temperature", "value": 2 — 'ts'
2026-04-29 17:30:29 [WARNING][SYNCER] Bad sensor item: {"room": "living_room_01", "type": "humidity", "value": 42,  — 'ts'
2026-04-29 17:30:29 [WARNING][SYNCER] Bad sensor item: {"room": "living_room_01", "type": "temperature", "value": 2 — 'ts'
2026-04-29 17:30:29 [WARNING][SYNCER] Bad sensor item: {"room": "living_room_01", "type": "humidity", "value": 42,  — 'ts'
2026-04-29 17:30:29 [WARNING][SYNCER] Bad sensor item: {"room": "living_room_01", "type": "temperature", "value": 2 — 'ts'
2026-04-29 17:30:29 [WARNING][SYNCER] Bad sensor item: {"room": "living_room_01", "type": "humidity", "value": 42,  — 'ts'
2026-04-29 17:30:29 [WARNING][SYNCER] Bad sensor item: {"room": "living_room_01", "type": "temperature", "value": 2 — 'ts'
2026-04-29 17:30:29 [WARNING][SYNCER] Bad sensor item: {"room": "living_room_01", "type": "humidity", "value": 42,  — 'ts'
2026-04-29 17:30:29 [WARNING][SYNCER] Bad sensor item: {"room": "living_room_01", "type": "temperature", "value": 2 — 'ts'
2026-04-29 17:30:29 [WARNING][SYNCER] Bad sensor item: {"room": "living_room_01", "type": "humidity", "value": 42,  — 'ts'
2026-04-29 17:30:29 [WARNING][SYNCER] Bad sensor item: {"room": "living_room_01", "type": "temperature", "value": 2 — 'ts'
2026-04-29 17:30:29 [WARNING][SYNCER] Bad sensor item: {"room": "living_room_01", "type": "humidity", "value": 42,  — 'ts'
2026-04-29 17:30:29 [WARNING][SYNCER] Bad sensor item: {"room": "living_room_01", "type": "temperature", "value": 2 — 'ts'
2026-04-29 17:30:29 [WARNING][SYNCER] Bad sensor item: {"room": "living_room_01", "type": "humidity", "value": 42,  — 'ts'
2026-04-29 17:30:29 [WARNING][SYNCER] Bad sensor item: {"room": "living_room_01", "type": "temperature", "value": 2 — 'ts'
2026-04-29 17:30:29 [WARNING][SYNCER] Bad sensor item: {"room": "living_room_01", "type": "humidity", "value": 42,  — 'ts'
2026-04-29 17:30:29 [WARNING][SYNCER] Bad sensor item: {"room": "living_room_01", "type": "temperature", "value": 2 — 'ts'
2026-04-29 17:30:29 [WARNING][SYNCER] Bad sensor item: {"room": "living_room_01", "type": "humidity", "value": 42,  — 'ts'
2026-04-29 17:30:29 [WARNING][SYNCER] Bad sensor item: {"room": "living_room_01", "type": "temperature", "value": 2 — 'ts'
2026-04-29 17:30:29 [WARNING][SYNCER] Bad sensor item: {"room": "living_room_01", "type": "humidity", "value": 42,  — 'ts'
2026-04-29 17:30:29 [WARNING][SYNCER] Bad sensor item: {"room": "living_room_01", "type": "temperature", "value": 2 — 'ts'
2026-04-29 17:30:29 [WARNING][SYNCER] Bad sensor item: {"room": "living_room_01", "type": "humidity", "value": 42,  — 'ts'
2026-04-29 17:30:29 [WARNING][SYNCER] Bad sensor item: {"room": "living_room_01", "type": "temperature", "value": 2 — 'ts'
2026-04-29 17:30:29 [WARNING][SYNCER] Bad sensor item: {"room": "living_room_01", "type": "humidity", "value": 42,  — 'ts'
2026-04-29 17:33:29 [WARNING][SYNCER] Bad sensor item: {"room": "living_room_01", "type": "temperature", "value": 2 — 'ts'
2026-04-29 17:33:29 [WARNING][SYNCER] Bad sensor item: {"room": "living_room_01", "type": "humidity", "value": 42,  — 'ts'
2026-04-29 17:33:29 [WARNING][SYNCER] Bad sensor item: {"room": "living_room_01", "type": "temperature", "value": 2 — 'ts'
2026-04-29 17:33:29 [WARNING][SYNCER] Bad sensor item: {"room": "living_room_01", "type": "humidity", "value": 42,  — 'ts'
2026-04-29 17:33:29 [WARNING][SYNCER] Bad sensor item: {"room": "living_room_01", "type": "temperature", "value": 2 — 'ts'
2026-04-29 17:33:29 [WARNING][SYNCER] Bad sensor item: {"room": "living_room_01", "type": "humidity", "value": 42,  — 'ts'
2026-04-29 17:33:29 [WARNING][SYNCER] Bad sensor item: {"room": "living_room_01", "type": "temperature", "value": 2 — 'ts'
2026-04-29 17:33:29 [WARNING][SYNCER] Bad sensor item: {"room": "living_room_01", "type": "humidity", "value": 42,  — 'ts'
2026-04-29 17:33:29 [WARNING][SYNCER] Bad sensor item: {"room": "living_room_01", "type": "temperature", "value": 2 — 'ts'
2026-04-29 17:33:29 [WARNING][SYNCER] Bad sensor item: {"room": "living_room_01", "type": "humidity", "value": 42,  — 'ts'
2026-04-29 17:33:29 [WARNING][SYNCER] Bad sensor item: {"room": "living_room_01", "type": "temperature", "value": 2 — 'ts'
2026-04-29 17:33:29 [WARNING][SYNCER] Bad sensor item: {"room": "living_room_01", "type": "humidity", "value": 42,  — 'ts'
2026-04-29 17:33:29 [WARNING][SYNCER] Bad sensor item: {"room": "living_room_01", "type": "temperature", "value": 2 — 'ts'
2026-04-29 17:33:29 [WARNING][SYNCER] Bad sensor item: {"room": "living_room_01", "type": "humidity", "value": 42,  — 'ts'
2026-04-29 17:33:29 [WARNING][SYNCER] Bad sensor item: {"room": "living_room_01", "type": "temperature", "value": 2 — 'ts'
2026-04-29 17:33:29 [WARNING][SYNCER] Bad sensor item: {"room": "living_room_01", "type": "humidity", "value": 42,  — 'ts'
2026-04-29 17:33:29 [WARNING][SYNCER] Bad sensor item: {"room": "living_room_01", "type": "temperature", "value": 2 — 'ts'
2026-04-29 17:33:29 [WARNING][SYNCER] Bad sensor item: {"room": "living_room_01", "type": "humidity", "value": 42,  — 'ts'
2026-04-29 17:33:29 [WARNING][SYNCER] Bad sensor item: {"room": "living_room_01", "type": "temperature", "value": 2 — 'ts'
2026-04-29 17:33:29 [WARNING][SYNCER] Bad sensor item: {"room": "living_room_01", "type": "humidity", "value": 42,  — 'ts'
2026-04-29 17:33:29 [WARNING][SYNCER] Bad sensor item: {"room": "living_room_01", "type": "temperature", "value": 2 — 'ts'
2026-04-29 17:33:29 [WARNING][SYNCER] Bad sensor item: {"room": "living_room_01", "type": "humidity", "value": 42,  — 'ts'
2026-04-29 17:33:29 [WARNING][SYNCER] Bad sensor item: {"room": "living_room_01", "type": "temperature", "value": 2 — 'ts'
2026-04-29 17:33:29 [WARNING][SYNCER] Bad sensor item: {"room": "living_room_01", "type": "humidity", "value": 42,  — 'ts'
2026-04-29 17:33:29 [WARNING][SYNCER] Bad sensor item: {"room": "living_room_01", "type": "temperature", "value": 2 — 'ts'
2026-04-29 17:33:29 [WARNING][SYNCER] Bad sensor item: {"room": "living_room_01", "type": "humidity", "value": 42,  — 'ts'
2026-04-29 17:33:29 [WARNING][SYNCER] Bad sensor item: {"room": "living_room_01", "type": "temperature", "value": 2 — 'ts'
2026-04-29 17:33:29 [WARNING][SYNCER] Bad sensor item: {"room": "living_room_01", "type": "humidity", "value": 42,  — 'ts'
2026-04-29 17:33:29 [WARNING][SYNCER] Bad sensor item: {"room": "living_room_01", "type": "temperature", "value": 2 — 'ts'
2026-04-29 17:33:29 [WARNING][SYNCER] Bad sensor item: {"room": "living_room_01", "type": "humidity", "value": 42,  — 'ts'
2026-04-29 17:33:29 [WARNING][SYNCER] Bad sensor item: {"room": "living_room_01", "type": "temperature", "value": 2 — 'ts'
2026-04-29 17:33:29 [WARNING][SYNCER] Bad sensor item: {"room": "living_room_01", "type": "humidity", "value": 42,  — 'ts'
2026-04-29 17:33:29 [WARNING][SYNCER] Bad sensor item: {"room": "living_room_01", "type": "temperature", "value": 2 — 'ts'
2026-04-29 17:33:29 [WARNING][SYNCER] Bad sensor item: {"room": "living_room_01", "type": "humidity", "value": 42,  — 'ts'
2026-04-29 17:33:29 [WARNING][SYNCER] Bad sensor item: {"room": "living_room_01", "type": "temperature", "value": 2 — 'ts'
2026-04-29 17:33:29 [WARNING][SYNCER] Bad sensor item: {"room": "living_room_01", "type": "humidity", "value": 42,  — 'ts'
2026-04-29 17:33:29 [WARNING][SYNCER] Bad sensor item: {"room": "living_room_01", "type": "temperature", "value": 2 — 'ts'
2026-04-29 17:33:29 [WARNING][SYNCER] Bad sensor item: {"room": "living_room_01", "type": "humidity", "value": 42,  — 'ts'
2026-04-29 17:33:29 [WARNING][SYNCER] Bad sensor item: {"room": "living_room_01", "type": "temperature", "value": 2 — 'ts'
2026-04-29 17:33:29 [WARNING][SYNCER] Bad sensor item: {"room": "living_room_01", "type": "humidity", "value": 42,  — 'ts'
2026-04-29 17:33:29 [WARNING][SYNCER] Bad sensor item: {"room": "living_room_01", "type": "temperature", "value": 2 — 'ts'
2026-04-29 17:33:29 [WARNING][SYNCER] Bad sensor item: {"room": "living_room_01", "type": "humidity", "value": 42,  — 'ts'
2026-04-29 17:33:29 [WARNING][SYNCER] Bad sensor item: {"room": "living_room_01", "type": "temperature", "value": 2 — 'ts'
2026-04-29 17:33:29 [WARNING][SYNCER] Bad sensor item: {"room": "living_room_01", "type": "humidity", "value": 42,  — 'ts'
2026-04-29 17:33:29 [WARNING][SYNCER] Bad sensor item: {"room": "living_room_01", "type": "temperature", "value": 2 — 'ts'
2026-04-29 17:33:29 [WARNING][SYNCER] Bad sensor item: {"room": "living_room_01", "type": "humidity", "value": 42,  — 'ts'
2026-04-29 17:33:29 [WARNING][SYNCER] Bad sensor item: {"room": "living_room_01", "type": "temperature", "value": 2 — 'ts'
2026-04-29 17:33:29 [WARNING][SYNCER] Bad sensor item: {"room": "living_room_01", "type": "humidity", "value": 42,  — 'ts'
2026-04-29 17:33:29 [WARNING][SYNCER] Bad sensor item: {"room": "living_room_01", "type": "temperature", "value": 2 — 'ts'
2026-04-29 17:33:29 [WARNING][SYNCER] Bad sensor item: {"room": "living_room_01", "type": "humidity", "value": 42,  — 'ts'
2026-04-29 17:36:29 [WARNING][SYNCER] Bad sensor item: {"room": "living_room_01", "type": "temperature", "value": 2 — 'ts'
2026-04-29 17:36:29 [WARNING][SYNCER] Bad sensor item: {"room": "living_room_01", "type": "humidity", "value": 42,  — 'ts'
2026-04-29 17:36:29 [WARNING][SYNCER] Bad sensor item: {"room": "living_room_01", "type": "temperature", "value": 2 — 'ts'
2026-04-29 17:36:29 [WARNING][SYNCER] Bad sensor item: {"room": "living_room_01", "type": "humidity", "value": 42,  — 'ts'
2026-04-29 17:36:29 [WARNING][SYNCER] Bad sensor item: {"room": "living_room_01", "type": "temperature", "value": 2 — 'ts'
2026-04-29 17:36:29 [WARNING][SYNCER] Bad sensor item: {"room": "living_room_01", "type": "humidity", "value": 42,  — 'ts'
2026-04-29 17:36:29 [WARNING][SYNCER] Bad sensor item: {"room": "living_room_01", "type": "temperature", "value": 2 — 'ts'
2026-04-29 17:36:29 [WARNING][SYNCER] Bad sensor item: {"room": "living_room_01", "type": "humidity", "value": 42,  — 'ts'
2026-04-29 17:36:29 [WARNING][SYNCER] Bad sensor item: {"room": "living_room_01", "type": "temperature", "value": 2 — 'ts'
2026-04-29 17:36:29 [WARNING][SYNCER] Bad sensor item: {"room": "living_room_01", "type": "humidity", "value": 42,  — 'ts'
2026-04-29 17:36:29 [WARNING][SYNCER] Bad sensor item: {"room": "living_room_01", "type": "temperature", "value": 2 — 'ts'
2026-04-29 17:36:29 [WARNING][SYNCER] Bad sensor item: {"room": "living_room_01", "type": "humidity", "value": 42,  — 'ts'
2026-04-29 17:36:29 [WARNING][SYNCER] Bad sensor item: {"room": "living_room_01", "type": "temperature", "value": 2 — 'ts'
2026-04-29 17:36:29 [WARNING][SYNCER] Bad sensor item: {"room": "living_room_01", "type": "humidity", "value": 42,  — 'ts'
2026-04-29 17:36:29 [WARNING][SYNCER] Bad sensor item: {"room": "living_room_01", "type": "temperature", "value": 2 — 'ts'
2026-04-29 17:36:29 [WARNING][SYNCER] Bad sensor item: {"room": "living_room_01", "type": "humidity", "value": 42,  — 'ts'
2026-04-29 17:36:29 [WARNING][SYNCER] Bad sensor item: {"room": "living_room_01", "type": "temperature", "value": 2 — 'ts'
2026-04-29 17:36:29 [WARNING][SYNCER] Bad sensor item: {"room": "living_room_01", "type": "humidity", "value": 42,  — 'ts'
2026-04-29 17:36:29 [WARNING][SYNCER] Bad sensor item: {"room": "living_room_01", "type": "temperature", "value": 2 — 'ts'
2026-04-29 17:36:29 [WARNING][SYNCER] Bad sensor item: {"room": "living_room_01", "type": "humidity", "value": 42,  — 'ts'
2026-04-29 17:36:29 [WARNING][SYNCER] Bad sensor item: {"room": "living_room_01", "type": "temperature", "value": 2 — 'ts'
2026-04-29 17:36:29 [WARNING][SYNCER] Bad sensor item: {"room": "living_room_01", "type": "humidity", "value": 42,  — 'ts'
2026-04-29 17:36:29 [WARNING][SYNCER] Bad sensor item: {"room": "living_room_01", "type": "temperature", "value": 2 — 'ts'
2026-04-29 17:36:29 [WARNING][SYNCER] Bad sensor item: {"room": "living_room_01", "type": "humidity", "value": 42,  — 'ts'
2026-04-29 17:36:29 [WARNING][SYNCER] Bad sensor item: {"room": "living_room_01", "type": "temperature", "value": 2 — 'ts'
2026-04-29 17:36:29 [WARNING][SYNCER] Bad sensor item: {"room": "living_room_01", "type": "humidity", "value": 42,  — 'ts'
2026-04-29 17:36:29 [WARNING][SYNCER] Bad sensor item: {"room": "living_room_01", "type": "temperature", "value": 2 — 'ts'
2026-04-29 17:36:29 [WARNING][SYNCER] Bad sensor item: {"room": "living_room_01", "type": "humidity", "value": 42,  — 'ts'
2026-04-29 17:36:29 [WARNING][SYNCER] Bad sensor item: {"room": "living_room_01", "type": "temperature", "value": 2 — 'ts'
2026-04-29 17:36:29 [WARNING][SYNCER] Bad sensor item: {"room": "living_room_01", "type": "humidity", "value": 42,  — 'ts'
2026-04-29 17:36:29 [WARNING][SYNCER] Bad sensor item: {"room": "living_room_01", "type": "temperature", "value": 2 — 'ts'
2026-04-29 17:36:29 [WARNING][SYNCER] Bad sensor item: {"room": "living_room_01", "type": "humidity", "value": 42,  — 'ts'
2026-04-29 17:36:29 [WARNING][SYNCER] Bad sensor item: {"room": "living_room_01", "type": "temperature", "value": 2 — 'ts'
2026-04-29 17:36:29 [WARNING][SYNCER] Bad sensor item: {"room": "living_room_01", "type": "humidity", "value": 42,  — 'ts'
2026-04-29 17:36:29 [WARNING][SYNCER] Bad sensor item: {"room": "living_room_01", "type": "temperature", "value": 2 — 'ts'
2026-04-29 17:36:29 [WARNING][SYNCER] Bad sensor item: {"room": "living_room_01", "type": "humidity", "value": 42,  — 'ts'
2026-04-29 17:36:29 [WARNING][SYNCER] Bad sensor item: {"room": "living_room_01", "type": "temperature", "value": 2 — 'ts'
2026-04-29 17:36:29 [WARNING][SYNCER] Bad sensor item: {"room": "living_room_01", "type": "humidity", "value": 42,  — 'ts'
2026-04-29 17:36:29 [WARNING][SYNCER] Bad sensor item: {"room": "living_room_01", "type": "temperature", "value": 2 — 'ts'
2026-04-29 17:36:29 [WARNING][SYNCER] Bad sensor item: {"room": "living_room_01", "type": "humidity", "value": 42,  — 'ts'
2026-04-29 17:36:29 [WARNING][SYNCER] Bad sensor item: {"room": "living_room_01", "type": "temperature", "value": 2 — 'ts'
2026-04-29 17:36:29 [WARNING][SYNCER] Bad sensor item: {"room": "living_room_01", "type": "humidity", "value": 42,  — 'ts'
2026-04-29 17:36:29 [WARNING][SYNCER] Bad sensor item: {"room": "living_room_01", "type": "temperature", "value": 2 — 'ts'
2026-04-29 17:36:29 [WARNING][SYNCER] Bad sensor item: {"room": "living_room_01", "type": "humidity", "value": 42,  — 'ts'
2026-04-29 17:36:29 [WARNING][SYNCER] Bad sensor item: {"room": "living_room_01", "type": "temperature", "value": 2 — 'ts'
2026-04-29 17:36:29 [WARNING][SYNCER] Bad sensor item: {"room": "living_room_01", "type": "humidity", "value": 42,  — 'ts'
2026-04-29 17:36:29 [WARNING][SYNCER] Bad sensor item: {"room": "living_room_01", "type": "temperature", "value": 2 — 'ts'
2026-04-29 17:36:29 [WARNING][SYNCER] Bad sensor item: {"room": "living_room_01", "type": "humidity", "value": 42,  — 'ts'
2026-04-29 17:36:29 [WARNING][SYNCER] Bad sensor item: {"room": "living_room_01", "type": "temperature", "value": 2 — 'ts'
2026-04-29 17:36:29 [WARNING][SYNCER] Bad sensor item: {"room": "living_room_01", "type": "humidity", "value": 42,  — 'ts'
2026-04-29 17:39:29 [WARNING][SYNCER] Bad sensor item: {"room": "living_room_01", "type": "temperature", "value": 2 — 'ts'
2026-04-29 17:39:29 [WARNING][SYNCER] Bad sensor item: {"room": "living_room_01", "type": "humidity", "value": 42,  — 'ts'
2026-04-29 17:39:29 [WARNING][SYNCER] Bad sensor item: {"room": "living_room_01", "type": "temperature", "value": 2 — 'ts'
2026-04-29 17:39:29 [WARNING][SYNCER] Bad sensor item: {"room": "living_room_01", "type": "humidity", "value": 42,  — 'ts'
2026-04-29 17:39:29 [WARNING][SYNCER] Bad sensor item: {"room": "living_room_01", "type": "temperature", "value": 2 — 'ts'
2026-04-29 17:39:29 [WARNING][SYNCER] Bad sensor item: {"room": "living_room_01", "type": "humidity", "value": 42,  — 'ts'
2026-04-29 17:39:29 [WARNING][SYNCER] Bad sensor item: {"room": "living_room_01", "type": "temperature", "value": 2 — 'ts'
2026-04-29 17:39:29 [WARNING][SYNCER] Bad sensor item: {"room": "living_room_01", "type": "humidity", "value": 42,  — 'ts'
2026-04-29 17:39:29 [WARNING][SYNCER] Bad sensor item: {"room": "living_room_01", "type": "temperature", "value": 2 — 'ts'
2026-04-29 17:39:29 [WARNING][SYNCER] Bad sensor item: {"room": "living_room_01", "type": "humidity", "value": 42,  — 'ts'
2026-04-29 17:39:29 [WARNING][SYNCER] Bad sensor item: {"room": "living_room_01", "type": "temperature", "value": 2 — 'ts'
2026-04-29 17:39:29 [WARNING][SYNCER] Bad sensor item: {"room": "living_room_01", "type": "humidity", "value": 42,  — 'ts'
2026-04-29 17:39:29 [WARNING][SYNCER] Bad sensor item: {"room": "living_room_01", "type": "temperature", "value": 2 — 'ts'
2026-04-29 17:39:29 [WARNING][SYNCER] Bad sensor item: {"room": "living_room_01", "type": "humidity", "value": 42,  — 'ts'
2026-04-29 17:39:29 [WARNING][SYNCER] Bad sensor item: {"room": "living_room_01", "type": "temperature", "value": 2 — 'ts'
2026-04-29 17:39:29 [WARNING][SYNCER] Bad sensor item: {"room": "living_room_01", "type": "humidity", "value": 42,  — 'ts'
2026-04-29 17:39:29 [WARNING][SYNCER] Bad sensor item: {"room": "living_room_01", "type": "temperature", "value": 2 — 'ts'
2026-04-29 17:39:29 [WARNING][SYNCER] Bad sensor item: {"room": "living_room_01", "type": "humidity", "value": 42,  — 'ts'
2026-04-29 17:39:29 [WARNING][SYNCER] Bad sensor item: {"room": "living_room_01", "type": "temperature", "value": 2 — 'ts'
2026-04-29 17:39:29 [WARNING][SYNCER] Bad sensor item: {"room": "living_room_01", "type": "humidity", "value": 42,  — 'ts'
2026-04-29 17:39:29 [WARNING][SYNCER] Bad sensor item: {"room": "living_room_01", "type": "temperature", "value": 2 — 'ts'
2026-04-29 17:39:29 [WARNING][SYNCER] Bad sensor item: {"room": "living_room_01", "type": "humidity", "value": 42,  — 'ts'
2026-04-29 17:39:29 [WARNING][SYNCER] Bad sensor item: {"room": "living_room_01", "type": "temperature", "value": 2 — 'ts'
2026-04-29 17:39:29 [WARNING][SYNCER] Bad sensor item: {"room": "living_room_01", "type": "humidity", "value": 42,  — 'ts'
2026-04-29 17:39:29 [WARNING][SYNCER] Bad sensor item: {"room": "living_room_01", "type": "temperature", "value": 2 — 'ts'
2026-04-29 17:39:29 [WARNING][SYNCER] Bad sensor item: {"room": "living_room_01", "type": "humidity", "value": 42,  — 'ts'
2026-04-29 17:39:29 [WARNING][SYNCER] Bad sensor item: {"room": "living_room_01", "type": "temperature", "value": 2 — 'ts'
2026-04-29 17:39:29 [WARNING][SYNCER] Bad sensor item: {"room": "living_room_01", "type": "humidity", "value": 42,  — 'ts'
2026-04-29 17:39:29 [WARNING][SYNCER] Bad sensor item: {"room": "living_room_01", "type": "temperature", "value": 2 — 'ts'
2026-04-29 17:39:29 [WARNING][SYNCER] Bad sensor item: {"room": "living_room_01", "type": "humidity", "value": 42,  — 'ts'
2026-04-29 17:39:29 [WARNING][SYNCER] Bad sensor item: {"room": "living_room_01", "type": "temperature", "value": 2 — 'ts'
2026-04-29 17:39:29 [WARNING][SYNCER] Bad sensor item: {"room": "living_room_01", "type": "humidity", "value": 42,  — 'ts'
2026-04-29 17:39:29 [WARNING][SYNCER] Bad sensor item: {"room": "living_room_01", "type": "temperature", "value": 2 — 'ts'
2026-04-29 17:39:29 [WARNING][SYNCER] Bad sensor item: {"room": "living_room_01", "type": "humidity", "value": 42,  — 'ts'
2026-04-29 17:39:29 [WARNING][SYNCER] Bad sensor item: {"room": "living_room_01", "type": "temperature", "value": 2 — 'ts'
2026-04-29 17:39:29 [WARNING][SYNCER] Bad sensor item: {"room": "living_room_01", "type": "humidity", "value": 42,  — 'ts'
2026-04-29 17:39:29 [WARNING][SYNCER] Bad sensor item: {"room": "living_room_01", "type": "temperature", "value": 2 — 'ts'
2026-04-29 17:39:29 [WARNING][SYNCER] Bad sensor item: {"room": "living_room_01", "type": "humidity", "value": 42,  — 'ts'
2026-04-29 17:39:29 [WARNING][SYNCER] Bad sensor item: {"room": "living_room_01", "type": "temperature", "value": 2 — 'ts'
2026-04-29 17:39:29 [WARNING][SYNCER] Bad sensor item: {"room": "living_room_01", "type": "humidity", "value": 42,  — 'ts'
2026-04-29 17:39:29 [WARNING][SYNCER] Bad sensor item: {"room": "living_room_01", "type": "temperature", "value": 2 — 'ts'
2026-04-29 17:39:29 [WARNING][SYNCER] Bad sensor item: {"room": "living_room_01", "type": "humidity", "value": 42,  — 'ts'
2026-04-29 17:39:29 [WARNING][SYNCER] Bad sensor item: {"room": "living_room_01", "type": "temperature", "value": 2 — 'ts'
2026-04-29 17:39:29 [WARNING][SYNCER] Bad sensor item: {"room": "living_room_01", "type": "humidity", "value": 42,  — 'ts'
2026-04-29 17:39:29 [WARNING][SYNCER] Bad sensor item: {"room": "living_room_01", "type": "temperature", "value": 2 — 'ts'
2026-04-29 17:39:29 [WARNING][SYNCER] Bad sensor item: {"room": "living_room_01", "type": "humidity", "value": 42,  — 'ts'
2026-04-29 17:39:29 [WARNING][SYNCER] Bad sensor item: {"room": "living_room_01", "type": "temperature", "value": 2 — 'ts'
2026-04-29 17:39:29 [WARNING][SYNCER] Bad sensor item: {"room": "living_room_01", "type": "humidity", "value": 42,  — 'ts'
2026-04-29 17:39:29 [WARNING][SYNCER] Bad sensor item: {"room": "living_room_01", "type": "temperature", "value": 2 — 'ts'
2026-04-29 17:39:29 [WARNING][SYNCER] Bad sensor item: {"room": "living_room_01", "type": "humidity", "value": 42,  — 'ts'
2026-04-29 17:40:31 [INFO][SYNCER] 📦 Batch pushed 86 sensor readings
2026-04-29 17:40:31 [INFO][SYNCER] ✅ Flushed 86 rows to Firestore
2026-04-29 17:42:30 [WARNING][SYNCER] Bad sensor item: {"room": "living_room_01", "type": "temperature", "value": 2 — 'ts'
2026-04-29 17:42:30 [WARNING][SYNCER] Bad sensor item: {"room": "living_room_01", "type": "humidity", "value": 42,  — 'ts'
2026-04-29 17:42:30 [WARNING][SYNCER] Bad sensor item: {"room": "living_room_01", "type": "temperature", "value": 2 — 'ts'
2026-04-29 17:42:30 [WARNING][SYNCER] Bad sensor item: {"room": "living_room_01", "type": "humidity", "value": 42,  — 'ts'
2026-04-29 17:42:30 [WARNING][SYNCER] Bad sensor item: {"room": "living_room_01", "type": "temperature", "value": 2 — 'ts'
2026-04-29 17:42:30 [WARNING][SYNCER] Bad sensor item: {"room": "living_room_01", "type": "humidity", "value": 42,  — 'ts'
2026-04-29 17:42:30 [WARNING][SYNCER] Bad sensor item: {"room": "living_room_01", "type": "temperature", "value": 2 — 'ts'
2026-04-29 17:42:30 [WARNING][SYNCER] Bad sensor item: {"room": "living_room_01", "type": "humidity", "value": 42,  — 'ts'
2026-04-29 17:42:30 [WARNING][SYNCER] Bad sensor item: {"room": "living_room_01", "type": "temperature", "value": 2 — 'ts'
2026-04-29 17:42:30 [WARNING][SYNCER] Bad sensor item: {"room": "living_room_01", "type": "humidity", "value": 42,  — 'ts'
2026-04-29 17:42:30 [WARNING][SYNCER] Bad sensor item: {"room": "living_room_01", "type": "temperature", "value": 2 — 'ts'
2026-04-29 17:42:30 [WARNING][SYNCER] Bad sensor item: {"room": "living_room_01", "type": "humidity", "value": 42,  — 'ts'
2026-04-29 17:42:30 [WARNING][SYNCER] Bad sensor item: {"room": "living_room_01", "type": "temperature", "value": 2 — 'ts'
2026-04-29 17:42:30 [WARNING][SYNCER] Bad sensor item: {"room": "living_room_01", "type": "humidity", "value": 42,  — 'ts'
2026-04-29 17:42:30 [WARNING][SYNCER] Bad sensor item: {"room": "living_room_01", "type": "temperature", "value": 2 — 'ts'
2026-04-29 17:42:30 [WARNING][SYNCER] Bad sensor item: {"room": "living_room_01", "type": "humidity", "value": 42,  — 'ts'
2026-04-29 17:42:30 [WARNING][SYNCER] Bad sensor item: {"room": "living_room_01", "type": "temperature", "value": 2 — 'ts'
2026-04-29 17:42:30 [WARNING][SYNCER] Bad sensor item: {"room": "living_room_01", "type": "humidity", "value": 42,  — 'ts'
2026-04-29 17:42:30 [WARNING][SYNCER] Bad sensor item: {"room": "living_room_01", "type": "temperature", "value": 2 — 'ts'
2026-04-29 17:42:30 [WARNING][SYNCER] Bad sensor item: {"room": "living_room_01", "type": "humidity", "value": 42,  — 'ts'
2026-04-29 17:42:30 [WARNING][SYNCER] Bad sensor item: {"room": "living_room_01", "type": "temperature", "value": 2 — 'ts'
2026-04-29 17:42:30 [WARNING][SYNCER] Bad sensor item: {"room": "living_room_01", "type": "humidity", "value": 42,  — 'ts'
2026-04-29 17:42:30 [WARNING][SYNCER] Bad sensor item: {"room": "living_room_01", "type": "temperature", "value": 2 — 'ts'
2026-04-29 17:42:30 [WARNING][SYNCER] Bad sensor item: {"room": "living_room_01", "type": "humidity", "value": 42,  — 'ts'
2026-04-29 17:42:30 [WARNING][SYNCER] Bad sensor item: {"room": "living_room_01", "type": "temperature", "value": 2 — 'ts'
2026-04-29 17:42:30 [WARNING][SYNCER] Bad sensor item: {"room": "living_room_01", "type": "humidity", "value": 42,  — 'ts'
2026-04-29 17:42:30 [WARNING][SYNCER] Bad sensor item: {"room": "living_room_01", "type": "temperature", "value": 2 — 'ts'
2026-04-29 17:42:30 [WARNING][SYNCER] Bad sensor item: {"room": "living_room_01", "type": "humidity", "value": 42,  — 'ts'
2026-04-29 17:42:30 [WARNING][SYNCER] Bad sensor item: {"room": "living_room_01", "type": "temperature", "value": 2 — 'ts'
2026-04-29 17:42:30 [WARNING][SYNCER] Bad sensor item: {"room": "living_room_01", "type": "humidity", "value": 42,  — 'ts'
2026-04-29 17:42:30 [WARNING][SYNCER] Bad sensor item: {"room": "living_room_01", "type": "temperature", "value": 2 — 'ts'
2026-04-29 17:42:30 [WARNING][SYNCER] Bad sensor item: {"room": "living_room_01", "type": "humidity", "value": 42,  — 'ts'
2026-04-29 17:42:30 [WARNING][SYNCER] Bad sensor item: {"room": "living_room_01", "type": "temperature", "value": 2 — 'ts'
2026-04-29 17:42:30 [WARNING][SYNCER] Bad sensor item: {"room": "living_room_01", "type": "humidity", "value": 42,  — 'ts'
2026-04-29 17:42:30 [WARNING][SYNCER] Bad sensor item: {"room": "living_room_01", "type": "temperature", "value": 2 — 'ts'
2026-04-29 17:42:30 [WARNING][SYNCER] Bad sensor item: {"room": "living_room_01", "type": "humidity", "value": 42,  — 'ts'
2026-04-29 17:42:30 [WARNING][SYNCER] Bad sensor item: {"room": "living_room_01", "type": "temperature", "value": 2 — 'ts'
2026-04-29 17:42:30 [WARNING][SYNCER] Bad sensor item: {"room": "living_room_01", "type": "humidity", "value": 42,  — 'ts'
2026-04-29 17:42:30 [WARNING][SYNCER] Bad sensor item: {"room": "living_room_01", "type": "temperature", "value": 2 — 'ts'
2026-04-29 17:42:30 [WARNING][SYNCER] Bad sensor item: {"room": "living_room_01", "type": "humidity", "value": 42,  — 'ts'
2026-04-29 17:42:30 [WARNING][SYNCER] Bad sensor item: {"room": "living_room_01", "type": "temperature", "value": 2 — 'ts'
2026-04-29 17:42:30 [WARNING][SYNCER] Bad sensor item: {"room": "living_room_01", "type": "humidity", "value": 42,  — 'ts'
2026-04-29 17:42:30 [WARNING][SYNCER] Bad sensor item: {"room": "living_room_01", "type": "temperature", "value": 2 — 'ts'
2026-04-29 17:42:30 [WARNING][SYNCER] Bad sensor item: {"room": "living_room_01", "type": "humidity", "value": 42,  — 'ts'
2026-04-29 17:42:30 [WARNING][SYNCER] Bad sensor item: {"room": "living_room_01", "type": "temperature", "value": 2 — 'ts'
2026-04-29 17:42:30 [WARNING][SYNCER] Bad sensor item: {"room": "living_room_01", "type": "humidity", "value": 42,  — 'ts'
2026-04-29 17:42:30 [WARNING][SYNCER] Bad sensor item: {"room": "living_room_01", "type": "temperature", "value": 2 — 'ts'
2026-04-29 17:42:30 [WARNING][SYNCER] Bad sensor item: {"room": "living_room_01", "type": "humidity", "value": 42,  — 'ts'
2026-04-29 17:42:30 [WARNING][SYNCER] Bad sensor item: {"room": "living_room_01", "type": "temperature", "value": 2 — 'ts'
2026-04-29 17:42:30 [WARNING][SYNCER] Bad sensor item: {"room": "living_room_01", "type": "humidity", "value": 42,  — 'ts'
2026-04-29 17:43:31 [INFO][SYNCER] 📦 Batch pushed 70 sensor readings
2026-04-29 17:43:31 [INFO][SYNCER] ✅ Flushed 70 rows to Firestore
2026-04-29 17:45:30 [WARNING][SYNCER] Bad sensor item: {"room": "living_room_01", "type": "temperature", "value": 2 — 'ts'
2026-04-29 17:45:30 [WARNING][SYNCER] Bad sensor item: {"room": "living_room_01", "type": "humidity", "value": 42,  — 'ts'
2026-04-29 17:45:30 [WARNING][SYNCER] Bad sensor item: {"room": "living_room_01", "type": "temperature", "value": 2 — 'ts'
2026-04-29 17:45:30 [WARNING][SYNCER] Bad sensor item: {"room": "living_room_01", "type": "humidity", "value": 42,  — 'ts'
2026-04-29 17:45:30 [WARNING][SYNCER] Bad sensor item: {"room": "living_room_01", "type": "temperature", "value": 2 — 'ts'
2026-04-29 17:45:30 [WARNING][SYNCER] Bad sensor item: {"room": "living_room_01", "type": "humidity", "value": 42,  — 'ts'
2026-04-29 17:45:30 [WARNING][SYNCER] Bad sensor item: {"room": "living_room_01", "type": "temperature", "value": 2 — 'ts'
2026-04-29 17:45:30 [WARNING][SYNCER] Bad sensor item: {"room": "living_room_01", "type": "humidity", "value": 42,  — 'ts'
2026-04-29 17:45:30 [WARNING][SYNCER] Bad sensor item: {"room": "living_room_01", "type": "temperature", "value": 2 — 'ts'
2026-04-29 17:45:30 [WARNING][SYNCER] Bad sensor item: {"room": "living_room_01", "type": "humidity", "value": 42,  — 'ts'
2026-04-29 17:45:30 [WARNING][SYNCER] Bad sensor item: {"room": "living_room_01", "type": "temperature", "value": 2 — 'ts'
2026-04-29 17:45:30 [WARNING][SYNCER] Bad sensor item: {"room": "living_room_01", "type": "humidity", "value": 42,  — 'ts'
2026-04-29 17:45:30 [WARNING][SYNCER] Bad sensor item: {"room": "living_room_01", "type": "temperature", "value": 2 — 'ts'
2026-04-29 17:45:30 [WARNING][SYNCER] Bad sensor item: {"room": "living_room_01", "type": "humidity", "value": 42,  — 'ts'
2026-04-29 17:45:30 [WARNING][SYNCER] Bad sensor item: {"room": "living_room_01", "type": "temperature", "value": 2 — 'ts'
2026-04-29 17:45:30 [WARNING][SYNCER] Bad sensor item: {"room": "living_room_01", "type": "humidity", "value": 42,  — 'ts'
2026-04-29 17:45:30 [WARNING][SYNCER] Bad sensor item: {"room": "living_room_01", "type": "temperature", "value": 2 — 'ts'
2026-04-29 17:45:30 [WARNING][SYNCER] Bad sensor item: {"room": "living_room_01", "type": "humidity", "value": 42,  — 'ts'
2026-04-29 17:45:30 [WARNING][SYNCER] Bad sensor item: {"room": "living_room_01", "type": "temperature", "value": 2 — 'ts'
2026-04-29 17:45:30 [WARNING][SYNCER] Bad sensor item: {"room": "living_room_01", "type": "humidity", "value": 42,  — 'ts'
2026-04-29 17:45:30 [WARNING][SYNCER] Bad sensor item: {"room": "living_room_01", "type": "temperature", "value": 2 — 'ts'
2026-04-29 17:45:30 [WARNING][SYNCER] Bad sensor item: {"room": "living_room_01", "type": "humidity", "value": 42,  — 'ts'
2026-04-29 17:45:30 [WARNING][SYNCER] Bad sensor item: {"room": "living_room_01", "type": "temperature", "value": 2 — 'ts'
2026-04-29 17:45:30 [WARNING][SYNCER] Bad sensor item: {"room": "living_room_01", "type": "humidity", "value": 42,  — 'ts'
2026-04-29 17:45:30 [WARNING][SYNCER] Bad sensor item: {"room": "living_room_01", "type": "temperature", "value": 2 — 'ts'
2026-04-29 17:45:30 [WARNING][SYNCER] Bad sensor item: {"room": "living_room_01", "type": "humidity", "value": 42,  — 'ts'
2026-04-29 17:45:30 [WARNING][SYNCER] Bad sensor item: {"room": "living_room_01", "type": "temperature", "value": 2 — 'ts'
2026-04-29 17:45:30 [WARNING][SYNCER] Bad sensor item: {"room": "living_room_01", "type": "humidity", "value": 42,  — 'ts'
2026-04-29 17:45:30 [WARNING][SYNCER] Bad sensor item: {"room": "living_room_01", "type": "temperature", "value": 2 — 'ts'
2026-04-29 17:45:30 [WARNING][SYNCER] Bad sensor item: {"room": "living_room_01", "type": "humidity", "value": 42,  — 'ts'
2026-04-29 17:45:30 [WARNING][SYNCER] Bad sensor item: {"room": "living_room_01", "type": "temperature", "value": 2 — 'ts'
2026-04-29 17:45:30 [WARNING][SYNCER] Bad sensor item: {"room": "living_room_01", "type": "humidity", "value": 42,  — 'ts'
2026-04-29 17:45:30 [WARNING][SYNCER] Bad sensor item: {"room": "living_room_01", "type": "temperature", "value": 2 — 'ts'
2026-04-29 17:45:30 [WARNING][SYNCER] Bad sensor item: {"room": "living_room_01", "type": "humidity", "value": 42,  — 'ts'
2026-04-29 17:45:30 [WARNING][SYNCER] Bad sensor item: {"room": "living_room_01", "type": "temperature", "value": 2 — 'ts'
2026-04-29 17:45:30 [WARNING][SYNCER] Bad sensor item: {"room": "living_room_01", "type": "humidity", "value": 42,  — 'ts'
2026-04-29 17:45:30 [WARNING][SYNCER] Bad sensor item: {"room": "living_room_01", "type": "temperature", "value": 2 — 'ts'
2026-04-29 17:45:30 [WARNING][SYNCER] Bad sensor item: {"room": "living_room_01", "type": "humidity", "value": 42,  — 'ts'
2026-04-29 17:45:30 [WARNING][SYNCER] Bad sensor item: {"room": "living_room_01", "type": "temperature", "value": 2 — 'ts'
2026-04-29 17:45:30 [WARNING][SYNCER] Bad sensor item: {"room": "living_room_01", "type": "humidity", "value": 42,  — 'ts'
2026-04-29 17:45:30 [WARNING][SYNCER] Bad sensor item: {"room": "living_room_01", "type": "temperature", "value": 2 — 'ts'
2026-04-29 17:45:30 [WARNING][SYNCER] Bad sensor item: {"room": "living_room_01", "type": "humidity", "value": 42,  — 'ts'
2026-04-29 17:45:30 [WARNING][SYNCER] Bad sensor item: {"room": "living_room_01", "type": "temperature", "value": 2 — 'ts'
2026-04-29 17:45:30 [WARNING][SYNCER] Bad sensor item: {"room": "living_room_01", "type": "humidity", "value": 42,  — 'ts'
2026-04-29 17:45:30 [WARNING][SYNCER] Bad sensor item: {"room": "living_room_01", "type": "temperature", "value": 2 — 'ts'
2026-04-29 17:45:30 [WARNING][SYNCER] Bad sensor item: {"room": "living_room_01", "type": "humidity", "value": 42,  — 'ts'
2026-04-29 17:45:30 [WARNING][SYNCER] Bad sensor item: {"room": "living_room_01", "type": "temperature", "value": 2 — 'ts'
2026-04-29 17:45:30 [WARNING][SYNCER] Bad sensor item: {"room": "living_room_01", "type": "humidity", "value": 42,  — 'ts'
2026-04-29 17:45:30 [WARNING][SYNCER] Bad sensor item: {"room": "living_room_01", "type": "temperature", "value": 2 — 'ts'
2026-04-29 17:45:30 [WARNING][SYNCER] Bad sensor item: {"room": "living_room_01", "type": "humidity", "value": 42,  — 'ts'
2026-04-29 17:46:31 [INFO][SYNCER] 📦 Batch pushed 72 sensor readings
2026-04-29 17:46:31 [INFO][SYNCER] ✅ Flushed 72 rows to Firestore
2026-04-29 17:48:30 [WARNING][SYNCER] Bad sensor item: {"room": "living_room_01", "type": "temperature", "value": 2 — 'ts'
2026-04-29 17:48:30 [WARNING][SYNCER] Bad sensor item: {"room": "living_room_01", "type": "humidity", "value": 42,  — 'ts'
2026-04-29 17:48:30 [WARNING][SYNCER] Bad sensor item: {"room": "living_room_01", "type": "temperature", "value": 2 — 'ts'
2026-04-29 17:48:30 [WARNING][SYNCER] Bad sensor item: {"room": "living_room_01", "type": "humidity", "value": 42,  — 'ts'
2026-04-29 17:48:30 [WARNING][SYNCER] Bad sensor item: {"room": "living_room_01", "type": "temperature", "value": 2 — 'ts'
2026-04-29 17:48:30 [WARNING][SYNCER] Bad sensor item: {"room": "living_room_01", "type": "humidity", "value": 42,  — 'ts'
2026-04-29 17:48:30 [WARNING][SYNCER] Bad sensor item: {"room": "living_room_01", "type": "temperature", "value": 2 — 'ts'
2026-04-29 17:48:30 [WARNING][SYNCER] Bad sensor item: {"room": "living_room_01", "type": "humidity", "value": 42,  — 'ts'
2026-04-29 17:48:30 [WARNING][SYNCER] Bad sensor item: {"room": "living_room_01", "type": "temperature", "value": 2 — 'ts'
2026-04-29 17:48:30 [WARNING][SYNCER] Bad sensor item: {"room": "living_room_01", "type": "humidity", "value": 42,  — 'ts'
2026-04-29 17:48:30 [WARNING][SYNCER] Bad sensor item: {"room": "living_room_01", "type": "temperature", "value": 2 — 'ts'
2026-04-29 17:48:30 [WARNING][SYNCER] Bad sensor item: {"room": "living_room_01", "type": "humidity", "value": 42,  — 'ts'
2026-04-29 17:48:30 [WARNING][SYNCER] Bad sensor item: {"room": "living_room_01", "type": "temperature", "value": 2 — 'ts'
2026-04-29 17:48:30 [WARNING][SYNCER] Bad sensor item: {"room": "living_room_01", "type": "humidity", "value": 42,  — 'ts'
2026-04-29 17:48:30 [WARNING][SYNCER] Bad sensor item: {"room": "living_room_01", "type": "temperature", "value": 2 — 'ts'
2026-04-29 17:48:30 [WARNING][SYNCER] Bad sensor item: {"room": "living_room_01", "type": "humidity", "value": 42,  — 'ts'
2026-04-29 17:48:30 [WARNING][SYNCER] Bad sensor item: {"room": "living_room_01", "type": "temperature", "value": 2 — 'ts'
2026-04-29 17:48:30 [WARNING][SYNCER] Bad sensor item: {"room": "living_room_01", "type": "humidity", "value": 42,  — 'ts'
2026-04-29 17:48:30 [WARNING][SYNCER] Bad sensor item: {"room": "living_room_01", "type": "temperature", "value": 2 — 'ts'
2026-04-29 17:48:30 [WARNING][SYNCER] Bad sensor item: {"room": "living_room_01", "type": "humidity", "value": 42,  — 'ts'
2026-04-29 17:48:30 [WARNING][SYNCER] Bad sensor item: {"room": "living_room_01", "type": "temperature", "value": 2 — 'ts'
2026-04-29 17:48:30 [WARNING][SYNCER] Bad sensor item: {"room": "living_room_01", "type": "humidity", "value": 42,  — 'ts'
2026-04-29 17:48:30 [WARNING][SYNCER] Bad sensor item: {"room": "living_room_01", "type": "temperature", "value": 2 — 'ts'
2026-04-29 17:48:30 [WARNING][SYNCER] Bad sensor item: {"room": "living_room_01", "type": "humidity", "value": 42,  — 'ts'
2026-04-29 17:48:30 [WARNING][SYNCER] Bad sensor item: {"room": "living_room_01", "type": "temperature", "value": 2 — 'ts'
2026-04-29 17:48:30 [WARNING][SYNCER] Bad sensor item: {"room": "living_room_01", "type": "humidity", "value": 42,  — 'ts'
2026-04-29 17:48:30 [WARNING][SYNCER] Bad sensor item: {"room": "living_room_01", "type": "temperature", "value": 2 — 'ts'
2026-04-29 17:48:30 [WARNING][SYNCER] Bad sensor item: {"room": "living_room_01", "type": "humidity", "value": 42,  — 'ts'
2026-04-29 17:48:30 [WARNING][SYNCER] Bad sensor item: {"room": "living_room_01", "type": "temperature", "value": 2 — 'ts'
2026-04-29 17:48:30 [WARNING][SYNCER] Bad sensor item: {"room": "living_room_01", "type": "humidity", "value": 42,  — 'ts'
2026-04-29 17:48:30 [WARNING][SYNCER] Bad sensor item: {"room": "living_room_01", "type": "temperature", "value": 2 — 'ts'
2026-04-29 17:48:30 [WARNING][SYNCER] Bad sensor item: {"room": "living_room_01", "type": "humidity", "value": 42,  — 'ts'
2026-04-29 17:48:30 [WARNING][SYNCER] Bad sensor item: {"room": "living_room_01", "type": "temperature", "value": 2 — 'ts'
2026-04-29 17:48:30 [WARNING][SYNCER] Bad sensor item: {"room": "living_room_01", "type": "humidity", "value": 42,  — 'ts'
2026-04-29 17:48:30 [WARNING][SYNCER] Bad sensor item: {"room": "living_room_01", "type": "temperature", "value": 2 — 'ts'
2026-04-29 17:48:30 [WARNING][SYNCER] Bad sensor item: {"room": "living_room_01", "type": "humidity", "value": 42,  — 'ts'
2026-04-29 17:48:30 [WARNING][SYNCER] Bad sensor item: {"room": "living_room_01", "type": "temperature", "value": 2 — 'ts'
2026-04-29 17:48:30 [WARNING][SYNCER] Bad sensor item: {"room": "living_room_01", "type": "humidity", "value": 42,  — 'ts'
2026-04-29 17:48:30 [WARNING][SYNCER] Bad sensor item: {"room": "living_room_01", "type": "temperature", "value": 2 — 'ts'
2026-04-29 17:48:30 [WARNING][SYNCER] Bad sensor item: {"room": "living_room_01", "type": "humidity", "value": 42,  — 'ts'
2026-04-29 17:48:30 [WARNING][SYNCER] Bad sensor item: {"room": "living_room_01", "type": "temperature", "value": 2 — 'ts'
2026-04-29 17:48:30 [WARNING][SYNCER] Bad sensor item: {"room": "living_room_01", "type": "humidity", "value": 42,  — 'ts'
2026-04-29 17:48:30 [WARNING][SYNCER] Bad sensor item: {"room": "living_room_01", "type": "temperature", "value": 2 — 'ts'
2026-04-29 17:48:30 [WARNING][SYNCER] Bad sensor item: {"room": "living_room_01", "type": "humidity", "value": 42,  — 'ts'
2026-04-29 17:48:30 [WARNING][SYNCER] Bad sensor item: {"room": "living_room_01", "type": "temperature", "value": 2 — 'ts'
2026-04-29 17:48:30 [WARNING][SYNCER] Bad sensor item: {"room": "living_room_01", "type": "humidity", "value": 42,  — 'ts'
2026-04-29 17:48:30 [WARNING][SYNCER] Bad sensor item: {"room": "living_room_01", "type": "temperature", "value": 2 — 'ts'
2026-04-29 17:48:30 [WARNING][SYNCER] Bad sensor item: {"room": "living_room_01", "type": "humidity", "value": 42,  — 'ts'
2026-04-29 17:48:30 [WARNING][SYNCER] Bad sensor item: {"room": "living_room_01", "type": "temperature", "value": 2 — 'ts'
2026-04-29 17:48:30 [WARNING][SYNCER] Bad sensor item: {"room": "living_room_01", "type": "humidity", "value": 42,  — 'ts'
2026-04-29 17:49:32 [INFO][SYNCER] 📦 Batch pushed 72 sensor readings
2026-04-29 17:49:32 [INFO][SYNCER] ✅ Flushed 72 rows to Firestore
2026-04-29 17:51:30 [WARNING][SYNCER] Bad sensor item: {"room": "living_room_01", "type": "temperature", "value": 2 — 'ts'
2026-04-29 17:51:30 [WARNING][SYNCER] Bad sensor item: {"room": "living_room_01", "type": "humidity", "value": 42,  — 'ts'
2026-04-29 17:51:30 [WARNING][SYNCER] Bad sensor item: {"room": "living_room_01", "type": "temperature", "value": 2 — 'ts'
2026-04-29 17:51:30 [WARNING][SYNCER] Bad sensor item: {"room": "living_room_01", "type": "humidity", "value": 42,  — 'ts'
2026-04-29 17:51:30 [WARNING][SYNCER] Bad sensor item: {"room": "living_room_01", "type": "temperature", "value": 2 — 'ts'
2026-04-29 17:51:30 [WARNING][SYNCER] Bad sensor item: {"room": "living_room_01", "type": "humidity", "value": 42,  — 'ts'
2026-04-29 17:51:30 [WARNING][SYNCER] Bad sensor item: {"room": "living_room_01", "type": "temperature", "value": 2 — 'ts'
2026-04-29 17:51:30 [WARNING][SYNCER] Bad sensor item: {"room": "living_room_01", "type": "humidity", "value": 42,  — 'ts'
2026-04-29 17:51:30 [WARNING][SYNCER] Bad sensor item: {"room": "living_room_01", "type": "temperature", "value": 2 — 'ts'
2026-04-29 17:51:30 [WARNING][SYNCER] Bad sensor item: {"room": "living_room_01", "type": "humidity", "value": 42,  — 'ts'
2026-04-29 17:51:30 [WARNING][SYNCER] Bad sensor item: {"room": "living_room_01", "type": "temperature", "value": 2 — 'ts'
2026-04-29 17:51:30 [WARNING][SYNCER] Bad sensor item: {"room": "living_room_01", "type": "humidity", "value": 42,  — 'ts'
2026-04-29 17:51:30 [WARNING][SYNCER] Bad sensor item: {"room": "living_room_01", "type": "temperature", "value": 2 — 'ts'
2026-04-29 17:51:30 [WARNING][SYNCER] Bad sensor item: {"room": "living_room_01", "type": "humidity", "value": 42,  — 'ts'
2026-04-29 17:51:30 [WARNING][SYNCER] Bad sensor item: {"room": "living_room_01", "type": "temperature", "value": 2 — 'ts'
2026-04-29 17:51:30 [WARNING][SYNCER] Bad sensor item: {"room": "living_room_01", "type": "humidity", "value": 42,  — 'ts'
2026-04-29 17:51:30 [WARNING][SYNCER] Bad sensor item: {"room": "living_room_01", "type": "temperature", "value": 2 — 'ts'
2026-04-29 17:51:30 [WARNING][SYNCER] Bad sensor item: {"room": "living_room_01", "type": "humidity", "value": 42,  — 'ts'
2026-04-29 17:51:30 [WARNING][SYNCER] Bad sensor item: {"room": "living_room_01", "type": "temperature", "value": 2 — 'ts'
2026-04-29 17:51:30 [WARNING][SYNCER] Bad sensor item: {"room": "living_room_01", "type": "humidity", "value": 42,  — 'ts'
2026-04-29 17:51:30 [WARNING][SYNCER] Bad sensor item: {"room": "living_room_01", "type": "temperature", "value": 2 — 'ts'
2026-04-29 17:51:30 [WARNING][SYNCER] Bad sensor item: {"room": "living_room_01", "type": "humidity", "value": 42,  — 'ts'
2026-04-29 17:51:30 [WARNING][SYNCER] Bad sensor item: {"room": "living_room_01", "type": "temperature", "value": 2 — 'ts'
2026-04-29 17:51:30 [WARNING][SYNCER] Bad sensor item: {"room": "living_room_01", "type": "humidity", "value": 42,  — 'ts'
2026-04-29 17:51:30 [WARNING][SYNCER] Bad sensor item: {"room": "living_room_01", "type": "temperature", "value": 2 — 'ts'
2026-04-29 17:51:30 [WARNING][SYNCER] Bad sensor item: {"room": "living_room_01", "type": "humidity", "value": 42,  — 'ts'
2026-04-29 17:51:30 [WARNING][SYNCER] Bad sensor item: {"room": "living_room_01", "type": "temperature", "value": 2 — 'ts'
2026-04-29 17:51:30 [WARNING][SYNCER] Bad sensor item: {"room": "living_room_01", "type": "humidity", "value": 42,  — 'ts'
2026-04-29 17:51:30 [WARNING][SYNCER] Bad sensor item: {"room": "living_room_01", "type": "temperature", "value": 2 — 'ts'
2026-04-29 17:51:30 [WARNING][SYNCER] Bad sensor item: {"room": "living_room_01", "type": "humidity", "value": 42,  — 'ts'
2026-04-29 17:51:30 [WARNING][SYNCER] Bad sensor item: {"room": "living_room_01", "type": "temperature", "value": 2 — 'ts'
2026-04-29 17:51:30 [WARNING][SYNCER] Bad sensor item: {"room": "living_room_01", "type": "humidity", "value": 42,  — 'ts'
2026-04-29 17:51:30 [WARNING][SYNCER] Bad sensor item: {"room": "living_room_01", "type": "temperature", "value": 2 — 'ts'
2026-04-29 17:51:30 [WARNING][SYNCER] Bad sensor item: {"room": "living_room_01", "type": "humidity", "value": 42,  — 'ts'
2026-04-29 17:51:30 [WARNING][SYNCER] Bad sensor item: {"room": "living_room_01", "type": "temperature", "value": 2 — 'ts'
2026-04-29 17:51:30 [WARNING][SYNCER] Bad sensor item: {"room": "living_room_01", "type": "humidity", "value": 42,  — 'ts'
2026-04-29 17:51:30 [WARNING][SYNCER] Bad sensor item: {"room": "living_room_01", "type": "temperature", "value": 2 — 'ts'
2026-04-29 17:51:30 [WARNING][SYNCER] Bad sensor item: {"room": "living_room_01", "type": "humidity", "value": 42,  — 'ts'
2026-04-29 17:51:30 [WARNING][SYNCER] Bad sensor item: {"room": "living_room_01", "type": "temperature", "value": 2 — 'ts'
2026-04-29 17:51:30 [WARNING][SYNCER] Bad sensor item: {"room": "living_room_01", "type": "humidity", "value": 42,  — 'ts'
2026-04-29 17:51:30 [WARNING][SYNCER] Bad sensor item: {"room": "living_room_01", "type": "temperature", "value": 2 — 'ts'
2026-04-29 17:51:30 [WARNING][SYNCER] Bad sensor item: {"room": "living_room_01", "type": "humidity", "value": 42,  — 'ts'
2026-04-29 17:51:30 [WARNING][SYNCER] Bad sensor item: {"room": "living_room_01", "type": "temperature", "value": 2 — 'ts'
2026-04-29 17:51:30 [WARNING][SYNCER] Bad sensor item: {"room": "living_room_01", "type": "humidity", "value": 42,  — 'ts'
2026-04-29 17:51:30 [WARNING][SYNCER] Bad sensor item: {"room": "living_room_01", "type": "temperature", "value": 2 — 'ts'
2026-04-29 17:51:30 [WARNING][SYNCER] Bad sensor item: {"room": "living_room_01", "type": "humidity", "value": 42,  — 'ts'
2026-04-29 17:51:30 [WARNING][SYNCER] Bad sensor item: {"room": "living_room_01", "type": "temperature", "value": 2 — 'ts'
2026-04-29 17:51:30 [WARNING][SYNCER] Bad sensor item: {"room": "living_room_01", "type": "humidity", "value": 42,  — 'ts'
2026-04-29 17:51:30 [WARNING][SYNCER] Bad sensor item: {"room": "living_room_01", "type": "temperature", "value": 2 — 'ts'
2026-04-29 17:51:30 [WARNING][SYNCER] Bad sensor item: {"room": "living_room_01", "type": "humidity", "value": 42,  — 'ts'
2026-04-29 17:52:32 [INFO][SYNCER] 📦 Batch pushed 24 sensor readings
2026-04-29 17:52:32 [INFO][SYNCER] ✅ Flushed 24 rows to Firestore
2026-04-29 17:54:30 [WARNING][SYNCER] Bad sensor item: {"room": "living_room_01", "type": "temperature", "value": 2 — 'ts'
2026-04-29 17:54:30 [WARNING][SYNCER] Bad sensor item: {"room": "living_room_01", "type": "humidity", "value": 42,  — 'ts'
2026-04-29 17:54:30 [WARNING][SYNCER] Bad sensor item: {"room": "living_room_01", "type": "temperature", "value": 2 — 'ts'
2026-04-29 17:54:30 [WARNING][SYNCER] Bad sensor item: {"room": "living_room_01", "type": "humidity", "value": 42,  — 'ts'
2026-04-29 17:54:30 [WARNING][SYNCER] Bad sensor item: {"room": "living_room_01", "type": "temperature", "value": 2 — 'ts'
2026-04-29 17:54:30 [WARNING][SYNCER] Bad sensor item: {"room": "living_room_01", "type": "humidity", "value": 42,  — 'ts'
2026-04-29 17:54:30 [WARNING][SYNCER] Bad sensor item: {"room": "living_room_01", "type": "temperature", "value": 2 — 'ts'
2026-04-29 17:54:30 [WARNING][SYNCER] Bad sensor item: {"room": "living_room_01", "type": "humidity", "value": 42,  — 'ts'
2026-04-29 17:54:30 [WARNING][SYNCER] Bad sensor item: {"room": "living_room_01", "type": "temperature", "value": 2 — 'ts'
2026-04-29 17:54:30 [WARNING][SYNCER] Bad sensor item: {"room": "living_room_01", "type": "humidity", "value": 42,  — 'ts'
2026-04-29 17:54:30 [WARNING][SYNCER] Bad sensor item: {"room": "living_room_01", "type": "temperature", "value": 2 — 'ts'
2026-04-29 17:54:30 [WARNING][SYNCER] Bad sensor item: {"room": "living_room_01", "type": "humidity", "value": 42,  — 'ts'
2026-04-29 17:54:30 [WARNING][SYNCER] Bad sensor item: {"room": "living_room_01", "type": "temperature", "value": 2 — 'ts'
2026-04-29 17:54:30 [WARNING][SYNCER] Bad sensor item: {"room": "living_room_01", "type": "humidity", "value": 42,  — 'ts'
2026-04-29 17:54:30 [WARNING][SYNCER] Bad sensor item: {"room": "living_room_01", "type": "temperature", "value": 2 — 'ts'
2026-04-29 17:54:30 [WARNING][SYNCER] Bad sensor item: {"room": "living_room_01", "type": "humidity", "value": 42,  — 'ts'
2026-04-29 17:54:30 [WARNING][SYNCER] Bad sensor item: {"room": "living_room_01", "type": "temperature", "value": 2 — 'ts'
2026-04-29 17:54:30 [WARNING][SYNCER] Bad sensor item: {"room": "living_room_01", "type": "humidity", "value": 42,  — 'ts'
2026-04-29 17:54:30 [WARNING][SYNCER] Bad sensor item: {"room": "living_room_01", "type": "temperature", "value": 2 — 'ts'
2026-04-29 17:54:30 [WARNING][SYNCER] Bad sensor item: {"room": "living_room_01", "type": "humidity", "value": 42,  — 'ts'
2026-04-29 17:54:30 [WARNING][SYNCER] Bad sensor item: {"room": "living_room_01", "type": "temperature", "value": 2 — 'ts'
2026-04-29 17:54:30 [WARNING][SYNCER] Bad sensor item: {"room": "living_room_01", "type": "humidity", "value": 42,  — 'ts'
2026-04-29 17:54:30 [WARNING][SYNCER] Bad sensor item: {"room": "living_room_01", "type": "temperature", "value": 2 — 'ts'
2026-04-29 17:54:30 [WARNING][SYNCER] Bad sensor item: {"room": "living_room_01", "type": "humidity", "value": 42,  — 'ts'
2026-04-29 17:54:30 [WARNING][SYNCER] Bad sensor item: {"room": "living_room_01", "type": "temperature", "value": 2 — 'ts'
2026-04-29 17:54:30 [WARNING][SYNCER] Bad sensor item: {"room": "living_room_01", "type": "humidity", "value": 42,  — 'ts'
2026-04-29 17:54:30 [WARNING][SYNCER] Bad sensor item: {"room": "living_room_01", "type": "temperature", "value": 2 — 'ts'
2026-04-29 17:54:30 [WARNING][SYNCER] Bad sensor item: {"room": "living_room_01", "type": "humidity", "value": 42,  — 'ts'
2026-04-29 17:54:30 [WARNING][SYNCER] Bad sensor item: {"room": "living_room_01", "type": "temperature", "value": 2 — 'ts'
2026-04-29 17:54:30 [WARNING][SYNCER] Bad sensor item: {"room": "living_room_01", "type": "humidity", "value": 42,  — 'ts'
2026-04-29 17:54:30 [WARNING][SYNCER] Bad sensor item: {"room": "living_room_01", "type": "temperature", "value": 2 — 'ts'
2026-04-29 17:54:30 [WARNING][SYNCER] Bad sensor item: {"room": "living_room_01", "type": "humidity", "value": 42,  — 'ts'
2026-04-29 17:54:30 [WARNING][SYNCER] Bad sensor item: {"room": "living_room_01", "type": "temperature", "value": 2 — 'ts'
2026-04-29 17:54:30 [WARNING][SYNCER] Bad sensor item: {"room": "living_room_01", "type": "humidity", "value": 42,  — 'ts'
2026-04-29 17:54:30 [WARNING][SYNCER] Bad sensor item: {"room": "living_room_01", "type": "temperature", "value": 2 — 'ts'
2026-04-29 17:54:30 [WARNING][SYNCER] Bad sensor item: {"room": "living_room_01", "type": "humidity", "value": 42,  — 'ts'
2026-04-29 17:54:30 [WARNING][SYNCER] Bad sensor item: {"room": "living_room_01", "type": "temperature", "value": 2 — 'ts'
2026-04-29 17:54:30 [WARNING][SYNCER] Bad sensor item: {"room": "living_room_01", "type": "humidity", "value": 42,  — 'ts'
2026-04-29 17:54:30 [WARNING][SYNCER] Bad sensor item: {"room": "living_room_01", "type": "temperature", "value": 2 — 'ts'
2026-04-29 17:54:30 [WARNING][SYNCER] Bad sensor item: {"room": "living_room_01", "type": "humidity", "value": 42,  — 'ts'
2026-04-29 17:54:30 [WARNING][SYNCER] Bad sensor item: {"room": "living_room_01", "type": "temperature", "value": 2 — 'ts'
2026-04-29 17:54:30 [WARNING][SYNCER] Bad sensor item: {"room": "living_room_01", "type": "humidity", "value": 42,  — 'ts'
2026-04-29 17:54:31 [WARNING][SYNCER] Bad sensor item: {"room": "living_room_01", "type": "temperature", "value": 2 — 'ts'
2026-04-29 17:54:31 [WARNING][SYNCER] Bad sensor item: {"room": "living_room_01", "type": "humidity", "value": 42,  — 'ts'
2026-04-29 17:54:31 [WARNING][SYNCER] Bad sensor item: {"room": "living_room_01", "type": "temperature", "value": 2 — 'ts'
2026-04-29 17:54:31 [WARNING][SYNCER] Bad sensor item: {"room": "living_room_01", "type": "humidity", "value": 42,  — 'ts'
2026-04-29 17:54:31 [WARNING][SYNCER] Bad sensor item: {"room": "living_room_01", "type": "temperature", "value": 2 — 'ts'
2026-04-29 17:54:31 [WARNING][SYNCER] Bad sensor item: {"room": "living_room_01", "type": "humidity", "value": 42,  — 'ts'
2026-04-29 17:54:31 [WARNING][SYNCER] Bad sensor item: {"room": "living_room_01", "type": "temperature", "value": 2 — 'ts'
2026-04-29 17:54:31 [WARNING][SYNCER] Bad sensor item: {"room": "living_room_01", "type": "humidity", "value": 42,  — 'ts'
2026-04-29 17:57:31 [WARNING][SYNCER] Bad sensor item: {"room": "living_room_01", "type": "temperature", "value": 2 — 'ts'
2026-04-29 17:57:31 [WARNING][SYNCER] Bad sensor item: {"room": "living_room_01", "type": "humidity", "value": 42,  — 'ts'
2026-04-29 17:57:31 [WARNING][SYNCER] Bad sensor item: {"room": "living_room_01", "type": "temperature", "value": 2 — 'ts'
2026-04-29 17:57:31 [WARNING][SYNCER] Bad sensor item: {"room": "living_room_01", "type": "humidity", "value": 42,  — 'ts'
2026-04-29 17:57:31 [WARNING][SYNCER] Bad sensor item: {"room": "living_room_01", "type": "temperature", "value": 2 — 'ts'
2026-04-29 17:57:31 [WARNING][SYNCER] Bad sensor item: {"room": "living_room_01", "type": "humidity", "value": 42,  — 'ts'
2026-04-29 17:57:31 [WARNING][SYNCER] Bad sensor item: {"room": "living_room_01", "type": "temperature", "value": 2 — 'ts'
2026-04-29 17:57:31 [WARNING][SYNCER] Bad sensor item: {"room": "living_room_01", "type": "humidity", "value": 42,  — 'ts'
2026-04-29 17:57:31 [WARNING][SYNCER] Bad sensor item: {"room": "living_room_01", "type": "temperature", "value": 2 — 'ts'
2026-04-29 17:57:31 [WARNING][SYNCER] Bad sensor item: {"room": "living_room_01", "type": "humidity", "value": 42,  — 'ts'
2026-04-29 17:57:31 [WARNING][SYNCER] Bad sensor item: {"room": "living_room_01", "type": "temperature", "value": 2 — 'ts'
2026-04-29 17:57:31 [WARNING][SYNCER] Bad sensor item: {"room": "living_room_01", "type": "humidity", "value": 42,  — 'ts'
2026-04-29 17:57:31 [WARNING][SYNCER] Bad sensor item: {"room": "living_room_01", "type": "temperature", "value": 2 — 'ts'
2026-04-29 17:57:31 [WARNING][SYNCER] Bad sensor item: {"room": "living_room_01", "type": "humidity", "value": 42,  — 'ts'
2026-04-29 17:57:31 [WARNING][SYNCER] Bad sensor item: {"room": "living_room_01", "type": "temperature", "value": 2 — 'ts'
2026-04-29 17:57:31 [WARNING][SYNCER] Bad sensor item: {"room": "living_room_01", "type": "humidity", "value": 42,  — 'ts'
2026-04-29 17:57:31 [WARNING][SYNCER] Bad sensor item: {"room": "living_room_01", "type": "temperature", "value": 2 — 'ts'
2026-04-29 17:57:31 [WARNING][SYNCER] Bad sensor item: {"room": "living_room_01", "type": "humidity", "value": 42,  — 'ts'
2026-04-29 17:57:31 [WARNING][SYNCER] Bad sensor item: {"room": "living_room_01", "type": "temperature", "value": 2 — 'ts'
2026-04-29 17:57:31 [WARNING][SYNCER] Bad sensor item: {"room": "living_room_01", "type": "humidity", "value": 42,  — 'ts'
2026-04-29 17:57:31 [WARNING][SYNCER] Bad sensor item: {"room": "living_room_01", "type": "temperature", "value": 2 — 'ts'
2026-04-29 17:57:31 [WARNING][SYNCER] Bad sensor item: {"room": "living_room_01", "type": "humidity", "value": 42,  — 'ts'
2026-04-29 17:57:31 [WARNING][SYNCER] Bad sensor item: {"room": "living_room_01", "type": "temperature", "value": 2 — 'ts'
2026-04-29 17:57:31 [WARNING][SYNCER] Bad sensor item: {"room": "living_room_01", "type": "humidity", "value": 42,  — 'ts'
2026-04-29 17:57:31 [WARNING][SYNCER] Bad sensor item: {"room": "living_room_01", "type": "temperature", "value": 2 — 'ts'
2026-04-29 17:57:31 [WARNING][SYNCER] Bad sensor item: {"room": "living_room_01", "type": "humidity", "value": 42,  — 'ts'
2026-04-29 17:57:31 [WARNING][SYNCER] Bad sensor item: {"room": "living_room_01", "type": "temperature", "value": 2 — 'ts'
2026-04-29 17:57:31 [WARNING][SYNCER] Bad sensor item: {"room": "living_room_01", "type": "humidity", "value": 42,  — 'ts'
2026-04-29 17:57:31 [WARNING][SYNCER] Bad sensor item: {"room": "living_room_01", "type": "temperature", "value": 2 — 'ts'
2026-04-29 17:57:31 [WARNING][SYNCER] Bad sensor item: {"room": "living_room_01", "type": "humidity", "value": 42,  — 'ts'
2026-04-29 17:57:31 [WARNING][SYNCER] Bad sensor item: {"room": "living_room_01", "type": "temperature", "value": 2 — 'ts'
2026-04-29 17:57:31 [WARNING][SYNCER] Bad sensor item: {"room": "living_room_01", "type": "humidity", "value": 42,  — 'ts'
2026-04-29 17:57:31 [WARNING][SYNCER] Bad sensor item: {"room": "living_room_01", "type": "temperature", "value": 2 — 'ts'
2026-04-29 17:57:31 [WARNING][SYNCER] Bad sensor item: {"room": "living_room_01", "type": "humidity", "value": 42,  — 'ts'
2026-04-29 17:57:31 [WARNING][SYNCER] Bad sensor item: {"room": "living_room_01", "type": "temperature", "value": 2 — 'ts'
2026-04-29 17:57:31 [WARNING][SYNCER] Bad sensor item: {"room": "living_room_01", "type": "humidity", "value": 42,  — 'ts'
2026-04-29 17:57:31 [WARNING][SYNCER] Bad sensor item: {"room": "living_room_01", "type": "temperature", "value": 2 — 'ts'
2026-04-29 17:57:31 [WARNING][SYNCER] Bad sensor item: {"room": "living_room_01", "type": "humidity", "value": 42,  — 'ts'
2026-04-29 17:57:31 [WARNING][SYNCER] Bad sensor item: {"room": "living_room_01", "type": "temperature", "value": 2 — 'ts'
2026-04-29 17:57:31 [WARNING][SYNCER] Bad sensor item: {"room": "living_room_01", "type": "humidity", "value": 42,  — 'ts'
2026-04-29 17:57:31 [WARNING][SYNCER] Bad sensor item: {"room": "living_room_01", "type": "temperature", "value": 2 — 'ts'
2026-04-29 17:57:31 [WARNING][SYNCER] Bad sensor item: {"room": "living_room_01", "type": "humidity", "value": 42,  — 'ts'
2026-04-29 17:57:31 [WARNING][SYNCER] Bad sensor item: {"room": "living_room_01", "type": "temperature", "value": 2 — 'ts'
2026-04-29 17:57:31 [WARNING][SYNCER] Bad sensor item: {"room": "living_room_01", "type": "humidity", "value": 42,  — 'ts'
2026-04-29 17:57:31 [WARNING][SYNCER] Bad sensor item: {"room": "living_room_01", "type": "temperature", "value": 2 — 'ts'
2026-04-29 17:57:31 [WARNING][SYNCER] Bad sensor item: {"room": "living_room_01", "type": "humidity", "value": 42,  — 'ts'
2026-04-29 17:57:31 [WARNING][SYNCER] Bad sensor item: {"room": "living_room_01", "type": "temperature", "value": 2 — 'ts'
2026-04-29 17:57:31 [WARNING][SYNCER] Bad sensor item: {"room": "living_room_01", "type": "humidity", "value": 42,  — 'ts'
2026-04-29 17:57:31 [WARNING][SYNCER] Bad sensor item: {"room": "living_room_01", "type": "temperature", "value": 2 — 'ts'
2026-04-29 17:57:31 [WARNING][SYNCER] Bad sensor item: {"room": "living_room_01", "type": "humidity", "value": 42,  — 'ts'
2026-04-29 17:58:03 [ERROR][SYNCER] Dispatch error: Object of type DatetimeWithNanoseconds is not JSON serializable
2026-04-29 17:58:20 [ERROR][SYNCER] Dispatch error: Object of type DatetimeWithNanoseconds is not JSON serializable
2026-04-29 17:58:21 [ERROR][SYNCER] Dispatch error: Object of type DatetimeWithNanoseconds is not JSON serializable
2026-04-29 17:58:32 [INFO][SYNCER] 📦 Batch pushed 15 sensor readings
2026-04-29 17:58:32 [INFO][SYNCER] ✅ Flushed 15 rows to Firestore
2026-04-29 17:59:58 [ERROR][SYNCER] Dispatch error: Object of type DatetimeWithNanoseconds is not JSON serializable
2026-04-29 18:00:08 [ERROR][SYNCER] Dispatch error: Object of type DatetimeWithNanoseconds is not JSON serializable
2026-04-29 18:00:21 [ERROR][SYNCER] Dispatch error: Object of type DatetimeWithNanoseconds is not JSON serializable
2026-04-29 18:00:31 [WARNING][SYNCER] Bad sensor item: {"room": "living_room_01", "type": "temperature", "value": 2 — 'ts'
2026-04-29 18:00:31 [WARNING][SYNCER] Bad sensor item: {"room": "living_room_01", "type": "humidity", "value": 42,  — 'ts'
2026-04-29 18:00:31 [WARNING][SYNCER] Bad sensor item: {"room": "living_room_01", "type": "temperature", "value": 2 — 'ts'
2026-04-29 18:00:31 [WARNING][SYNCER] Bad sensor item: {"room": "living_room_01", "type": "humidity", "value": 42,  — 'ts'
2026-04-29 18:00:31 [WARNING][SYNCER] Bad sensor item: {"room": "living_room_01", "type": "temperature", "value": 2 — 'ts'
2026-04-29 18:00:31 [WARNING][SYNCER] Bad sensor item: {"room": "living_room_01", "type": "humidity", "value": 42,  — 'ts'
2026-04-29 18:00:31 [WARNING][SYNCER] Bad sensor item: {"room": "living_room_01", "type": "temperature", "value": 2 — 'ts'
2026-04-29 18:00:31 [WARNING][SYNCER] Bad sensor item: {"room": "living_room_01", "type": "humidity", "value": 42,  — 'ts'
2026-04-29 18:00:31 [WARNING][SYNCER] Bad sensor item: {"room": "living_room_01", "type": "temperature", "value": 2 — 'ts'
2026-04-29 18:00:31 [WARNING][SYNCER] Bad sensor item: {"room": "living_room_01", "type": "humidity", "value": 42,  — 'ts'
2026-04-29 18:00:31 [WARNING][SYNCER] Bad sensor item: {"room": "living_room_01", "type": "temperature", "value": 2 — 'ts'
2026-04-29 18:00:31 [WARNING][SYNCER] Bad sensor item: {"room": "living_room_01", "type": "humidity", "value": 42,  — 'ts'
2026-04-29 18:00:31 [WARNING][SYNCER] Bad sensor item: {"room": "living_room_01", "type": "temperature", "value": 2 — 'ts'
2026-04-29 18:00:31 [WARNING][SYNCER] Bad sensor item: {"room": "living_room_01", "type": "humidity", "value": 42,  — 'ts'
2026-04-29 18:00:31 [WARNING][SYNCER] Bad sensor item: {"room": "living_room_01", "type": "temperature", "value": 2 — 'ts'
2026-04-29 18:00:31 [WARNING][SYNCER] Bad sensor item: {"room": "living_room_01", "type": "humidity", "value": 42,  — 'ts'
2026-04-29 18:00:31 [WARNING][SYNCER] Bad sensor item: {"room": "living_room_01", "type": "temperature", "value": 2 — 'ts'
2026-04-29 18:00:31 [WARNING][SYNCER] Bad sensor item: {"room": "living_room_01", "type": "humidity", "value": 42,  — 'ts'
2026-04-29 18:00:31 [WARNING][SYNCER] Bad sensor item: {"room": "living_room_01", "type": "temperature", "value": 2 — 'ts'
2026-04-29 18:00:31 [WARNING][SYNCER] Bad sensor item: {"room": "living_room_01", "type": "humidity", "value": 42,  — 'ts'
2026-04-29 18:00:31 [WARNING][SYNCER] Bad sensor item: {"room": "living_room_01", "type": "temperature", "value": 2 — 'ts'
2026-04-29 18:00:31 [WARNING][SYNCER] Bad sensor item: {"room": "living_room_01", "type": "humidity", "value": 42,  — 'ts'
2026-04-29 18:00:31 [WARNING][SYNCER] Bad sensor item: {"room": "living_room_01", "type": "temperature", "value": 2 — 'ts'
2026-04-29 18:00:31 [WARNING][SYNCER] Bad sensor item: {"room": "living_room_01", "type": "humidity", "value": 42,  — 'ts'
2026-04-29 18:00:31 [WARNING][SYNCER] Bad sensor item: {"room": "living_room_01", "type": "temperature", "value": 2 — 'ts'
2026-04-29 18:00:31 [WARNING][SYNCER] Bad sensor item: {"room": "living_room_01", "type": "humidity", "value": 42,  — 'ts'
2026-04-29 18:00:31 [WARNING][SYNCER] Bad sensor item: {"room": "living_room_01", "type": "temperature", "value": 2 — 'ts'
2026-04-29 18:00:31 [WARNING][SYNCER] Bad sensor item: {"room": "living_room_01", "type": "humidity", "value": 42,  — 'ts'
2026-04-29 18:00:31 [WARNING][SYNCER] Bad sensor item: {"room": "living_room_01", "type": "temperature", "value": 2 — 'ts'
2026-04-29 18:00:31 [WARNING][SYNCER] Bad sensor item: {"room": "living_room_01", "type": "humidity", "value": 42,  — 'ts'
2026-04-29 18:00:31 [WARNING][SYNCER] Bad sensor item: {"room": "living_room_01", "type": "temperature", "value": 2 — 'ts'
2026-04-29 18:00:31 [WARNING][SYNCER] Bad sensor item: {"room": "living_room_01", "type": "humidity", "value": 42,  — 'ts'
2026-04-29 18:00:31 [WARNING][SYNCER] Bad sensor item: {"room": "living_room_01", "type": "temperature", "value": 2 — 'ts'
2026-04-29 18:00:31 [WARNING][SYNCER] Bad sensor item: {"room": "living_room_01", "type": "humidity", "value": 42,  — 'ts'
2026-04-29 18:00:31 [WARNING][SYNCER] Bad sensor item: {"room": "living_room_01", "type": "temperature", "value": 2 — 'ts'
2026-04-29 18:00:31 [WARNING][SYNCER] Bad sensor item: {"room": "living_room_01", "type": "humidity", "value": 42,  — 'ts'
2026-04-29 18:00:31 [WARNING][SYNCER] Bad sensor item: {"room": "living_room_01", "type": "temperature", "value": 2 — 'ts'
2026-04-29 18:00:31 [WARNING][SYNCER] Bad sensor item: {"room": "living_room_01", "type": "humidity", "value": 42,  — 'ts'
2026-04-29 18:00:31 [WARNING][SYNCER] Bad sensor item: {"room": "living_room_01", "type": "temperature", "value": 2 — 'ts'
2026-04-29 18:00:31 [WARNING][SYNCER] Bad sensor item: {"room": "living_room_01", "type": "humidity", "value": 42,  — 'ts'
2026-04-29 18:00:31 [WARNING][SYNCER] Bad sensor item: {"room": "living_room_01", "type": "temperature", "value": 2 — 'ts'
2026-04-29 18:00:31 [WARNING][SYNCER] Bad sensor item: {"room": "living_room_01", "type": "humidity", "value": 42,  — 'ts'
2026-04-29 18:00:31 [WARNING][SYNCER] Bad sensor item: {"room": "living_room_01", "type": "temperature", "value": 2 — 'ts'
2026-04-29 18:00:31 [WARNING][SYNCER] Bad sensor item: {"room": "living_room_01", "type": "humidity", "value": 42,  — 'ts'
2026-04-29 18:00:31 [WARNING][SYNCER] Bad sensor item: {"room": "living_room_01", "type": "temperature", "value": 2 — 'ts'
2026-04-29 18:00:31 [WARNING][SYNCER] Bad sensor item: {"room": "living_room_01", "type": "humidity", "value": 42,  — 'ts'
2026-04-29 18:00:31 [WARNING][SYNCER] Bad sensor item: {"room": "living_room_01", "type": "temperature", "value": 2 — 'ts'
2026-04-29 18:00:31 [WARNING][SYNCER] Bad sensor item: {"room": "living_room_01", "type": "humidity", "value": 42,  — 'ts'
2026-04-29 18:00:31 [WARNING][SYNCER] Bad sensor item: {"room": "living_room_01", "type": "temperature", "value": 2 — 'ts'
2026-04-29 18:00:31 [WARNING][SYNCER] Bad sensor item: {"room": "living_room_01", "type": "humidity", "value": 42,  — 'ts'
2026-04-29 18:01:33 [INFO][SYNCER] 📦 Batch pushed 153 sensor readings
2026-04-29 18:01:33 [INFO][SYNCER] ✅ Flushed 153 rows to Firestore
2026-04-29 18:03:31 [WARNING][SYNCER] Bad sensor item: {"room": "living_room_01", "type": "temperature", "value": 2 — 'ts'
2026-04-29 18:03:31 [WARNING][SYNCER] Bad sensor item: {"room": "living_room_01", "type": "humidity", "value": 42,  — 'ts'
2026-04-29 18:03:31 [WARNING][SYNCER] Bad sensor item: {"room": "living_room_01", "type": "temperature", "value": 2 — 'ts'
2026-04-29 18:03:31 [WARNING][SYNCER] Bad sensor item: {"room": "living_room_01", "type": "humidity", "value": 42,  — 'ts'
2026-04-29 18:03:31 [WARNING][SYNCER] Bad sensor item: {"room": "living_room_01", "type": "temperature", "value": 2 — 'ts'
2026-04-29 18:03:31 [WARNING][SYNCER] Bad sensor item: {"room": "living_room_01", "type": "humidity", "value": 42,  — 'ts'
2026-04-29 18:03:31 [WARNING][SYNCER] Bad sensor item: {"room": "living_room_01", "type": "temperature", "value": 2 — 'ts'
2026-04-29 18:03:31 [WARNING][SYNCER] Bad sensor item: {"room": "living_room_01", "type": "humidity", "value": 42,  — 'ts'
2026-04-29 18:03:31 [WARNING][SYNCER] Bad sensor item: {"room": "living_room_01", "type": "temperature", "value": 2 — 'ts'
2026-04-29 18:03:31 [WARNING][SYNCER] Bad sensor item: {"room": "living_room_01", "type": "humidity", "value": 42,  — 'ts'
2026-04-29 18:03:31 [WARNING][SYNCER] Bad sensor item: {"room": "living_room_01", "type": "temperature", "value": 2 — 'ts'
2026-04-29 18:03:31 [WARNING][SYNCER] Bad sensor item: {"room": "living_room_01", "type": "humidity", "value": 42,  — 'ts'
2026-04-29 18:03:31 [WARNING][SYNCER] Bad sensor item: {"room": "living_room_01", "type": "temperature", "value": 2 — 'ts'
2026-04-29 18:03:31 [WARNING][SYNCER] Bad sensor item: {"room": "living_room_01", "type": "humidity", "value": 42,  — 'ts'
2026-04-29 18:03:31 [WARNING][SYNCER] Bad sensor item: {"room": "living_room_01", "type": "temperature", "value": 2 — 'ts'
2026-04-29 18:03:31 [WARNING][SYNCER] Bad sensor item: {"room": "living_room_01", "type": "humidity", "value": 42,  — 'ts'
2026-04-29 18:03:31 [WARNING][SYNCER] Bad sensor item: {"room": "living_room_01", "type": "temperature", "value": 2 — 'ts'
2026-04-29 18:03:31 [WARNING][SYNCER] Bad sensor item: {"room": "living_room_01", "type": "humidity", "value": 42,  — 'ts'
2026-04-29 18:03:31 [WARNING][SYNCER] Bad sensor item: {"room": "living_room_01", "type": "temperature", "value": 2 — 'ts'
2026-04-29 18:03:31 [WARNING][SYNCER] Bad sensor item: {"room": "living_room_01", "type": "humidity", "value": 42,  — 'ts'
2026-04-29 18:03:31 [WARNING][SYNCER] Bad sensor item: {"room": "living_room_01", "type": "temperature", "value": 2 — 'ts'
2026-04-29 18:03:31 [WARNING][SYNCER] Bad sensor item: {"room": "living_room_01", "type": "humidity", "value": 42,  — 'ts'
2026-04-29 18:03:31 [WARNING][SYNCER] Bad sensor item: {"room": "living_room_01", "type": "temperature", "value": 2 — 'ts'
2026-04-29 18:03:31 [WARNING][SYNCER] Bad sensor item: {"room": "living_room_01", "type": "humidity", "value": 42,  — 'ts'
2026-04-29 18:03:31 [WARNING][SYNCER] Bad sensor item: {"room": "living_room_01", "type": "temperature", "value": 2 — 'ts'
2026-04-29 18:03:31 [WARNING][SYNCER] Bad sensor item: {"room": "living_room_01", "type": "humidity", "value": 42,  — 'ts'
2026-04-29 18:03:31 [WARNING][SYNCER] Bad sensor item: {"room": "living_room_01", "type": "temperature", "value": 2 — 'ts'
2026-04-29 18:03:31 [WARNING][SYNCER] Bad sensor item: {"room": "living_room_01", "type": "humidity", "value": 42,  — 'ts'
2026-04-29 18:03:31 [WARNING][SYNCER] Bad sensor item: {"room": "living_room_01", "type": "temperature", "value": 2 — 'ts'
2026-04-29 18:03:31 [WARNING][SYNCER] Bad sensor item: {"room": "living_room_01", "type": "humidity", "value": 42,  — 'ts'
2026-04-29 18:03:31 [WARNING][SYNCER] Bad sensor item: {"room": "living_room_01", "type": "temperature", "value": 2 — 'ts'
2026-04-29 18:03:31 [WARNING][SYNCER] Bad sensor item: {"room": "living_room_01", "type": "humidity", "value": 42,  — 'ts'
2026-04-29 18:03:31 [WARNING][SYNCER] Bad sensor item: {"room": "living_room_01", "type": "temperature", "value": 2 — 'ts'
2026-04-29 18:03:31 [WARNING][SYNCER] Bad sensor item: {"room": "living_room_01", "type": "humidity", "value": 42,  — 'ts'
2026-04-29 18:03:31 [WARNING][SYNCER] Bad sensor item: {"room": "living_room_01", "type": "temperature", "value": 2 — 'ts'
2026-04-29 18:03:31 [WARNING][SYNCER] Bad sensor item: {"room": "living_room_01", "type": "humidity", "value": 42,  — 'ts'
2026-04-29 18:03:31 [WARNING][SYNCER] Bad sensor item: {"room": "living_room_01", "type": "temperature", "value": 2 — 'ts'
2026-04-29 18:03:31 [WARNING][SYNCER] Bad sensor item: {"room": "living_room_01", "type": "humidity", "value": 42,  — 'ts'
2026-04-29 18:03:31 [WARNING][SYNCER] Bad sensor item: {"room": "living_room_01", "type": "temperature", "value": 2 — 'ts'
2026-04-29 18:03:31 [WARNING][SYNCER] Bad sensor item: {"room": "living_room_01", "type": "humidity", "value": 42,  — 'ts'
2026-04-29 18:03:31 [WARNING][SYNCER] Bad sensor item: {"room": "living_room_01", "type": "temperature", "value": 2 — 'ts'
2026-04-29 18:03:31 [WARNING][SYNCER] Bad sensor item: {"room": "living_room_01", "type": "humidity", "value": 42,  — 'ts'
2026-04-29 18:03:31 [WARNING][SYNCER] Bad sensor item: {"room": "living_room_01", "type": "temperature", "value": 2 — 'ts'
2026-04-29 18:03:31 [WARNING][SYNCER] Bad sensor item: {"room": "living_room_01", "type": "humidity", "value": 42,  — 'ts'
2026-04-29 18:03:31 [WARNING][SYNCER] Bad sensor item: {"room": "living_room_01", "type": "temperature", "value": 2 — 'ts'
2026-04-29 18:03:31 [WARNING][SYNCER] Bad sensor item: {"room": "living_room_01", "type": "humidity", "value": 42,  — 'ts'
2026-04-29 18:03:31 [WARNING][SYNCER] Bad sensor item: {"room": "living_room_01", "type": "temperature", "value": 2 — 'ts'
2026-04-29 18:03:31 [WARNING][SYNCER] Bad sensor item: {"room": "living_room_01", "type": "humidity", "value": 42,  — 'ts'
2026-04-29 18:03:31 [WARNING][SYNCER] Bad sensor item: {"room": "living_room_01", "type": "temperature", "value": 2 — 'ts'
2026-04-29 18:03:31 [WARNING][SYNCER] Bad sensor item: {"room": "living_room_01", "type": "humidity", "value": 42,  — 'ts'
2026-04-29 18:04:33 [INFO][SYNCER] 📦 Batch pushed 100 sensor readings
2026-04-29 18:04:33 [INFO][SYNCER] ✅ Flushed 100 rows to Firestore
2026-04-29 19:07:56 [INFO][SYNCER] SyncWorker starting...
2026-04-29 19:07:56 [INFO][SYNCER] Waiting for SD2 (timeout 300s before degraded mode)...
2026-04-29 19:07:57 [INFO][SYNCER] =======================================================
2026-04-29 19:07:57 [INFO][SYNCER] firebase_sync v2 starting — project: nhathongminh-myhome
2026-04-29 19:07:57 [INFO][SYNCER] Storage: RTDB=sensors (hot) | Firestore=rooms/devices/alerts (structured)
2026-04-29 19:07:57 [INFO][SYNCER] =======================================================
2026-04-29 19:07:57 [INFO][SYNCER] Firebase khởi tạo từ service account file
2026-04-29 19:07:57 [INFO][SYNCER] Firestore client sẵn sàng
2026-04-29 19:07:57 [INFO][SYNCER] RTDB client sẵn sàng (databaseURL: https://nhathongminh-myhome-default-rtdb.firebaseio.com)
2026-04-29 19:07:57 [INFO][SYNCER] Redis connected at localhost:6379
2026-04-29 19:07:57 [INFO][SYNCER] Chạy auto-provisioning...
2026-04-29 19:07:57 [INFO][SYNCER] === AUTO-PROVISIONING BẮT ĐẦU ===
=======================================================
  SmartHome Gateway — Starting
=======================================================
[MAIN] DB schema applied
[MAIN] DB init complete
[BUS] MessageBus started
[BUS] MQTT connected & subscribed
[WATCHDOG] Safety watchdog started
[BUS] Outbound loop started
[NET] RTC read error: Command '['sudo', 'hwclock', '-s']' returned non-zero exit status 1.
[NET] Network watchdog started
[NET] Internet: ON
[MAIN] FirebaseSync worker started
[MAIN] All workers started
[BRIDGE] Realtime bridge started
[AUTO] Cache loaded: 3 rules, 0 schedules
[SCHEDULER] Started
[API] Registered /api: auth
[API] Registered /api: sensors
[AUTO] Command listener started
[API] Registered /api: devices
[API] Registered /api: automation
[API] Registered /api: logs
[API] Registered /api: rfid
[API] Registered /api: wifi
[API] Registered /api: ota
[API] Registered /api: system
=======================================================
[MAIN] Gateway LIVE → http://0.0.0.0:5000/
[MAIN] API prefix:  http://0.0.0.0:5000/api/
=======================================================
 * Serving Flask app 'gateway_main'
 * Debug mode: off
2026-04-29 19:07:57 [INFO][SYNCER] [31m[1mWARNING: This is a development server. Do not use it in a production deployment. Use a production WSGI server instead.[0m
 * Running on all addresses (0.0.0.0)
 * Running on http://127.0.0.1:5000
 * Running on http://192.168.100.30:5000
2026-04-29 19:07:57 [INFO][SYNCER] [33mPress CTRL+C to quit[0m
2026-04-29 19:07:58 [ERROR][SYNCER] RTDB provision room bedroom_01 failed: Database lives in a different region. Please change your database URL to https://nhathongminh-myhome-default-rtdb.asia-southeast1.firebasedatabase.app
2026-04-29 19:07:59 [INFO][SYNCER]   Firestore: Tạo device bedroom_01/fan_bd_1
2026-04-29 19:07:59 [INFO][SYNCER]   Firestore: Tạo device bedroom_01/light_bd_1
2026-04-29 19:07:59 [ERROR][SYNCER] RTDB provision room kitchen_01 failed: Database lives in a different region. Please change your database URL to https://nhathongminh-myhome-default-rtdb.asia-southeast1.firebasedatabase.app
2026-04-29 19:07:59 [INFO][SYNCER]   Firestore: Tạo device kitchen_01/fan_kt_1
2026-04-29 19:08:00 [INFO][SYNCER]   Firestore: Tạo device kitchen_01/light_kt_1
2026-04-29 19:08:00 [ERROR][SYNCER] RTDB provision room living_room_01 failed: Database lives in a different region. Please change your database URL to https://nhathongminh-myhome-default-rtdb.asia-southeast1.firebasedatabase.app
2026-04-29 19:08:00 [INFO][SYNCER]   Firestore: Tạo device living_room_01/fan_lv_1
2026-04-29 19:08:00 [INFO][SYNCER]   Firestore: Tạo device living_room_01/light_lv_1
2026-04-29 19:08:00 [INFO][SYNCER] Firestore: Tạo system_status/wifi
2026-04-29 19:08:01 [INFO][SYNCER] Firestore: Tạo system_status/available_wifi
2026-04-29 19:08:01 [INFO][SYNCER] === AUTO-PROVISIONING HOÀN TẤT (3 rooms) ===
2026-04-29 19:08:01 [INFO][SYNCER] Synced 3 rooms to Firestore (userId=aN2XKzWrzieBhBsOFhp7zFzHQaG3)
2026-04-29 19:08:01 [INFO][SYNCER] Redis subscriber started (channels: ['realtime_data', 'device_status', 'safety_alert', 'wifi_status'])
2026-04-29 19:08:01 [INFO][SYNCER] CommandDispatcher started
2026-04-29 19:08:01 [INFO][SYNCER] Sensor history flush loop started (interval: 180s)
2026-04-29 19:08:01 [INFO][SYNCER] MQTT inbound bridge started
2026-04-29 19:08:01 [WARNING][SYNCER] RTDB heartbeat error: Database lives in a different region. Please change your database URL to https://nhathongminh-myhome-default-rtdb.asia-southeast1.firebasedatabase.app
2026-04-29 19:08:31 [WARNING][SYNCER] RTDB heartbeat error: Database lives in a different region. Please change your database URL to https://nhathongminh-myhome-default-rtdb.asia-southeast1.firebasedatabase.app
2026-04-29 19:09:02 [WARNING][SYNCER] RTDB heartbeat error: Database lives in a different region. Please change your database URL to https://nhathongminh-myhome-default-rtdb.asia-southeast1.firebasedatabase.app
2026-04-29 19:09:32 [WARNING][SYNCER] RTDB heartbeat error: Database lives in a different region. Please change your database URL to https://nhathongminh-myhome-default-rtdb.asia-southeast1.firebasedatabase.app
2026-04-29 19:10:02 [WARNING][SYNCER] RTDB heartbeat error: Database lives in a different region. Please change your database URL to https://nhathongminh-myhome-default-rtdb.asia-southeast1.firebasedatabase.app
2026-04-29 19:10:20 [INFO][SYNCER] SyncWorker starting...
2026-04-29 19:10:20 [INFO][SYNCER] Waiting for SD2 (timeout 300s before degraded mode)...
2026-04-29 19:10:21 [INFO][SYNCER] =======================================================
2026-04-29 19:10:21 [INFO][SYNCER] firebase_sync v2 starting — project: nhathongminh-myhome
2026-04-29 19:10:21 [INFO][SYNCER] Storage: RTDB=sensors (hot) | Firestore=rooms/devices/alerts (structured)
2026-04-29 19:10:21 [INFO][SYNCER] =======================================================
2026-04-29 19:10:21 [INFO][SYNCER] Firebase khởi tạo từ service account file
2026-04-29 19:10:21 [INFO][SYNCER] Firestore client sẵn sàng
2026-04-29 19:10:21 [INFO][SYNCER] RTDB client sẵn sàng (databaseURL: https://nhathongminh-myhome-default-rtdb.asia-southeast1.firebasedatabase.app)
2026-04-29 19:10:21 [INFO][SYNCER] Redis connected at localhost:6379
2026-04-29 19:10:21 [INFO][SYNCER] Chạy auto-provisioning...
2026-04-29 19:10:21 [INFO][SYNCER] === AUTO-PROVISIONING BẮT ĐẦU ===
=======================================================
  SmartHome Gateway — Starting
=======================================================
[MAIN] DB schema applied
[MAIN] DB init complete
[BUS] MessageBus started
[BUS] MQTT connected & subscribed
[WATCHDOG] Safety watchdog started
[BUS] Outbound loop started
[NET] RTC read error: Command '['sudo', 'hwclock', '-s']' returned non-zero exit status 1.
[NET] Network watchdog started
[NET] Internet: ON
[MAIN] FirebaseSync worker started
[MAIN] All workers started
[BRIDGE] Realtime bridge started
[AUTO] Cache loaded: 3 rules, 0 schedules
[SCHEDULER] Started
[API] Registered /api: auth
[API] Registered /api: sensors
[API] Registered /api: devices
[AUTO] Command listener started
[API] Registered /api: automation
[API] Registered /api: logs
[API] Registered /api: rfid
[API] Registered /api: wifi
[API] Registered /api: ota
[API] Registered /api: system
=======================================================
[MAIN] Gateway LIVE → http://0.0.0.0:5000/
[MAIN] API prefix:  http://0.0.0.0:5000/api/
=======================================================
 * Serving Flask app 'gateway_main'
 * Debug mode: off
2026-04-29 19:10:21 [INFO][SYNCER] [31m[1mWARNING: This is a development server. Do not use it in a production deployment. Use a production WSGI server instead.[0m
 * Running on all addresses (0.0.0.0)
 * Running on http://127.0.0.1:5000
 * Running on http://192.168.100.30:5000
2026-04-29 19:10:21 [INFO][SYNCER] [33mPress CTRL+C to quit[0m
2026-04-29 19:10:22 [INFO][SYNCER] RTDB: Tạo node live/bedroom_01
2026-04-29 19:10:23 [INFO][SYNCER] RTDB: Tạo node live/kitchen_01
2026-04-29 19:10:23 [INFO][SYNCER] RTDB: Tạo node live/living_room_01
2026-04-29 19:10:23 [INFO][SYNCER] === AUTO-PROVISIONING HOÀN TẤT (3 rooms) ===
2026-04-29 19:10:24 [INFO][SYNCER] Synced 3 rooms to Firestore (userId=aN2XKzWrzieBhBsOFhp7zFzHQaG3)
2026-04-29 19:10:24 [INFO][SYNCER] Redis subscriber started (channels: ['realtime_data', 'device_status', 'safety_alert', 'wifi_status'])
2026-04-29 19:10:24 [INFO][SYNCER] CommandDispatcher started
2026-04-29 19:10:24 [INFO][SYNCER] Sensor history flush loop started (interval: 180s)
2026-04-29 19:10:24 [INFO][SYNCER] MQTT inbound bridge started
2026-04-29 19:12:12 [ERROR][SYNCER] Dispatch error: Object of type DatetimeWithNanoseconds is not JSON serializable
2026-04-29 19:12:14 [ERROR][SYNCER] Dispatch error: Object of type DatetimeWithNanoseconds is not JSON serializable
2026-04-29 19:13:24 [INFO][SYNCER] Firestore: Batch flush 38 sensor history rows
2026-04-29 19:13:24 [INFO][SYNCER] Flushed 38 sensor history rows to Firestore
2026-04-29 19:13:27 [ERROR][SYNCER] Dispatch error: Object of type DatetimeWithNanoseconds is not JSON serializable
2026-04-29 19:13:29 [ERROR][SYNCER] Dispatch error: Object of type DatetimeWithNanoseconds is not JSON serializable
2026-04-29 19:15:20 [INFO][SYNCER] SyncWorker running (storage: sd2)
2026-04-29 19:15:20 [WARNING][SYNCER] Bad sensor item: {"room": "living_room_01", "type": "temperature", "value": 2 — 'ts'
2026-04-29 19:15:20 [WARNING][SYNCER] Bad sensor item: {"room": "living_room_01", "type": "humidity", "value": 42,  — 'ts'
2026-04-29 19:15:20 [WARNING][SYNCER] Bad sensor item: {"room": "living_room_01", "type": "temperature", "value": 2 — 'ts'
2026-04-29 19:15:20 [WARNING][SYNCER] Bad sensor item: {"room": "living_room_01", "type": "humidity", "value": 42,  — 'ts'
2026-04-29 19:15:20 [WARNING][SYNCER] Bad sensor item: {"room": "living_room_01", "type": "temperature", "value": 2 — 'ts'
2026-04-29 19:15:20 [WARNING][SYNCER] Bad sensor item: {"room": "living_room_01", "type": "humidity", "value": 42,  — 'ts'
2026-04-29 19:15:20 [WARNING][SYNCER] Bad sensor item: {"room": "living_room_01", "type": "temperature", "value": 2 — 'ts'
2026-04-29 19:15:20 [WARNING][SYNCER] Bad sensor item: {"room": "living_room_01", "type": "humidity", "value": 42,  — 'ts'
2026-04-29 19:15:20 [WARNING][SYNCER] Bad sensor item: {"room": "living_room_01", "type": "temperature", "value": 2 — 'ts'
2026-04-29 19:15:20 [WARNING][SYNCER] Bad sensor item: {"room": "living_room_01", "type": "humidity", "value": 42,  — 'ts'
2026-04-29 19:15:20 [WARNING][SYNCER] Bad sensor item: {"room": "living_room_01", "type": "temperature", "value": 2 — 'ts'
2026-04-29 19:15:20 [WARNING][SYNCER] Bad sensor item: {"room": "living_room_01", "type": "humidity", "value": 42,  — 'ts'
2026-04-29 19:15:20 [WARNING][SYNCER] Bad sensor item: {"room": "living_room_01", "type": "temperature", "value": 2 — 'ts'
2026-04-29 19:15:20 [WARNING][SYNCER] Bad sensor item: {"room": "living_room_01", "type": "humidity", "value": 42,  — 'ts'
2026-04-29 19:15:20 [WARNING][SYNCER] Bad sensor item: {"room": "living_room_01", "type": "temperature", "value": 2 — 'ts'
2026-04-29 19:15:20 [WARNING][SYNCER] Bad sensor item: {"room": "living_room_01", "type": "humidity", "value": 42,  — 'ts'
2026-04-29 19:15:20 [WARNING][SYNCER] Bad sensor item: {"room": "living_room_01", "type": "temperature", "value": 2 — 'ts'
2026-04-29 19:15:20 [WARNING][SYNCER] Bad sensor item: {"room": "living_room_01", "type": "humidity", "value": 42,  — 'ts'
2026-04-29 19:15:20 [WARNING][SYNCER] Bad sensor item: {"room": "living_room_01", "type": "temperature", "value": 2 — 'ts'
2026-04-29 19:15:20 [WARNING][SYNCER] Bad sensor item: {"room": "living_room_01", "type": "humidity", "value": 42,  — 'ts'
2026-04-29 19:15:20 [WARNING][SYNCER] Bad sensor item: {"room": "living_room_01", "type": "temperature", "value": 2 — 'ts'
2026-04-29 19:15:20 [WARNING][SYNCER] Bad sensor item: {"room": "living_room_01", "type": "humidity", "value": 42,  — 'ts'
2026-04-29 19:15:20 [WARNING][SYNCER] Bad sensor item: {"room": "living_room_01", "type": "temperature", "value": 2 — 'ts'
2026-04-29 19:15:20 [WARNING][SYNCER] Bad sensor item: {"room": "living_room_01", "type": "humidity", "value": 42,  — 'ts'
2026-04-29 19:15:20 [WARNING][SYNCER] Bad sensor item: {"room": "living_room_01", "type": "temperature", "value": 2 — 'ts'
2026-04-29 19:15:20 [WARNING][SYNCER] Bad sensor item: {"room": "living_room_01", "type": "humidity", "value": 42,  — 'ts'
2026-04-29 19:15:20 [WARNING][SYNCER] Bad sensor item: {"room": "living_room_01", "type": "temperature", "value": 2 — 'ts'
2026-04-29 19:15:20 [WARNING][SYNCER] Bad sensor item: {"room": "living_room_01", "type": "humidity", "value": 42,  — 'ts'
2026-04-29 19:15:20 [WARNING][SYNCER] Bad sensor item: {"room": "living_room_01", "type": "temperature", "value": 2 — 'ts'
2026-04-29 19:15:20 [WARNING][SYNCER] Bad sensor item: {"room": "living_room_01", "type": "humidity", "value": 42,  — 'ts'
2026-04-29 19:15:20 [WARNING][SYNCER] Bad sensor item: {"room": "living_room_01", "type": "temperature", "value": 2 — 'ts'
2026-04-29 19:15:20 [WARNING][SYNCER] Bad sensor item: {"room": "living_room_01", "type": "humidity", "value": 42,  — 'ts'
2026-04-29 19:15:20 [WARNING][SYNCER] Bad sensor item: {"room": "living_room_01", "type": "temperature", "value": 2 — 'ts'
2026-04-29 19:15:20 [WARNING][SYNCER] Bad sensor item: {"room": "living_room_01", "type": "humidity", "value": 42,  — 'ts'
2026-04-29 19:15:20 [WARNING][SYNCER] Bad sensor item: {"room": "living_room_01", "type": "temperature", "value": 2 — 'ts'
2026-04-29 19:15:20 [WARNING][SYNCER] Bad sensor item: {"room": "living_room_01", "type": "humidity", "value": 42,  — 'ts'
2026-04-29 19:15:20 [WARNING][SYNCER] Bad sensor item: {"room": "living_room_01", "type": "temperature", "value": 2 — 'ts'
2026-04-29 19:15:20 [WARNING][SYNCER] Bad sensor item: {"room": "living_room_01", "type": "humidity", "value": 42,  — 'ts'
2026-04-29 19:15:20 [WARNING][SYNCER] Bad sensor item: {"room": "living_room_01", "type": "temperature", "value": 2 — 'ts'
2026-04-29 19:15:20 [WARNING][SYNCER] Bad sensor item: {"room": "living_room_01", "type": "humidity", "value": 42,  — 'ts'
2026-04-29 19:15:20 [WARNING][SYNCER] Bad sensor item: {"room": "living_room_01", "type": "temperature", "value": 2 — 'ts'
2026-04-29 19:15:20 [WARNING][SYNCER] Bad sensor item: {"room": "living_room_01", "type": "humidity", "value": 42,  — 'ts'
2026-04-29 19:15:20 [WARNING][SYNCER] Bad sensor item: {"room": "living_room_01", "type": "temperature", "value": 2 — 'ts'
2026-04-29 19:15:20 [WARNING][SYNCER] Bad sensor item: {"room": "living_room_01", "type": "humidity", "value": 42,  — 'ts'
2026-04-29 19:15:20 [WARNING][SYNCER] Bad sensor item: {"room": "living_room_01", "type": "temperature", "value": 2 — 'ts'
2026-04-29 19:15:20 [WARNING][SYNCER] Bad sensor item: {"room": "living_room_01", "type": "humidity", "value": 42,  — 'ts'
2026-04-29 19:15:20 [WARNING][SYNCER] Bad sensor item: {"room": "living_room_01", "type": "temperature", "value": 2 — 'ts'
2026-04-29 19:15:20 [WARNING][SYNCER] Bad sensor item: {"room": "living_room_01", "type": "humidity", "value": 42,  — 'ts'
2026-04-29 19:15:20 [WARNING][SYNCER] Bad sensor item: {"room": "living_room_01", "type": "temperature", "value": 2 — 'ts'
2026-04-29 19:15:20 [WARNING][SYNCER] Bad sensor item: {"room": "living_room_01", "type": "humidity", "value": 42,  — 'ts'
2026-04-29 19:15:20 [INFO][SYNCER] DB rotated → /mnt/sd2/data/data_2026-04-29.db (mode: sd2)
2026-04-29 19:16:24 [INFO][SYNCER] Firestore: Batch flush 124 sensor history rows
2026-04-29 19:16:24 [INFO][SYNCER] Flushed 124 sensor history rows to Firestore
2026-04-29 19:26:08 [INFO][SYNCER] SyncWorker starting...
2026-04-29 19:26:08 [INFO][SYNCER] Waiting for SD2 (timeout 300s before degraded mode)...
2026-04-29 19:26:09 [INFO][SYNCER] =======================================================
2026-04-29 19:26:09 [INFO][SYNCER] firebase_sync v2 starting — project: nhathongminh-myhome
2026-04-29 19:26:09 [INFO][SYNCER] Storage: RTDB=sensors (hot) | Firestore=rooms/devices/alerts (structured)
2026-04-29 19:26:09 [INFO][SYNCER] =======================================================
2026-04-29 19:26:09 [INFO][SYNCER] Firebase khởi tạo từ service account file
2026-04-29 19:26:09 [INFO][SYNCER] Firestore client sẵn sàng
2026-04-29 19:26:09 [INFO][SYNCER] RTDB client sẵn sàng (databaseURL: https://nhathongminh-myhome-default-rtdb.asia-southeast1.firebasedatabase.app)
2026-04-29 19:26:09 [INFO][SYNCER] Redis connected at localhost:6379
2026-04-29 19:26:09 [INFO][SYNCER] Chạy auto-provisioning...
2026-04-29 19:26:09 [INFO][SYNCER] === AUTO-PROVISIONING BẮT ĐẦU ===
=======================================================
  SmartHome Gateway — Starting
=======================================================
[MAIN] DB schema applied
[MAIN] DB init complete
[BUS] MessageBus started
[BUS] MQTT connected & subscribed
[WATCHDOG] Safety watchdog started
[BUS] Outbound loop started
[NET] RTC read error: Command '['sudo', 'hwclock', '-s']' returned non-zero exit status 1.
[NET] Network watchdog started
[NET] Internet: ON
[MAIN] FirebaseSync worker started
[MAIN] All workers started
[BRIDGE] Realtime bridge started
[API] Registered /api: auth
[API] Registered /api: sensors
[API] Registered /api: devices
[API] Registered /api: automation
[API] Registered /api: logs
[AUTO] Cache loaded: 3 rules, 0 schedules
[SCHEDULER] Started
[API] Registered /api: rfid
[API] Registered /api: wifi
[API] Registered /api: ota
[API] Registered /api: system
=======================================================
[MAIN] Gateway LIVE → http://0.0.0.0:5000/
[MAIN] API prefix:  http://0.0.0.0:5000/api/
=======================================================
[AUTO] Command listener started
 * Serving Flask app 'gateway_main'
 * Debug mode: off
2026-04-29 19:26:10 [INFO][SYNCER] [31m[1mWARNING: This is a development server. Do not use it in a production deployment. Use a production WSGI server instead.[0m
 * Running on all addresses (0.0.0.0)
 * Running on http://127.0.0.1:5000
 * Running on http://192.168.100.30:5000
2026-04-29 19:26:10 [INFO][SYNCER] [33mPress CTRL+C to quit[0m
2026-04-29 19:26:10 [INFO][SYNCER] RTDB: Node live/bedroom_01 đã tồn tại — bỏ qua provision
2026-04-29 19:26:11 [INFO][SYNCER] RTDB: Node live/kitchen_01 đã tồn tại — bỏ qua provision
2026-04-29 19:26:12 [INFO][SYNCER] RTDB: Node live/living_room_01 đã tồn tại — bỏ qua provision
2026-04-29 19:26:12 [INFO][SYNCER] === AUTO-PROVISIONING HOÀN TẤT (3 rooms) ===
2026-04-29 19:26:12 [INFO][SYNCER] Synced 3 rooms to Firestore (userId=aN2XKzWrzieBhBsOFhp7zFzHQaG3)
2026-04-29 19:26:12 [INFO][SYNCER] Redis subscriber started (channels: ['realtime_data', 'device_status', 'safety_alert', 'wifi_status'])
2026-04-29 19:26:12 [INFO][SYNCER] CommandDispatcher started
2026-04-29 19:26:12 [INFO][SYNCER] Sensor history flush loop started (interval: 180s)
2026-04-29 19:26:12 [INFO][SYNCER] MQTT inbound bridge started
2026-04-29 19:29:00 [INFO][SYNCER] SyncWorker starting...
2026-04-29 19:29:00 [INFO][SYNCER] Waiting for SD2 (timeout 300s before degraded mode)...
=======================================================
  SmartHome Gateway — Starting
=======================================================
[MAIN] DB schema applied
[MAIN] DB init complete
[BUS] MessageBus started
[BUS] MQTT connected & subscribed
[WATCHDOG] Safety watchdog started
[BUS] Outbound loop started
Traceback (most recent call last):
  File "/home/pi/smarthome_prj/GATEWAY/gateway_main.py", line 222, in <module>
    start_workers()
  File "/home/pi/smarthome_prj/GATEWAY/gateway_main.py", line 114, in start_workers
    from workers import firebase_sync
  File "/home/pi/smarthome_prj/GATEWAY/workers/firebase_sync.py", line 417
    "ts": int(time.time())
          ^^^^^^^^^^^^^^^^
SyntaxError: invalid syntax. Perhaps you forgot a comma?
[NET] RTC read error: Command '['sudo', 'hwclock', '-s']' returned non-zero exit status 1.
2026-04-29 19:29:24 [INFO][SYNCER] SyncWorker starting...
2026-04-29 19:29:24 [INFO][SYNCER] Waiting for SD2 (timeout 300s before degraded mode)...
2026-04-29 19:29:24 [INFO][SYNCER] =======================================================
2026-04-29 19:29:24 [INFO][SYNCER] firebase_sync v2 starting — project: nhathongminh-myhome
2026-04-29 19:29:24 [INFO][SYNCER] Storage: RTDB=sensors (hot) | Firestore=rooms/devices/alerts (structured)
2026-04-29 19:29:24 [INFO][SYNCER] =======================================================
2026-04-29 19:29:25 [INFO][SYNCER] Firebase khởi tạo từ service account file
2026-04-29 19:29:25 [INFO][SYNCER] Firestore client sẵn sàng
2026-04-29 19:29:25 [INFO][SYNCER] RTDB client sẵn sàng (databaseURL: https://nhathongminh-myhome-default-rtdb.asia-southeast1.firebasedatabase.app)
2026-04-29 19:29:25 [INFO][SYNCER] Redis connected at localhost:6379
2026-04-29 19:29:25 [INFO][SYNCER] Chạy auto-provisioning...
2026-04-29 19:29:25 [INFO][SYNCER] === AUTO-PROVISIONING BẮT ĐẦU ===
=======================================================
  SmartHome Gateway — Starting
=======================================================
[MAIN] DB schema applied
[MAIN] DB init complete
[BUS] MessageBus started
[BUS] MQTT connected & subscribed
[WATCHDOG] Safety watchdog started
[BUS] Outbound loop started
[NET] RTC read error: Command '['sudo', 'hwclock', '-s']' returned non-zero exit status 1.
[NET] Network watchdog started
[NET] Internet: ON
[MAIN] FirebaseSync worker started
[MAIN] All workers started
[AUTO] Cache loaded: 3 rules, 0 schedules
[BRIDGE] Realtime bridge started
[SCHEDULER] Started
[API] Registered /api: auth
[API] Registered /api: sensors
[AUTO] Command listener started
[API] Registered /api: devices
[API] Registered /api: automation
[API] Registered /api: logs
[API] Registered /api: rfid
[API] Registered /api: wifi
[API] Registered /api: ota
[API] Registered /api: system
=======================================================
[MAIN] Gateway LIVE → http://0.0.0.0:5000/
[MAIN] API prefix:  http://0.0.0.0:5000/api/
=======================================================
 * Serving Flask app 'gateway_main'
 * Debug mode: off
2026-04-29 19:29:25 [INFO][SYNCER] [31m[1mWARNING: This is a development server. Do not use it in a production deployment. Use a production WSGI server instead.[0m
 * Running on all addresses (0.0.0.0)
 * Running on http://127.0.0.1:5000
 * Running on http://192.168.100.30:5000
2026-04-29 19:29:25 [INFO][SYNCER] [33mPress CTRL+C to quit[0m
2026-04-29 19:29:25 [INFO][SYNCER] RTDB: Node live/bedroom_01 đã tồn tại — bỏ qua provision
2026-04-29 19:29:26 [INFO][SYNCER] RTDB: Node live/kitchen_01 đã tồn tại — bỏ qua provision
2026-04-29 19:29:26 [INFO][SYNCER] RTDB: Node live/living_room_01 đã tồn tại — bỏ qua provision
2026-04-29 19:29:27 [INFO][SYNCER] === AUTO-PROVISIONING HOÀN TẤT (3 rooms) ===
2026-04-29 19:29:27 [INFO][SYNCER] Synced 3 rooms to Firestore (userId=aN2XKzWrzieBhBsOFhp7zFzHQaG3)
2026-04-29 19:29:27 [INFO][SYNCER] Redis subscriber started (channels: ['realtime_data', 'device_status', 'safety_alert', 'wifi_status'])
2026-04-29 19:29:27 [INFO][SYNCER] CommandDispatcher started
2026-04-29 19:29:27 [INFO][SYNCER] Sensor history flush loop started (interval: 180s)
2026-04-29 19:29:27 [INFO][SYNCER] MQTT inbound bridge started
2026-04-29 19:32:28 [INFO][SYNCER] Firestore: Batch flush 316 sensor history rows
2026-04-29 19:32:28 [INFO][SYNCER] Flushed 316 sensor history rows to Firestore
2026-04-29 19:33:33 [INFO][SYNCER] SyncWorker starting...
2026-04-29 19:33:33 [INFO][SYNCER] Waiting for SD2 (timeout 300s before degraded mode)...
2026-04-29 19:33:33 [INFO][SYNCER] =======================================================
2026-04-29 19:33:33 [INFO][SYNCER] firebase_sync v2 starting — project: nhathongminh-myhome
2026-04-29 19:33:33 [INFO][SYNCER] Storage: RTDB=sensors (hot) | Firestore=rooms/devices/alerts (structured)
2026-04-29 19:33:33 [INFO][SYNCER] =======================================================
2026-04-29 19:33:34 [INFO][SYNCER] Firebase khởi tạo từ service account file
2026-04-29 19:33:34 [INFO][SYNCER] Firestore client sẵn sàng
2026-04-29 19:33:34 [INFO][SYNCER] RTDB client sẵn sàng (databaseURL: https://nhathongminh-myhome-default-rtdb.asia-southeast1.firebasedatabase.app)
2026-04-29 19:33:34 [INFO][SYNCER] Redis connected at localhost:6379
2026-04-29 19:33:34 [INFO][SYNCER] Chạy auto-provisioning...
2026-04-29 19:33:34 [INFO][SYNCER] === AUTO-PROVISIONING BẮT ĐẦU ===
=======================================================
  SmartHome Gateway — Starting
=======================================================
[MAIN] DB schema applied
[MAIN] DB init complete
[BUS] MessageBus started
[BUS] MQTT connected & subscribed
[WATCHDOG] Safety watchdog started
[BUS] Outbound loop started
[NET] RTC read error: Command '['sudo', 'hwclock', '-s']' returned non-zero exit status 1.
[NET] Network watchdog started
[MAIN] FirebaseSync worker started
[MAIN] All workers started
[BRIDGE] Realtime bridge started
[API] Registered /api: auth
[API] Registered /api: sensors
[API] Registered /api: devices
[API] Registered /api: automation
[AUTO] Cache loaded: 3 rules, 0 schedules
[SCHEDULER] Started
[API] Registered /api: logs
[API] Registered /api: rfid
[API] Registered /api: wifi
[API] Registered /api: ota
[AUTO] Command listener started
[API] Registered /api: system
=======================================================
[MAIN] Gateway LIVE → http://0.0.0.0:5000/
[MAIN] API prefix:  http://0.0.0.0:5000/api/
=======================================================
 * Serving Flask app 'gateway_main'
 * Debug mode: off
2026-04-29 19:33:34 [INFO][SYNCER] [31m[1mWARNING: This is a development server. Do not use it in a production deployment. Use a production WSGI server instead.[0m
 * Running on all addresses (0.0.0.0)
 * Running on http://127.0.0.1:5000
 * Running on http://192.168.100.30:5000
2026-04-29 19:33:34 [INFO][SYNCER] [33mPress CTRL+C to quit[0m
2026-04-29 19:33:34 [INFO][SYNCER] RTDB: Node live/bedroom_01 đã tồn tại — bỏ qua provision
2026-04-29 19:33:35 [INFO][SYNCER] Firestore: Tạo rooms/bedroom_01
2026-04-29 19:33:35 [INFO][SYNCER]   Firestore: Tạo device bedroom_01/fan_bd_1
2026-04-29 19:33:35 [INFO][SYNCER]   Firestore: Tạo device bedroom_01/light_bd_1
2026-04-29 19:33:35 [INFO][SYNCER] RTDB: Node live/kitchen_01 đã tồn tại — bỏ qua provision
2026-04-29 19:33:35 [INFO][SYNCER] Firestore: Tạo rooms/kitchen_01
2026-04-29 19:33:35 [INFO][SYNCER]   Firestore: Tạo device kitchen_01/fan_kt_1
2026-04-29 19:33:35 [INFO][SYNCER]   Firestore: Tạo device kitchen_01/light_kt_1
2026-04-29 19:33:35 [INFO][SYNCER] RTDB: Node live/living_room_01 đã tồn tại — bỏ qua provision
2026-04-29 19:33:36 [INFO][SYNCER] Firestore: Tạo rooms/living_room_01
2026-04-29 19:33:36 [INFO][SYNCER]   Firestore: Tạo device living_room_01/fan_lv_1
2026-04-29 19:33:36 [INFO][SYNCER]   Firestore: Tạo device living_room_01/light_lv_1
2026-04-29 19:33:36 [INFO][SYNCER] Firestore: Tạo system_status/wifi
2026-04-29 19:33:36 [INFO][SYNCER] Firestore: Tạo system_status/available_wifi
2026-04-29 19:33:36 [INFO][SYNCER] === AUTO-PROVISIONING HOÀN TẤT (3 rooms) ===
2026-04-29 19:33:36 [INFO][SYNCER] Synced 3 rooms to Firestore (userId=aN2XKzWrzieBhBsOFhp7zFzHQaG3)
2026-04-29 19:33:36 [INFO][SYNCER] Redis subscriber started (channels: ['realtime_data', 'device_status', 'safety_alert', 'wifi_status'])
2026-04-29 19:33:36 [INFO][SYNCER] CommandDispatcher started
2026-04-29 19:33:36 [INFO][SYNCER] Sensor history flush loop started (interval: 180s)
2026-04-29 19:33:36 [INFO][SYNCER] MQTT inbound bridge started
2026-04-29 19:36:37 [INFO][SYNCER] Firestore: Batch flush 116 sensor history rows
2026-04-29 19:36:37 [INFO][SYNCER] Flushed 116 sensor history rows to Firestore
2026-04-29 19:38:33 [INFO][SYNCER] SyncWorker running (storage: sd2)
2026-04-29 19:38:33 [WARNING][SYNCER] Bad sensor item: {"room": "living_room_01", "type": "temperature", "value": 2 — 'ts'
2026-04-29 19:38:33 [WARNING][SYNCER] Bad sensor item: {"room": "living_room_01", "type": "humidity", "value": 42,  — 'ts'
2026-04-29 19:38:33 [WARNING][SYNCER] Bad sensor item: {"room": "living_room_01", "type": "temperature", "value": 2 — 'ts'
2026-04-29 19:38:33 [WARNING][SYNCER] Bad sensor item: {"room": "living_room_01", "type": "humidity", "value": 42,  — 'ts'
2026-04-29 19:38:33 [WARNING][SYNCER] Bad sensor item: {"room": "living_room_01", "type": "temperature", "value": 2 — 'ts'
2026-04-29 19:38:33 [WARNING][SYNCER] Bad sensor item: {"room": "living_room_01", "type": "humidity", "value": 42,  — 'ts'
2026-04-29 19:38:33 [WARNING][SYNCER] Bad sensor item: {"room": "living_room_01", "type": "temperature", "value": 2 — 'ts'
2026-04-29 19:38:33 [WARNING][SYNCER] Bad sensor item: {"room": "living_room_01", "type": "humidity", "value": 42,  — 'ts'
2026-04-29 19:38:33 [WARNING][SYNCER] Bad sensor item: {"room": "living_room_01", "type": "temperature", "value": 2 — 'ts'
2026-04-29 19:38:33 [WARNING][SYNCER] Bad sensor item: {"room": "living_room_01", "type": "humidity", "value": 42,  — 'ts'
2026-04-29 19:38:33 [WARNING][SYNCER] Bad sensor item: {"room": "living_room_01", "type": "temperature", "value": 2 — 'ts'
2026-04-29 19:38:33 [WARNING][SYNCER] Bad sensor item: {"room": "living_room_01", "type": "humidity", "value": 42,  — 'ts'
2026-04-29 19:38:33 [WARNING][SYNCER] Bad sensor item: {"room": "living_room_01", "type": "temperature", "value": 2 — 'ts'
2026-04-29 19:38:33 [WARNING][SYNCER] Bad sensor item: {"room": "living_room_01", "type": "humidity", "value": 42,  — 'ts'
2026-04-29 19:38:33 [WARNING][SYNCER] Bad sensor item: {"room": "living_room_01", "type": "temperature", "value": 2 — 'ts'
2026-04-29 19:38:33 [WARNING][SYNCER] Bad sensor item: {"room": "living_room_01", "type": "humidity", "value": 42,  — 'ts'
2026-04-29 19:38:33 [WARNING][SYNCER] Bad sensor item: {"room": "living_room_01", "type": "temperature", "value": 2 — 'ts'
2026-04-29 19:38:33 [WARNING][SYNCER] Bad sensor item: {"room": "living_room_01", "type": "humidity", "value": 42,  — 'ts'
2026-04-29 19:38:33 [WARNING][SYNCER] Bad sensor item: {"room": "living_room_01", "type": "temperature", "value": 2 — 'ts'
2026-04-29 19:38:33 [WARNING][SYNCER] Bad sensor item: {"room": "living_room_01", "type": "humidity", "value": 42,  — 'ts'
2026-04-29 19:38:33 [WARNING][SYNCER] Bad sensor item: {"room": "living_room_01", "type": "temperature", "value": 2 — 'ts'
2026-04-29 19:38:33 [WARNING][SYNCER] Bad sensor item: {"room": "living_room_01", "type": "humidity", "value": 42,  — 'ts'
2026-04-29 19:38:33 [WARNING][SYNCER] Bad sensor item: {"room": "living_room_01", "type": "temperature", "value": 2 — 'ts'
2026-04-29 19:38:33 [WARNING][SYNCER] Bad sensor item: {"room": "living_room_01", "type": "humidity", "value": 42,  — 'ts'
2026-04-29 19:38:33 [WARNING][SYNCER] Bad sensor item: {"room": "living_room_01", "type": "temperature", "value": 2 — 'ts'
2026-04-29 19:38:33 [WARNING][SYNCER] Bad sensor item: {"room": "living_room_01", "type": "humidity", "value": 42,  — 'ts'
2026-04-29 19:38:33 [WARNING][SYNCER] Bad sensor item: {"room": "living_room_01", "type": "temperature", "value": 2 — 'ts'
2026-04-29 19:38:33 [WARNING][SYNCER] Bad sensor item: {"room": "living_room_01", "type": "humidity", "value": 42,  — 'ts'
2026-04-29 19:38:33 [WARNING][SYNCER] Bad sensor item: {"room": "living_room_01", "type": "temperature", "value": 2 — 'ts'
2026-04-29 19:38:33 [WARNING][SYNCER] Bad sensor item: {"room": "living_room_01", "type": "humidity", "value": 42,  — 'ts'
2026-04-29 19:38:33 [WARNING][SYNCER] Bad sensor item: {"room": "living_room_01", "type": "temperature", "value": 2 — 'ts'
2026-04-29 19:38:33 [WARNING][SYNCER] Bad sensor item: {"room": "living_room_01", "type": "humidity", "value": 42,  — 'ts'
2026-04-29 19:38:33 [WARNING][SYNCER] Bad sensor item: {"room": "living_room_01", "type": "temperature", "value": 2 — 'ts'
2026-04-29 19:38:33 [WARNING][SYNCER] Bad sensor item: {"room": "living_room_01", "type": "humidity", "value": 42,  — 'ts'
2026-04-29 19:38:33 [WARNING][SYNCER] Bad sensor item: {"room": "living_room_01", "type": "temperature", "value": 2 — 'ts'
2026-04-29 19:38:33 [WARNING][SYNCER] Bad sensor item: {"room": "living_room_01", "type": "humidity", "value": 42,  — 'ts'
2026-04-29 19:38:33 [WARNING][SYNCER] Bad sensor item: {"room": "living_room_01", "type": "temperature", "value": 2 — 'ts'
2026-04-29 19:38:33 [WARNING][SYNCER] Bad sensor item: {"room": "living_room_01", "type": "humidity", "value": 42,  — 'ts'
2026-04-29 19:38:33 [WARNING][SYNCER] Bad sensor item: {"room": "living_room_01", "type": "temperature", "value": 2 — 'ts'
2026-04-29 19:38:33 [WARNING][SYNCER] Bad sensor item: {"room": "living_room_01", "type": "humidity", "value": 42,  — 'ts'
2026-04-29 19:38:33 [WARNING][SYNCER] Bad sensor item: {"room": "living_room_01", "type": "temperature", "value": 2 — 'ts'
2026-04-29 19:38:33 [WARNING][SYNCER] Bad sensor item: {"room": "living_room_01", "type": "humidity", "value": 42,  — 'ts'
2026-04-29 19:38:33 [WARNING][SYNCER] Bad sensor item: {"room": "living_room_01", "type": "temperature", "value": 2 — 'ts'
2026-04-29 19:38:33 [WARNING][SYNCER] Bad sensor item: {"room": "living_room_01", "type": "humidity", "value": 42,  — 'ts'
2026-04-29 19:38:33 [WARNING][SYNCER] Bad sensor item: {"room": "living_room_01", "type": "temperature", "value": 2 — 'ts'
2026-04-29 19:38:33 [WARNING][SYNCER] Bad sensor item: {"room": "living_room_01", "type": "humidity", "value": 42,  — 'ts'
2026-04-29 19:38:33 [WARNING][SYNCER] Bad sensor item: {"room": "living_room_01", "type": "temperature", "value": 2 — 'ts'
2026-04-29 19:38:33 [WARNING][SYNCER] Bad sensor item: {"room": "living_room_01", "type": "humidity", "value": 42,  — 'ts'
2026-04-29 19:38:33 [WARNING][SYNCER] Bad sensor item: {"room": "living_room_01", "type": "temperature", "value": 2 — 'ts'
2026-04-29 19:38:33 [WARNING][SYNCER] Bad sensor item: {"room": "living_room_01", "type": "humidity", "value": 42,  — 'ts'
2026-04-29 19:38:33 [INFO][SYNCER] DB rotated → /mnt/sd2/data/data_2026-04-29.db (mode: sd2)
2026-04-29 19:39:38 [INFO][SYNCER] Firestore: Batch flush 144 sensor history rows
2026-04-29 19:39:38 [INFO][SYNCER] Flushed 144 sensor history rows to Firestore
2026-04-29 19:41:33 [WARNING][SYNCER] Bad sensor item: {"room": "living_room_01", "type": "temperature", "value": 2 — 'ts'
2026-04-29 19:41:33 [WARNING][SYNCER] Bad sensor item: {"room": "living_room_01", "type": "humidity", "value": 42,  — 'ts'
2026-04-29 19:41:33 [WARNING][SYNCER] Bad sensor item: {"room": "living_room_01", "type": "temperature", "value": 2 — 'ts'
2026-04-29 19:41:33 [WARNING][SYNCER] Bad sensor item: {"room": "living_room_01", "type": "humidity", "value": 42,  — 'ts'
2026-04-29 19:41:33 [WARNING][SYNCER] Bad sensor item: {"room": "living_room_01", "type": "temperature", "value": 2 — 'ts'
2026-04-29 19:41:33 [WARNING][SYNCER] Bad sensor item: {"room": "living_room_01", "type": "humidity", "value": 42,  — 'ts'
2026-04-29 19:41:33 [WARNING][SYNCER] Bad sensor item: {"room": "living_room_01", "type": "temperature", "value": 2 — 'ts'
2026-04-29 19:41:33 [WARNING][SYNCER] Bad sensor item: {"room": "living_room_01", "type": "humidity", "value": 42,  — 'ts'
2026-04-29 19:41:33 [WARNING][SYNCER] Bad sensor item: {"room": "living_room_01", "type": "temperature", "value": 2 — 'ts'
2026-04-29 19:41:33 [WARNING][SYNCER] Bad sensor item: {"room": "living_room_01", "type": "humidity", "value": 42,  — 'ts'
2026-04-29 19:41:33 [WARNING][SYNCER] Bad sensor item: {"room": "living_room_01", "type": "temperature", "value": 2 — 'ts'
2026-04-29 19:41:33 [WARNING][SYNCER] Bad sensor item: {"room": "living_room_01", "type": "humidity", "value": 42,  — 'ts'
2026-04-29 19:41:33 [WARNING][SYNCER] Bad sensor item: {"room": "living_room_01", "type": "temperature", "value": 2 — 'ts'
2026-04-29 19:41:33 [WARNING][SYNCER] Bad sensor item: {"room": "living_room_01", "type": "humidity", "value": 42,  — 'ts'
2026-04-29 19:41:33 [WARNING][SYNCER] Bad sensor item: {"room": "living_room_01", "type": "temperature", "value": 2 — 'ts'
2026-04-29 19:41:33 [WARNING][SYNCER] Bad sensor item: {"room": "living_room_01", "type": "humidity", "value": 42,  — 'ts'
2026-04-29 19:41:33 [WARNING][SYNCER] Bad sensor item: {"room": "living_room_01", "type": "temperature", "value": 2 — 'ts'
2026-04-29 19:41:33 [WARNING][SYNCER] Bad sensor item: {"room": "living_room_01", "type": "humidity", "value": 42,  — 'ts'
2026-04-29 19:41:33 [WARNING][SYNCER] Bad sensor item: {"room": "living_room_01", "type": "temperature", "value": 2 — 'ts'
2026-04-29 19:41:33 [WARNING][SYNCER] Bad sensor item: {"room": "living_room_01", "type": "humidity", "value": 42,  — 'ts'
2026-04-29 19:41:33 [WARNING][SYNCER] Bad sensor item: {"room": "living_room_01", "type": "temperature", "value": 2 — 'ts'
2026-04-29 19:41:33 [WARNING][SYNCER] Bad sensor item: {"room": "living_room_01", "type": "humidity", "value": 42,  — 'ts'
2026-04-29 19:41:33 [WARNING][SYNCER] Bad sensor item: {"room": "living_room_01", "type": "temperature", "value": 2 — 'ts'
2026-04-29 19:41:33 [WARNING][SYNCER] Bad sensor item: {"room": "living_room_01", "type": "humidity", "value": 42,  — 'ts'
2026-04-29 19:41:33 [WARNING][SYNCER] Bad sensor item: {"room": "living_room_01", "type": "temperature", "value": 2 — 'ts'
2026-04-29 19:41:33 [WARNING][SYNCER] Bad sensor item: {"room": "living_room_01", "type": "humidity", "value": 42,  — 'ts'
2026-04-29 19:41:33 [WARNING][SYNCER] Bad sensor item: {"room": "living_room_01", "type": "temperature", "value": 2 — 'ts'
2026-04-29 19:41:33 [WARNING][SYNCER] Bad sensor item: {"room": "living_room_01", "type": "humidity", "value": 42,  — 'ts'
2026-04-29 19:41:33 [WARNING][SYNCER] Bad sensor item: {"room": "living_room_01", "type": "temperature", "value": 2 — 'ts'
2026-04-29 19:41:33 [WARNING][SYNCER] Bad sensor item: {"room": "living_room_01", "type": "humidity", "value": 42,  — 'ts'
2026-04-29 19:41:33 [WARNING][SYNCER] Bad sensor item: {"room": "living_room_01", "type": "temperature", "value": 2 — 'ts'
2026-04-29 19:41:33 [WARNING][SYNCER] Bad sensor item: {"room": "living_room_01", "type": "humidity", "value": 42,  — 'ts'
2026-04-29 19:41:33 [WARNING][SYNCER] Bad sensor item: {"room": "living_room_01", "type": "temperature", "value": 2 — 'ts'
2026-04-29 19:41:33 [WARNING][SYNCER] Bad sensor item: {"room": "living_room_01", "type": "humidity", "value": 42,  — 'ts'
2026-04-29 19:41:33 [WARNING][SYNCER] Bad sensor item: {"room": "living_room_01", "type": "temperature", "value": 2 — 'ts'
2026-04-29 19:41:33 [WARNING][SYNCER] Bad sensor item: {"room": "living_room_01", "type": "humidity", "value": 42,  — 'ts'
2026-04-29 19:41:33 [WARNING][SYNCER] Bad sensor item: {"room": "living_room_01", "type": "temperature", "value": 2 — 'ts'
2026-04-29 19:41:33 [WARNING][SYNCER] Bad sensor item: {"room": "living_room_01", "type": "humidity", "value": 42,  — 'ts'
2026-04-29 19:41:33 [WARNING][SYNCER] Bad sensor item: {"room": "living_room_01", "type": "temperature", "value": 2 — 'ts'
2026-04-29 19:41:33 [WARNING][SYNCER] Bad sensor item: {"room": "living_room_01", "type": "humidity", "value": 42,  — 'ts'
2026-04-29 19:41:33 [WARNING][SYNCER] Bad sensor item: {"room": "living_room_01", "type": "temperature", "value": 2 — 'ts'
2026-04-29 19:41:33 [WARNING][SYNCER] Bad sensor item: {"room": "living_room_01", "type": "humidity", "value": 42,  — 'ts'
2026-04-29 19:41:33 [WARNING][SYNCER] Bad sensor item: {"room": "living_room_01", "type": "temperature", "value": 2 — 'ts'
2026-04-29 19:41:33 [WARNING][SYNCER] Bad sensor item: {"room": "living_room_01", "type": "humidity", "value": 42,  — 'ts'
2026-04-29 19:41:33 [WARNING][SYNCER] Bad sensor item: {"room": "living_room_01", "type": "temperature", "value": 2 — 'ts'
2026-04-29 19:41:33 [WARNING][SYNCER] Bad sensor item: {"room": "living_room_01", "type": "humidity", "value": 42,  — 'ts'
2026-04-29 19:41:33 [WARNING][SYNCER] Bad sensor item: {"room": "living_room_01", "type": "temperature", "value": 2 — 'ts'
2026-04-29 19:41:33 [WARNING][SYNCER] Bad sensor item: {"room": "living_room_01", "type": "humidity", "value": 42,  — 'ts'
2026-04-29 19:41:33 [WARNING][SYNCER] Bad sensor item: {"room": "living_room_01", "type": "temperature", "value": 2 — 'ts'
2026-04-29 19:41:33 [WARNING][SYNCER] Bad sensor item: {"room": "living_room_01", "type": "humidity", "value": 42,  — 'ts'
2026-04-29 19:42:38 [INFO][SYNCER] Firestore: Batch flush 136 sensor history rows
2026-04-29 19:42:38 [INFO][SYNCER] Flushed 136 sensor history rows to Firestore
2026-04-29 19:44:33 [WARNING][SYNCER] Bad sensor item: {"room": "living_room_01", "type": "temperature", "value": 2 — 'ts'
2026-04-29 19:44:33 [WARNING][SYNCER] Bad sensor item: {"room": "living_room_01", "type": "humidity", "value": 42,  — 'ts'
2026-04-29 19:44:33 [WARNING][SYNCER] Bad sensor item: {"room": "living_room_01", "type": "temperature", "value": 2 — 'ts'
2026-04-29 19:44:33 [WARNING][SYNCER] Bad sensor item: {"room": "living_room_01", "type": "humidity", "value": 42,  — 'ts'
2026-04-29 19:44:33 [WARNING][SYNCER] Bad sensor item: {"room": "living_room_01", "type": "temperature", "value": 2 — 'ts'
2026-04-29 19:44:33 [WARNING][SYNCER] Bad sensor item: {"room": "living_room_01", "type": "humidity", "value": 42,  — 'ts'
2026-04-29 19:44:33 [WARNING][SYNCER] Bad sensor item: {"room": "living_room_01", "type": "temperature", "value": 2 — 'ts'
2026-04-29 19:44:33 [WARNING][SYNCER] Bad sensor item: {"room": "living_room_01", "type": "humidity", "value": 42,  — 'ts'
2026-04-29 19:44:33 [WARNING][SYNCER] Bad sensor item: {"room": "living_room_01", "type": "temperature", "value": 2 — 'ts'
2026-04-29 19:44:33 [WARNING][SYNCER] Bad sensor item: {"room": "living_room_01", "type": "humidity", "value": 42,  — 'ts'
2026-04-29 19:44:33 [WARNING][SYNCER] Bad sensor item: {"room": "living_room_01", "type": "temperature", "value": 2 — 'ts'
2026-04-29 19:44:33 [WARNING][SYNCER] Bad sensor item: {"room": "living_room_01", "type": "humidity", "value": 42,  — 'ts'
2026-04-29 19:44:33 [WARNING][SYNCER] Bad sensor item: {"room": "living_room_01", "type": "temperature", "value": 2 — 'ts'
2026-04-29 19:44:33 [WARNING][SYNCER] Bad sensor item: {"room": "living_room_01", "type": "humidity", "value": 42,  — 'ts'
2026-04-29 19:44:33 [WARNING][SYNCER] Bad sensor item: {"room": "living_room_01", "type": "temperature", "value": 2 — 'ts'
2026-04-29 19:44:33 [WARNING][SYNCER] Bad sensor item: {"room": "living_room_01", "type": "humidity", "value": 42,  — 'ts'
2026-04-29 19:44:33 [WARNING][SYNCER] Bad sensor item: {"room": "living_room_01", "type": "temperature", "value": 2 — 'ts'
2026-04-29 19:44:33 [WARNING][SYNCER] Bad sensor item: {"room": "living_room_01", "type": "humidity", "value": 42,  — 'ts'
2026-04-29 19:44:33 [WARNING][SYNCER] Bad sensor item: {"room": "living_room_01", "type": "temperature", "value": 2 — 'ts'
2026-04-29 19:44:33 [WARNING][SYNCER] Bad sensor item: {"room": "living_room_01", "type": "humidity", "value": 42,  — 'ts'
2026-04-29 19:44:33 [WARNING][SYNCER] Bad sensor item: {"room": "living_room_01", "type": "temperature", "value": 2 — 'ts'
2026-04-29 19:44:33 [WARNING][SYNCER] Bad sensor item: {"room": "living_room_01", "type": "humidity", "value": 42,  — 'ts'
2026-04-29 19:44:33 [WARNING][SYNCER] Bad sensor item: {"room": "living_room_01", "type": "temperature", "value": 2 — 'ts'
2026-04-29 19:44:33 [WARNING][SYNCER] Bad sensor item: {"room": "living_room_01", "type": "humidity", "value": 42,  — 'ts'
2026-04-29 19:44:33 [WARNING][SYNCER] Bad sensor item: {"room": "living_room_01", "type": "temperature", "value": 2 — 'ts'
2026-04-29 19:44:33 [WARNING][SYNCER] Bad sensor item: {"room": "living_room_01", "type": "humidity", "value": 42,  — 'ts'
2026-04-29 19:44:33 [WARNING][SYNCER] Bad sensor item: {"room": "living_room_01", "type": "temperature", "value": 2 — 'ts'
2026-04-29 19:44:33 [WARNING][SYNCER] Bad sensor item: {"room": "living_room_01", "type": "humidity", "value": 42,  — 'ts'
2026-04-29 19:44:33 [WARNING][SYNCER] Bad sensor item: {"room": "living_room_01", "type": "temperature", "value": 2 — 'ts'
2026-04-29 19:44:33 [WARNING][SYNCER] Bad sensor item: {"room": "living_room_01", "type": "humidity", "value": 42,  — 'ts'
2026-04-29 19:44:33 [WARNING][SYNCER] Bad sensor item: {"room": "living_room_01", "type": "temperature", "value": 2 — 'ts'
2026-04-29 19:44:33 [WARNING][SYNCER] Bad sensor item: {"room": "living_room_01", "type": "humidity", "value": 42,  — 'ts'
2026-04-29 19:44:33 [WARNING][SYNCER] Bad sensor item: {"room": "living_room_01", "type": "temperature", "value": 2 — 'ts'
2026-04-29 19:44:33 [WARNING][SYNCER] Bad sensor item: {"room": "living_room_01", "type": "humidity", "value": 42,  — 'ts'
2026-04-29 19:44:33 [WARNING][SYNCER] Bad sensor item: {"room": "living_room_01", "type": "temperature", "value": 2 — 'ts'
2026-04-29 19:44:33 [WARNING][SYNCER] Bad sensor item: {"room": "living_room_01", "type": "humidity", "value": 42,  — 'ts'
2026-04-29 19:44:33 [WARNING][SYNCER] Bad sensor item: {"room": "living_room_01", "type": "temperature", "value": 2 — 'ts'
2026-04-29 19:44:33 [WARNING][SYNCER] Bad sensor item: {"room": "living_room_01", "type": "humidity", "value": 42,  — 'ts'
2026-04-29 19:44:33 [WARNING][SYNCER] Bad sensor item: {"room": "living_room_01", "type": "temperature", "value": 2 — 'ts'
2026-04-29 19:44:33 [WARNING][SYNCER] Bad sensor item: {"room": "living_room_01", "type": "humidity", "value": 42,  — 'ts'
2026-04-29 19:44:33 [WARNING][SYNCER] Bad sensor item: {"room": "living_room_01", "type": "temperature", "value": 2 — 'ts'
2026-04-29 19:44:33 [WARNING][SYNCER] Bad sensor item: {"room": "living_room_01", "type": "humidity", "value": 42,  — 'ts'
2026-04-29 19:44:33 [WARNING][SYNCER] Bad sensor item: {"room": "living_room_01", "type": "temperature", "value": 2 — 'ts'
2026-04-29 19:44:33 [WARNING][SYNCER] Bad sensor item: {"room": "living_room_01", "type": "humidity", "value": 42,  — 'ts'
2026-04-29 19:44:33 [WARNING][SYNCER] Bad sensor item: {"room": "living_room_01", "type": "temperature", "value": 2 — 'ts'
2026-04-29 19:44:33 [WARNING][SYNCER] Bad sensor item: {"room": "living_room_01", "type": "humidity", "value": 42,  — 'ts'
2026-04-29 19:44:33 [WARNING][SYNCER] Bad sensor item: {"room": "living_room_01", "type": "temperature", "value": 2 — 'ts'
2026-04-29 19:44:33 [WARNING][SYNCER] Bad sensor item: {"room": "living_room_01", "type": "humidity", "value": 42,  — 'ts'
2026-04-29 19:44:33 [WARNING][SYNCER] Bad sensor item: {"room": "living_room_01", "type": "temperature", "value": 2 — 'ts'
2026-04-29 19:44:33 [WARNING][SYNCER] Bad sensor item: {"room": "living_room_01", "type": "humidity", "value": 42,  — 'ts'
2026-04-29 19:45:39 [INFO][SYNCER] Firestore: Batch flush 91 sensor history rows
2026-04-29 19:45:39 [INFO][SYNCER] Flushed 91 sensor history rows to Firestore
2026-04-29 19:58:01 [INFO][SYNCER] SyncWorker starting...
2026-04-29 19:58:01 [INFO][SYNCER] Waiting for SD2 (timeout 300s before degraded mode)...
2026-04-29 19:58:02 [INFO][SYNCER] =======================================================
2026-04-29 19:58:02 [INFO][SYNCER] firebase_sync v2 starting — project: nhathongminh-myhome
2026-04-29 19:58:02 [INFO][SYNCER] Storage: RTDB=sensors (hot) | Firestore=rooms/devices/alerts (structured)
2026-04-29 19:58:02 [INFO][SYNCER] =======================================================
2026-04-29 19:58:02 [INFO][SYNCER] Firebase khởi tạo từ service account file
2026-04-29 19:58:02 [INFO][SYNCER] Firestore client sẵn sàng
2026-04-29 19:58:02 [INFO][SYNCER] RTDB client sẵn sàng (databaseURL: https://nhathongminh-myhome-default-rtdb.asia-southeast1.firebasedatabase.app)
2026-04-29 19:58:02 [INFO][SYNCER] Redis connected at localhost:6379
2026-04-29 19:58:02 [INFO][SYNCER] Chạy auto-provisioning...
2026-04-29 19:58:02 [INFO][SYNCER] === AUTO-PROVISIONING BẮT ĐẦU ===
=======================================================
  SmartHome Gateway — Starting
=======================================================
[MAIN] DB schema applied
[MAIN] DB init complete
[BUS] MessageBus started
[BUS] MQTT connected & subscribed
[WATCHDOG] Safety watchdog started
[BUS] Outbound loop started
[NET] RTC read error: Command '['sudo', 'hwclock', '-s']' returned non-zero exit status 1.
[NET] Network watchdog started
[NET] Internet: ON
[MAIN] FirebaseSync worker started
[MAIN] All workers started
[BRIDGE] Realtime bridge started
[API] Registered /api: auth
[API] Registered /api: sensors
[API] Registered /api: devices
[API] Registered /api: automation
[AUTO] Cache loaded: 3 rules, 0 schedules
[SCHEDULER] Started
[API] Registered /api: logs
[API] Registered /api: rfid
[API] Registered /api: wifi
[API] Registered /api: ota
[AUTO] Command listener started
[API] Registered /api: system
=======================================================
[MAIN] Gateway LIVE → http://0.0.0.0:5000/
[MAIN] API prefix:  http://0.0.0.0:5000/api/
=======================================================
 * Serving Flask app 'gateway_main'
 * Debug mode: off
2026-04-29 19:58:02 [INFO][SYNCER] [31m[1mWARNING: This is a development server. Do not use it in a production deployment. Use a production WSGI server instead.[0m
 * Running on all addresses (0.0.0.0)
 * Running on http://127.0.0.1:5000
 * Running on http://192.168.100.30:5000
2026-04-29 19:58:02 [INFO][SYNCER] [33mPress CTRL+C to quit[0m
2026-04-29 19:58:03 [INFO][SYNCER] RTDB: Node live/bedroom_01 đã tồn tại — bỏ qua provision
2026-04-29 19:58:04 [INFO][SYNCER] RTDB: Node live/kitchen_01 đã tồn tại — bỏ qua provision
2026-04-29 19:58:04 [INFO][SYNCER] RTDB: Node live/living_room_01 đã tồn tại — bỏ qua provision
2026-04-29 19:58:05 [INFO][SYNCER] === AUTO-PROVISIONING HOÀN TẤT (3 rooms) ===
2026-04-29 19:58:05 [INFO][SYNCER] Synced 3 rooms to Firestore (userId=aN2XKzWrzieBhBsOFhp7zFzHQaG3)
2026-04-29 19:58:05 [INFO][SYNCER] Redis subscriber started (channels: ['realtime_data', 'device_status', 'safety_alert', 'wifi_status'])
2026-04-29 19:58:05 [INFO][SYNCER] CommandDispatcher started
2026-04-29 19:58:05 [INFO][SYNCER] Sensor history flush loop started (interval: 180s)
2026-04-29 19:58:05 [INFO][SYNCER] MQTT inbound bridge started
2026-04-29 20:01:06 [INFO][SYNCER] Firestore: Batch flush 188 sensor history rows
2026-04-29 20:01:06 [INFO][SYNCER] Flushed 188 sensor history rows to Firestore
2026-04-29 20:03:01 [INFO][SYNCER] SyncWorker running (storage: sd2)
2026-04-29 20:03:01 [WARNING][SYNCER] Bad sensor item: {"room": "living_room_01", "type": "temperature", "value": 2 — 'ts'
2026-04-29 20:03:01 [WARNING][SYNCER] Bad sensor item: {"room": "living_room_01", "type": "humidity", "value": 42,  — 'ts'
2026-04-29 20:03:01 [WARNING][SYNCER] Bad sensor item: {"room": "living_room_01", "type": "temperature", "value": 2 — 'ts'
2026-04-29 20:03:01 [WARNING][SYNCER] Bad sensor item: {"room": "living_room_01", "type": "humidity", "value": 42,  — 'ts'
2026-04-29 20:03:01 [WARNING][SYNCER] Bad sensor item: {"room": "living_room_01", "type": "temperature", "value": 2 — 'ts'
2026-04-29 20:03:01 [WARNING][SYNCER] Bad sensor item: {"room": "living_room_01", "type": "humidity", "value": 42,  — 'ts'
2026-04-29 20:03:01 [WARNING][SYNCER] Bad sensor item: {"room": "living_room_01", "type": "temperature", "value": 2 — 'ts'
2026-04-29 20:03:01 [WARNING][SYNCER] Bad sensor item: {"room": "living_room_01", "type": "humidity", "value": 42,  — 'ts'
2026-04-29 20:03:01 [WARNING][SYNCER] Bad sensor item: {"room": "living_room_01", "type": "temperature", "value": 2 — 'ts'
2026-04-29 20:03:01 [WARNING][SYNCER] Bad sensor item: {"room": "living_room_01", "type": "humidity", "value": 42,  — 'ts'
2026-04-29 20:03:01 [WARNING][SYNCER] Bad sensor item: {"room": "living_room_01", "type": "temperature", "value": 2 — 'ts'
2026-04-29 20:03:01 [WARNING][SYNCER] Bad sensor item: {"room": "living_room_01", "type": "humidity", "value": 42,  — 'ts'
2026-04-29 20:03:01 [WARNING][SYNCER] Bad sensor item: {"room": "living_room_01", "type": "temperature", "value": 2 — 'ts'
2026-04-29 20:03:01 [WARNING][SYNCER] Bad sensor item: {"room": "living_room_01", "type": "humidity", "value": 42,  — 'ts'
2026-04-29 20:03:01 [WARNING][SYNCER] Bad sensor item: {"room": "living_room_01", "type": "temperature", "value": 2 — 'ts'
2026-04-29 20:03:01 [WARNING][SYNCER] Bad sensor item: {"room": "living_room_01", "type": "humidity", "value": 42,  — 'ts'
2026-04-29 20:03:01 [WARNING][SYNCER] Bad sensor item: {"room": "living_room_01", "type": "temperature", "value": 2 — 'ts'
2026-04-29 20:03:01 [WARNING][SYNCER] Bad sensor item: {"room": "living_room_01", "type": "humidity", "value": 42,  — 'ts'
2026-04-29 20:03:01 [WARNING][SYNCER] Bad sensor item: {"room": "living_room_01", "type": "temperature", "value": 2 — 'ts'
2026-04-29 20:03:01 [WARNING][SYNCER] Bad sensor item: {"room": "living_room_01", "type": "humidity", "value": 42,  — 'ts'
2026-04-29 20:03:01 [WARNING][SYNCER] Bad sensor item: {"room": "living_room_01", "type": "temperature", "value": 2 — 'ts'
2026-04-29 20:03:01 [WARNING][SYNCER] Bad sensor item: {"room": "living_room_01", "type": "humidity", "value": 42,  — 'ts'
2026-04-29 20:03:01 [WARNING][SYNCER] Bad sensor item: {"room": "living_room_01", "type": "temperature", "value": 2 — 'ts'
2026-04-29 20:03:01 [WARNING][SYNCER] Bad sensor item: {"room": "living_room_01", "type": "humidity", "value": 42,  — 'ts'
2026-04-29 20:03:01 [WARNING][SYNCER] Bad sensor item: {"room": "living_room_01", "type": "temperature", "value": 2 — 'ts'
2026-04-29 20:03:01 [WARNING][SYNCER] Bad sensor item: {"room": "living_room_01", "type": "humidity", "value": 42,  — 'ts'
2026-04-29 20:03:01 [WARNING][SYNCER] Bad sensor item: {"room": "living_room_01", "type": "temperature", "value": 2 — 'ts'
2026-04-29 20:03:01 [WARNING][SYNCER] Bad sensor item: {"room": "living_room_01", "type": "humidity", "value": 42,  — 'ts'
2026-04-29 20:03:01 [WARNING][SYNCER] Bad sensor item: {"room": "living_room_01", "type": "temperature", "value": 2 — 'ts'
2026-04-29 20:03:01 [WARNING][SYNCER] Bad sensor item: {"room": "living_room_01", "type": "humidity", "value": 42,  — 'ts'
2026-04-29 20:03:01 [WARNING][SYNCER] Bad sensor item: {"room": "living_room_01", "type": "temperature", "value": 2 — 'ts'
2026-04-29 20:03:01 [WARNING][SYNCER] Bad sensor item: {"room": "living_room_01", "type": "humidity", "value": 42,  — 'ts'
2026-04-29 20:03:01 [WARNING][SYNCER] Bad sensor item: {"room": "living_room_01", "type": "temperature", "value": 2 — 'ts'
2026-04-29 20:03:01 [WARNING][SYNCER] Bad sensor item: {"room": "living_room_01", "type": "humidity", "value": 42,  — 'ts'
2026-04-29 20:03:01 [WARNING][SYNCER] Bad sensor item: {"room": "living_room_01", "type": "temperature", "value": 2 — 'ts'
2026-04-29 20:03:01 [WARNING][SYNCER] Bad sensor item: {"room": "living_room_01", "type": "humidity", "value": 42,  — 'ts'
2026-04-29 20:03:01 [WARNING][SYNCER] Bad sensor item: {"room": "living_room_01", "type": "temperature", "value": 2 — 'ts'
2026-04-29 20:03:01 [WARNING][SYNCER] Bad sensor item: {"room": "living_room_01", "type": "humidity", "value": 42,  — 'ts'
2026-04-29 20:03:01 [WARNING][SYNCER] Bad sensor item: {"room": "living_room_01", "type": "temperature", "value": 2 — 'ts'
2026-04-29 20:03:01 [WARNING][SYNCER] Bad sensor item: {"room": "living_room_01", "type": "humidity", "value": 42,  — 'ts'
2026-04-29 20:03:01 [WARNING][SYNCER] Bad sensor item: {"room": "living_room_01", "type": "temperature", "value": 2 — 'ts'
2026-04-29 20:03:01 [WARNING][SYNCER] Bad sensor item: {"room": "living_room_01", "type": "humidity", "value": 42,  — 'ts'
2026-04-29 20:03:01 [WARNING][SYNCER] Bad sensor item: {"room": "living_room_01", "type": "temperature", "value": 2 — 'ts'
2026-04-29 20:03:01 [WARNING][SYNCER] Bad sensor item: {"room": "living_room_01", "type": "humidity", "value": 42,  — 'ts'
2026-04-29 20:03:01 [WARNING][SYNCER] Bad sensor item: {"room": "living_room_01", "type": "temperature", "value": 2 — 'ts'
2026-04-29 20:03:01 [WARNING][SYNCER] Bad sensor item: {"room": "living_room_01", "type": "humidity", "value": 42,  — 'ts'
2026-04-29 20:03:01 [WARNING][SYNCER] Bad sensor item: {"room": "living_room_01", "type": "temperature", "value": 2 — 'ts'
2026-04-29 20:03:01 [WARNING][SYNCER] Bad sensor item: {"room": "living_room_01", "type": "humidity", "value": 42,  — 'ts'
2026-04-29 20:03:01 [WARNING][SYNCER] Bad sensor item: {"room": "living_room_01", "type": "temperature", "value": 2 — 'ts'
2026-04-29 20:03:01 [WARNING][SYNCER] Bad sensor item: {"room": "living_room_01", "type": "humidity", "value": 42,  — 'ts'
2026-04-29 20:03:01 [INFO][SYNCER] DB rotated → /mnt/sd2/data/data_2026-04-29.db (mode: sd2)
2026-04-29 20:04:06 [INFO][SYNCER] Firestore: Batch flush 135 sensor history rows
2026-04-29 20:04:06 [INFO][SYNCER] Flushed 135 sensor history rows to Firestore
2026-04-29 20:06:06 [WARNING][SYNCER] Bad sensor item: {"room": "living_room_01", "type": "temperature", "value": 2 — 'ts'
2026-04-29 20:06:06 [WARNING][SYNCER] Bad sensor item: {"room": "living_room_01", "type": "humidity", "value": 42,  — 'ts'
2026-04-29 20:06:06 [WARNING][SYNCER] Bad sensor item: {"room": "living_room_01", "type": "temperature", "value": 2 — 'ts'
2026-04-29 20:06:06 [WARNING][SYNCER] Bad sensor item: {"room": "living_room_01", "type": "humidity", "value": 42,  — 'ts'
2026-04-29 20:06:06 [WARNING][SYNCER] Bad sensor item: {"room": "living_room_01", "type": "temperature", "value": 2 — 'ts'
2026-04-29 20:06:06 [WARNING][SYNCER] Bad sensor item: {"room": "living_room_01", "type": "humidity", "value": 42,  — 'ts'
2026-04-29 20:06:06 [WARNING][SYNCER] Bad sensor item: {"room": "living_room_01", "type": "temperature", "value": 2 — 'ts'
2026-04-29 20:06:06 [WARNING][SYNCER] Bad sensor item: {"room": "living_room_01", "type": "humidity", "value": 42,  — 'ts'
2026-04-29 20:06:06 [WARNING][SYNCER] Bad sensor item: {"room": "living_room_01", "type": "temperature", "value": 2 — 'ts'
2026-04-29 20:06:06 [WARNING][SYNCER] Bad sensor item: {"room": "living_room_01", "type": "humidity", "value": 42,  — 'ts'
2026-04-29 20:06:06 [WARNING][SYNCER] Bad sensor item: {"room": "living_room_01", "type": "temperature", "value": 2 — 'ts'
2026-04-29 20:06:06 [WARNING][SYNCER] Bad sensor item: {"room": "living_room_01", "type": "humidity", "value": 42,  — 'ts'
2026-04-29 20:06:06 [WARNING][SYNCER] Bad sensor item: {"room": "living_room_01", "type": "temperature", "value": 2 — 'ts'
2026-04-29 20:06:06 [WARNING][SYNCER] Bad sensor item: {"room": "living_room_01", "type": "humidity", "value": 42,  — 'ts'
2026-04-29 20:06:06 [WARNING][SYNCER] Bad sensor item: {"room": "living_room_01", "type": "temperature", "value": 2 — 'ts'
2026-04-29 20:06:06 [WARNING][SYNCER] Bad sensor item: {"room": "living_room_01", "type": "humidity", "value": 42,  — 'ts'
2026-04-29 20:06:06 [WARNING][SYNCER] Bad sensor item: {"room": "living_room_01", "type": "temperature", "value": 2 — 'ts'
2026-04-29 20:06:06 [WARNING][SYNCER] Bad sensor item: {"room": "living_room_01", "type": "humidity", "value": 42,  — 'ts'
2026-04-29 20:06:06 [WARNING][SYNCER] Bad sensor item: {"room": "living_room_01", "type": "temperature", "value": 2 — 'ts'
2026-04-29 20:06:06 [WARNING][SYNCER] Bad sensor item: {"room": "living_room_01", "type": "humidity", "value": 42,  — 'ts'
2026-04-29 20:06:06 [WARNING][SYNCER] Bad sensor item: {"room": "living_room_01", "type": "temperature", "value": 2 — 'ts'
2026-04-29 20:06:06 [WARNING][SYNCER] Bad sensor item: {"room": "living_room_01", "type": "humidity", "value": 42,  — 'ts'
2026-04-29 20:06:06 [WARNING][SYNCER] Bad sensor item: {"room": "living_room_01", "type": "temperature", "value": 2 — 'ts'
2026-04-29 20:06:06 [WARNING][SYNCER] Bad sensor item: {"room": "living_room_01", "type": "humidity", "value": 42,  — 'ts'
2026-04-29 20:06:06 [WARNING][SYNCER] Bad sensor item: {"room": "living_room_01", "type": "temperature", "value": 2 — 'ts'
2026-04-29 20:06:06 [WARNING][SYNCER] Bad sensor item: {"room": "living_room_01", "type": "humidity", "value": 42,  — 'ts'
2026-04-29 20:06:06 [WARNING][SYNCER] Bad sensor item: {"room": "living_room_01", "type": "temperature", "value": 2 — 'ts'
2026-04-29 20:06:06 [WARNING][SYNCER] Bad sensor item: {"room": "living_room_01", "type": "humidity", "value": 42,  — 'ts'
2026-04-29 20:06:06 [WARNING][SYNCER] Bad sensor item: {"room": "living_room_01", "type": "temperature", "value": 2 — 'ts'
2026-04-29 20:06:06 [WARNING][SYNCER] Bad sensor item: {"room": "living_room_01", "type": "humidity", "value": 42,  — 'ts'
2026-04-29 20:06:06 [WARNING][SYNCER] Bad sensor item: {"room": "living_room_01", "type": "temperature", "value": 2 — 'ts'
2026-04-29 20:06:06 [WARNING][SYNCER] Bad sensor item: {"room": "living_room_01", "type": "humidity", "value": 42,  — 'ts'
2026-04-29 20:06:06 [WARNING][SYNCER] Bad sensor item: {"room": "living_room_01", "type": "temperature", "value": 2 — 'ts'
2026-04-29 20:06:06 [WARNING][SYNCER] Bad sensor item: {"room": "living_room_01", "type": "humidity", "value": 42,  — 'ts'
2026-04-29 20:06:06 [WARNING][SYNCER] Bad sensor item: {"room": "living_room_01", "type": "temperature", "value": 2 — 'ts'
2026-04-29 20:06:06 [WARNING][SYNCER] Bad sensor item: {"room": "living_room_01", "type": "humidity", "value": 42,  — 'ts'
2026-04-29 20:06:06 [WARNING][SYNCER] Bad sensor item: {"room": "living_room_01", "type": "temperature", "value": 2 — 'ts'
2026-04-29 20:06:06 [WARNING][SYNCER] Bad sensor item: {"room": "living_room_01", "type": "humidity", "value": 42,  — 'ts'
2026-04-29 20:06:06 [WARNING][SYNCER] Bad sensor item: {"room": "living_room_01", "type": "temperature", "value": 2 — 'ts'
2026-04-29 20:06:06 [WARNING][SYNCER] Bad sensor item: {"room": "living_room_01", "type": "humidity", "value": 42,  — 'ts'
2026-04-29 20:06:06 [WARNING][SYNCER] Bad sensor item: {"room": "living_room_01", "type": "temperature", "value": 2 — 'ts'
2026-04-29 20:06:06 [WARNING][SYNCER] Bad sensor item: {"room": "living_room_01", "type": "humidity", "value": 42,  — 'ts'
2026-04-29 20:06:06 [WARNING][SYNCER] Bad sensor item: {"room": "living_room_01", "type": "temperature", "value": 2 — 'ts'
2026-04-29 20:06:06 [WARNING][SYNCER] Bad sensor item: {"room": "living_room_01", "type": "humidity", "value": 42,  — 'ts'
2026-04-29 20:06:06 [WARNING][SYNCER] Bad sensor item: {"room": "living_room_01", "type": "temperature", "value": 2 — 'ts'
2026-04-29 20:06:06 [WARNING][SYNCER] Bad sensor item: {"room": "living_room_01", "type": "humidity", "value": 42,  — 'ts'
2026-04-29 20:06:06 [WARNING][SYNCER] Bad sensor item: {"room": "living_room_01", "type": "temperature", "value": 2 — 'ts'
2026-04-29 20:06:06 [WARNING][SYNCER] Bad sensor item: {"room": "living_room_01", "type": "humidity", "value": 42,  — 'ts'
2026-04-29 20:06:06 [WARNING][SYNCER] Bad sensor item: {"room": "living_room_01", "type": "temperature", "value": 2 — 'ts'
2026-04-29 20:06:06 [WARNING][SYNCER] Bad sensor item: {"room": "living_room_01", "type": "humidity", "value": 42,  — 'ts'
2026-04-29 20:07:06 [INFO][SYNCER] Firestore: Batch flush 37 sensor history rows
2026-04-29 20:07:06 [INFO][SYNCER] Flushed 37 sensor history rows to Firestore
2026-04-29 20:09:06 [WARNING][SYNCER] Bad sensor item: {"room": "living_room_01", "type": "temperature", "value": 2 — 'ts'
2026-04-29 20:09:06 [WARNING][SYNCER] Bad sensor item: {"room": "living_room_01", "type": "humidity", "value": 42,  — 'ts'
2026-04-29 20:09:06 [WARNING][SYNCER] Bad sensor item: {"room": "living_room_01", "type": "temperature", "value": 2 — 'ts'
2026-04-29 20:09:06 [WARNING][SYNCER] Bad sensor item: {"room": "living_room_01", "type": "humidity", "value": 42,  — 'ts'
2026-04-29 20:09:06 [WARNING][SYNCER] Bad sensor item: {"room": "living_room_01", "type": "temperature", "value": 2 — 'ts'
2026-04-29 20:09:06 [WARNING][SYNCER] Bad sensor item: {"room": "living_room_01", "type": "humidity", "value": 42,  — 'ts'
2026-04-29 20:09:06 [WARNING][SYNCER] Bad sensor item: {"room": "living_room_01", "type": "temperature", "value": 2 — 'ts'
2026-04-29 20:09:06 [WARNING][SYNCER] Bad sensor item: {"room": "living_room_01", "type": "humidity", "value": 42,  — 'ts'
2026-04-29 20:09:06 [WARNING][SYNCER] Bad sensor item: {"room": "living_room_01", "type": "temperature", "value": 2 — 'ts'
2026-04-29 20:09:06 [WARNING][SYNCER] Bad sensor item: {"room": "living_room_01", "type": "humidity", "value": 42,  — 'ts'
2026-04-29 20:09:06 [WARNING][SYNCER] Bad sensor item: {"room": "living_room_01", "type": "temperature", "value": 2 — 'ts'
2026-04-29 20:09:06 [WARNING][SYNCER] Bad sensor item: {"room": "living_room_01", "type": "humidity", "value": 42,  — 'ts'
2026-04-29 20:09:06 [WARNING][SYNCER] Bad sensor item: {"room": "living_room_01", "type": "temperature", "value": 2 — 'ts'
2026-04-29 20:09:06 [WARNING][SYNCER] Bad sensor item: {"room": "living_room_01", "type": "humidity", "value": 42,  — 'ts'
2026-04-29 20:09:06 [WARNING][SYNCER] Bad sensor item: {"room": "living_room_01", "type": "temperature", "value": 2 — 'ts'
2026-04-29 20:09:06 [WARNING][SYNCER] Bad sensor item: {"room": "living_room_01", "type": "humidity", "value": 42,  — 'ts'
2026-04-29 20:09:06 [WARNING][SYNCER] Bad sensor item: {"room": "living_room_01", "type": "temperature", "value": 2 — 'ts'
2026-04-29 20:09:06 [WARNING][SYNCER] Bad sensor item: {"room": "living_room_01", "type": "humidity", "value": 42,  — 'ts'
2026-04-29 20:09:06 [WARNING][SYNCER] Bad sensor item: {"room": "living_room_01", "type": "temperature", "value": 2 — 'ts'
2026-04-29 20:09:06 [WARNING][SYNCER] Bad sensor item: {"room": "living_room_01", "type": "humidity", "value": 42,  — 'ts'
2026-04-29 20:09:06 [WARNING][SYNCER] Bad sensor item: {"room": "living_room_01", "type": "temperature", "value": 2 — 'ts'
2026-04-29 20:09:06 [WARNING][SYNCER] Bad sensor item: {"room": "living_room_01", "type": "humidity", "value": 42,  — 'ts'
2026-04-29 20:09:06 [WARNING][SYNCER] Bad sensor item: {"room": "living_room_01", "type": "temperature", "value": 2 — 'ts'
2026-04-29 20:09:06 [WARNING][SYNCER] Bad sensor item: {"room": "living_room_01", "type": "humidity", "value": 42,  — 'ts'
2026-04-29 20:09:06 [WARNING][SYNCER] Bad sensor item: {"room": "living_room_01", "type": "temperature", "value": 2 — 'ts'
2026-04-29 20:09:06 [WARNING][SYNCER] Bad sensor item: {"room": "living_room_01", "type": "humidity", "value": 42,  — 'ts'
2026-04-29 20:09:06 [WARNING][SYNCER] Bad sensor item: {"room": "living_room_01", "type": "temperature", "value": 2 — 'ts'
2026-04-29 20:09:06 [WARNING][SYNCER] Bad sensor item: {"room": "living_room_01", "type": "humidity", "value": 42,  — 'ts'
2026-04-29 20:09:06 [WARNING][SYNCER] Bad sensor item: {"room": "living_room_01", "type": "temperature", "value": 2 — 'ts'
2026-04-29 20:09:06 [WARNING][SYNCER] Bad sensor item: {"room": "living_room_01", "type": "humidity", "value": 42,  — 'ts'
2026-04-29 20:09:06 [WARNING][SYNCER] Bad sensor item: {"room": "living_room_01", "type": "temperature", "value": 2 — 'ts'
2026-04-29 20:09:06 [WARNING][SYNCER] Bad sensor item: {"room": "living_room_01", "type": "humidity", "value": 42,  — 'ts'
2026-04-29 20:09:06 [WARNING][SYNCER] Bad sensor item: {"room": "living_room_01", "type": "temperature", "value": 2 — 'ts'
2026-04-29 20:09:06 [WARNING][SYNCER] Bad sensor item: {"room": "living_room_01", "type": "humidity", "value": 42,  — 'ts'
2026-04-29 20:09:06 [WARNING][SYNCER] Bad sensor item: {"room": "living_room_01", "type": "temperature", "value": 2 — 'ts'
2026-04-29 20:09:06 [WARNING][SYNCER] Bad sensor item: {"room": "living_room_01", "type": "humidity", "value": 42,  — 'ts'
2026-04-29 20:09:06 [WARNING][SYNCER] Bad sensor item: {"room": "living_room_01", "type": "temperature", "value": 2 — 'ts'
2026-04-29 20:09:06 [WARNING][SYNCER] Bad sensor item: {"room": "living_room_01", "type": "humidity", "value": 42,  — 'ts'
2026-04-29 20:09:06 [WARNING][SYNCER] Bad sensor item: {"room": "living_room_01", "type": "temperature", "value": 2 — 'ts'
2026-04-29 20:09:06 [WARNING][SYNCER] Bad sensor item: {"room": "living_room_01", "type": "humidity", "value": 42,  — 'ts'
2026-04-29 20:09:06 [WARNING][SYNCER] Bad sensor item: {"room": "living_room_01", "type": "temperature", "value": 2 — 'ts'
2026-04-29 20:09:06 [WARNING][SYNCER] Bad sensor item: {"room": "living_room_01", "type": "humidity", "value": 42,  — 'ts'
2026-04-29 20:09:06 [WARNING][SYNCER] Bad sensor item: {"room": "living_room_01", "type": "temperature", "value": 2 — 'ts'
2026-04-29 20:09:06 [WARNING][SYNCER] Bad sensor item: {"room": "living_room_01", "type": "humidity", "value": 42,  — 'ts'
2026-04-29 20:09:06 [WARNING][SYNCER] Bad sensor item: {"room": "living_room_01", "type": "temperature", "value": 2 — 'ts'
2026-04-29 20:09:06 [WARNING][SYNCER] Bad sensor item: {"room": "living_room_01", "type": "humidity", "value": 42,  — 'ts'
2026-04-29 20:09:06 [WARNING][SYNCER] Bad sensor item: {"room": "living_room_01", "type": "temperature", "value": 2 — 'ts'
2026-04-29 20:09:06 [WARNING][SYNCER] Bad sensor item: {"room": "living_room_01", "type": "humidity", "value": 42,  — 'ts'
2026-04-29 20:09:06 [WARNING][SYNCER] Bad sensor item: {"room": "living_room_01", "type": "temperature", "value": 2 — 'ts'
2026-04-29 20:09:06 [WARNING][SYNCER] Bad sensor item: {"room": "living_room_01", "type": "humidity", "value": 42,  — 'ts'
2026-04-29 20:11:42 [INFO][SYNCER] SyncWorker starting...
2026-04-29 20:11:42 [INFO][SYNCER] Waiting for SD2 (timeout 300s before degraded mode)...
2026-04-29 20:11:43 [INFO][SYNCER] =======================================================
2026-04-29 20:11:43 [INFO][SYNCER] firebase_sync v2 starting — project: nhathongminh-myhome
2026-04-29 20:11:43 [INFO][SYNCER] Storage: RTDB=sensors (hot) | Firestore=rooms/devices/alerts (structured)
2026-04-29 20:11:43 [INFO][SYNCER] =======================================================
2026-04-29 20:11:44 [INFO][SYNCER] Firebase khởi tạo từ service account file
2026-04-29 20:11:44 [INFO][SYNCER] Firestore client sẵn sàng
2026-04-29 20:11:44 [INFO][SYNCER] RTDB client sẵn sàng (databaseURL: https://nhathongminh-myhome-default-rtdb.asia-southeast1.firebasedatabase.app)
2026-04-29 20:11:44 [INFO][SYNCER] Redis connected at localhost:6379
2026-04-29 20:11:44 [INFO][SYNCER] Chạy auto-provisioning...
2026-04-29 20:11:44 [INFO][SYNCER] === AUTO-PROVISIONING BẮT ĐẦU ===
=======================================================
  SmartHome Gateway — Starting
=======================================================
[MAIN] DB schema applied
[MAIN] DB init complete
[BUS] MessageBus started
[BUS] MQTT connected & subscribed
[WATCHDOG] Safety watchdog started
[BUS] Outbound loop started
[NET] RTC read error: Command '['sudo', 'hwclock', '-s']' returned non-zero exit status 1.
[NET] Network watchdog started
[NET] Internet: ON
[MAIN] FirebaseSync worker started
[MAIN] All workers started
[AUTO] Cache loaded: 3 rules, 0 schedules
[SCHEDULER] Started
[BRIDGE] Realtime bridge started
[NET] NTP sync error: Command '['sudo', 'hwclock', '-w']' returned non-zero exit status 1.
[AUTO] Command listener started
[API] Registered /api: auth
[API] Registered /api: sensors
[API] Registered /api: devices
[API] Registered /api: automation
[API] Registered /api: logs
[API] Registered /api: rfid
[API] Registered /api: wifi
[API] Registered /api: ota
[API] Registered /api: system
=======================================================
[MAIN] Gateway LIVE → http://0.0.0.0:5000/
[MAIN] API prefix:  http://0.0.0.0:5000/api/
=======================================================
 * Serving Flask app 'gateway_main'
 * Debug mode: off
2026-04-29 20:11:44 [INFO][SYNCER] [31m[1mWARNING: This is a development server. Do not use it in a production deployment. Use a production WSGI server instead.[0m
 * Running on all addresses (0.0.0.0)
 * Running on http://127.0.0.1:5000
 * Running on http://192.168.100.30:5000
2026-04-29 20:11:44 [INFO][SYNCER] [33mPress CTRL+C to quit[0m
2026-04-29 20:11:44 [INFO][SYNCER] RTDB: Tạo node live/bedroom_01
2026-04-29 20:11:45 [INFO][SYNCER] RTDB: Tạo node live/kitchen_01
2026-04-29 20:11:45 [INFO][SYNCER] RTDB: Tạo node live/living_room_01
2026-04-29 20:11:46 [INFO][SYNCER] === AUTO-PROVISIONING HOÀN TẤT (3 rooms) ===
2026-04-29 20:11:46 [INFO][SYNCER] Synced 3 rooms to Firestore (userId=aN2XKzWrzieBhBsOFhp7zFzHQaG3)
2026-04-29 20:11:46 [INFO][SYNCER] Redis subscriber started (channels: ['realtime_data', 'device_status', 'safety_alert', 'wifi_status'])
2026-04-29 20:11:46 [INFO][SYNCER] CommandDispatcher started
2026-04-29 20:11:46 [INFO][SYNCER] Sensor history flush loop started (interval: 180s)
2026-04-29 20:11:46 [INFO][SYNCER] MQTT inbound bridge started
2026-04-29 20:14:46 [INFO][SYNCER] Firestore: Batch flush 129 sensor history rows
2026-04-29 20:14:46 [INFO][SYNCER] Flushed 129 sensor history rows to Firestore
2026-04-29 20:16:42 [INFO][SYNCER] SyncWorker running (storage: sd2)
2026-04-29 20:16:42 [WARNING][SYNCER] Bad sensor item: {"room": "living_room_01", "type": "temperature", "value": 2 — 'ts'
2026-04-29 20:16:42 [WARNING][SYNCER] Bad sensor item: {"room": "living_room_01", "type": "humidity", "value": 42,  — 'ts'
2026-04-29 20:16:42 [WARNING][SYNCER] Bad sensor item: {"room": "living_room_01", "type": "temperature", "value": 2 — 'ts'
2026-04-29 20:16:42 [WARNING][SYNCER] Bad sensor item: {"room": "living_room_01", "type": "humidity", "value": 42,  — 'ts'
2026-04-29 20:16:42 [WARNING][SYNCER] Bad sensor item: {"room": "living_room_01", "type": "temperature", "value": 2 — 'ts'
2026-04-29 20:16:42 [WARNING][SYNCER] Bad sensor item: {"room": "living_room_01", "type": "humidity", "value": 42,  — 'ts'
2026-04-29 20:16:42 [WARNING][SYNCER] Bad sensor item: {"room": "living_room_01", "type": "temperature", "value": 2 — 'ts'
2026-04-29 20:16:42 [WARNING][SYNCER] Bad sensor item: {"room": "living_room_01", "type": "humidity", "value": 42,  — 'ts'
2026-04-29 20:16:42 [WARNING][SYNCER] Bad sensor item: {"room": "living_room_01", "type": "temperature", "value": 2 — 'ts'
2026-04-29 20:16:42 [WARNING][SYNCER] Bad sensor item: {"room": "living_room_01", "type": "humidity", "value": 42,  — 'ts'
2026-04-29 20:16:42 [WARNING][SYNCER] Bad sensor item: {"room": "living_room_01", "type": "temperature", "value": 2 — 'ts'
2026-04-29 20:16:42 [WARNING][SYNCER] Bad sensor item: {"room": "living_room_01", "type": "humidity", "value": 42,  — 'ts'
2026-04-29 20:16:42 [WARNING][SYNCER] Bad sensor item: {"room": "living_room_01", "type": "temperature", "value": 2 — 'ts'
2026-04-29 20:16:42 [WARNING][SYNCER] Bad sensor item: {"room": "living_room_01", "type": "humidity", "value": 42,  — 'ts'
2026-04-29 20:16:42 [WARNING][SYNCER] Bad sensor item: {"room": "living_room_01", "type": "temperature", "value": 2 — 'ts'
2026-04-29 20:16:42 [WARNING][SYNCER] Bad sensor item: {"room": "living_room_01", "type": "humidity", "value": 42,  — 'ts'
2026-04-29 20:16:42 [WARNING][SYNCER] Bad sensor item: {"room": "living_room_01", "type": "temperature", "value": 2 — 'ts'
2026-04-29 20:16:42 [WARNING][SYNCER] Bad sensor item: {"room": "living_room_01", "type": "humidity", "value": 42,  — 'ts'
2026-04-29 20:16:42 [WARNING][SYNCER] Bad sensor item: {"room": "living_room_01", "type": "temperature", "value": 2 — 'ts'
2026-04-29 20:16:42 [WARNING][SYNCER] Bad sensor item: {"room": "living_room_01", "type": "humidity", "value": 42,  — 'ts'
2026-04-29 20:16:42 [WARNING][SYNCER] Bad sensor item: {"room": "living_room_01", "type": "temperature", "value": 2 — 'ts'
2026-04-29 20:16:42 [WARNING][SYNCER] Bad sensor item: {"room": "living_room_01", "type": "humidity", "value": 42,  — 'ts'
2026-04-29 20:16:42 [WARNING][SYNCER] Bad sensor item: {"room": "living_room_01", "type": "temperature", "value": 2 — 'ts'
2026-04-29 20:16:42 [WARNING][SYNCER] Bad sensor item: {"room": "living_room_01", "type": "humidity", "value": 42,  — 'ts'
2026-04-29 20:16:42 [WARNING][SYNCER] Bad sensor item: {"room": "living_room_01", "type": "temperature", "value": 2 — 'ts'
2026-04-29 20:16:42 [WARNING][SYNCER] Bad sensor item: {"room": "living_room_01", "type": "humidity", "value": 42,  — 'ts'
2026-04-29 20:16:42 [WARNING][SYNCER] Bad sensor item: {"room": "living_room_01", "type": "temperature", "value": 2 — 'ts'
2026-04-29 20:16:42 [WARNING][SYNCER] Bad sensor item: {"room": "living_room_01", "type": "humidity", "value": 42,  — 'ts'
2026-04-29 20:16:42 [WARNING][SYNCER] Bad sensor item: {"room": "living_room_01", "type": "temperature", "value": 2 — 'ts'
2026-04-29 20:16:42 [WARNING][SYNCER] Bad sensor item: {"room": "living_room_01", "type": "humidity", "value": 42,  — 'ts'
2026-04-29 20:16:42 [WARNING][SYNCER] Bad sensor item: {"room": "living_room_01", "type": "temperature", "value": 2 — 'ts'
2026-04-29 20:16:42 [WARNING][SYNCER] Bad sensor item: {"room": "living_room_01", "type": "humidity", "value": 42,  — 'ts'
2026-04-29 20:16:42 [WARNING][SYNCER] Bad sensor item: {"room": "living_room_01", "type": "temperature", "value": 2 — 'ts'
2026-04-29 20:16:42 [WARNING][SYNCER] Bad sensor item: {"room": "living_room_01", "type": "humidity", "value": 42,  — 'ts'
2026-04-29 20:16:42 [WARNING][SYNCER] Bad sensor item: {"room": "living_room_01", "type": "temperature", "value": 2 — 'ts'
2026-04-29 20:16:42 [WARNING][SYNCER] Bad sensor item: {"room": "living_room_01", "type": "humidity", "value": 42,  — 'ts'
2026-04-29 20:16:42 [WARNING][SYNCER] Bad sensor item: {"room": "living_room_01", "type": "temperature", "value": 2 — 'ts'
2026-04-29 20:16:42 [WARNING][SYNCER] Bad sensor item: {"room": "living_room_01", "type": "humidity", "value": 42,  — 'ts'
2026-04-29 20:16:42 [WARNING][SYNCER] Bad sensor item: {"room": "living_room_01", "type": "temperature", "value": 2 — 'ts'
2026-04-29 20:16:42 [WARNING][SYNCER] Bad sensor item: {"room": "living_room_01", "type": "humidity", "value": 42,  — 'ts'
2026-04-29 20:16:42 [WARNING][SYNCER] Bad sensor item: {"room": "living_room_01", "type": "temperature", "value": 2 — 'ts'
2026-04-29 20:16:42 [WARNING][SYNCER] Bad sensor item: {"room": "living_room_01", "type": "humidity", "value": 42,  — 'ts'
2026-04-29 20:16:42 [WARNING][SYNCER] Bad sensor item: {"room": "living_room_01", "type": "temperature", "value": 2 — 'ts'
2026-04-29 20:16:42 [WARNING][SYNCER] Bad sensor item: {"room": "living_room_01", "type": "humidity", "value": 42,  — 'ts'
2026-04-29 20:16:42 [WARNING][SYNCER] Bad sensor item: {"room": "living_room_01", "type": "temperature", "value": 2 — 'ts'
2026-04-29 20:16:42 [WARNING][SYNCER] Bad sensor item: {"room": "living_room_01", "type": "humidity", "value": 42,  — 'ts'
2026-04-29 20:16:42 [WARNING][SYNCER] Bad sensor item: {"room": "living_room_01", "type": "temperature", "value": 2 — 'ts'
2026-04-29 20:16:42 [WARNING][SYNCER] Bad sensor item: {"room": "living_room_01", "type": "humidity", "value": 42,  — 'ts'
2026-04-29 20:16:42 [WARNING][SYNCER] Bad sensor item: {"room": "living_room_01", "type": "temperature", "value": 2 — 'ts'
2026-04-29 20:16:42 [WARNING][SYNCER] Bad sensor item: {"room": "living_room_01", "type": "humidity", "value": 42,  — 'ts'
2026-04-29 20:16:42 [INFO][SYNCER] DB rotated → /mnt/sd2/data/data_2026-04-29.db (mode: sd2)
2026-04-29 20:17:47 [INFO][SYNCER] Firestore: Batch flush 100 sensor history rows
2026-04-29 20:17:47 [INFO][SYNCER] Flushed 100 sensor history rows to Firestore
2026-04-29 20:19:12 [INFO][SYNCER] SyncWorker starting...
2026-04-29 20:19:12 [INFO][SYNCER] Waiting for SD2 (timeout 300s before degraded mode)...
2026-04-29 20:19:12 [INFO][SYNCER] =======================================================
2026-04-29 20:19:12 [INFO][SYNCER] firebase_sync v2 starting — project: nhathongminh-myhome
2026-04-29 20:19:12 [INFO][SYNCER] Storage: RTDB=sensors (hot) | Firestore=rooms/devices/alerts (structured)
2026-04-29 20:19:12 [INFO][SYNCER] =======================================================
2026-04-29 20:19:13 [INFO][SYNCER] Firebase khởi tạo từ service account file
2026-04-29 20:19:13 [INFO][SYNCER] Firestore client sẵn sàng
2026-04-29 20:19:13 [INFO][SYNCER] RTDB client sẵn sàng (databaseURL: https://nhathongminh-myhome-default-rtdb.asia-southeast1.firebasedatabase.app)
2026-04-29 20:19:13 [INFO][SYNCER] Redis connected at localhost:6379
2026-04-29 20:19:13 [INFO][SYNCER] Chạy auto-provisioning...
2026-04-29 20:19:13 [INFO][SYNCER] === AUTO-PROVISIONING BẮT ĐẦU ===
=======================================================
  SmartHome Gateway — Starting
=======================================================
[MAIN] DB schema applied
[MAIN] DB init complete
[BUS] MessageBus started
[BUS] MQTT connected & subscribed
[WATCHDOG] Safety watchdog started
[BUS] Outbound loop started
[NET] RTC read error: Command '['sudo', 'hwclock', '-s']' returned non-zero exit status 1.
[NET] Network watchdog started
[NET] Internet: ON
[MAIN] FirebaseSync worker started
[MAIN] All workers started
[BRIDGE] Realtime bridge started
[API] Registered /api: auth
[API] Registered /api: sensors
[AUTO] Cache loaded: 3 rules, 0 schedules
[SCHEDULER] Started
[API] Registered /api: devices
[API] Registered /api: automation
[API] Registered /api: logs
[AUTO] Command listener started
[API] Registered /api: rfid
[API] Registered /api: wifi
[API] Registered /api: ota
[API] Registered /api: system
=======================================================
[MAIN] Gateway LIVE → http://0.0.0.0:5000/
[MAIN] API prefix:  http://0.0.0.0:5000/api/
=======================================================
 * Serving Flask app 'gateway_main'
 * Debug mode: off
2026-04-29 20:19:13 [INFO][SYNCER] [31m[1mWARNING: This is a development server. Do not use it in a production deployment. Use a production WSGI server instead.[0m
 * Running on all addresses (0.0.0.0)
 * Running on http://127.0.0.1:5000
 * Running on http://192.168.100.30:5000
2026-04-29 20:19:13 [INFO][SYNCER] [33mPress CTRL+C to quit[0m
2026-04-29 20:19:14 [INFO][SYNCER] RTDB: Node live/bedroom_01 đã tồn tại — bỏ qua provision
2026-04-29 20:19:14 [INFO][SYNCER] RTDB: Node live/kitchen_01 đã tồn tại — bỏ qua provision
2026-04-29 20:19:15 [INFO][SYNCER] RTDB: Node live/living_room_01 đã tồn tại — bỏ qua provision
2026-04-29 20:19:15 [INFO][SYNCER] === AUTO-PROVISIONING HOÀN TẤT (3 rooms) ===
2026-04-29 20:19:15 [INFO][SYNCER] Synced 3 rooms to Firestore (userId=aN2XKzWrzieBhBsOFhp7zFzHQaG3)
2026-04-29 20:19:15 [INFO][SYNCER] Redis subscriber started (channels: ['realtime_data', 'device_status', 'safety_alert', 'wifi_status'])
2026-04-29 20:19:15 [INFO][SYNCER] CommandDispatcher started
2026-04-29 20:19:15 [INFO][SYNCER] Sensor history flush loop started (interval: 180s)
2026-04-29 20:19:15 [INFO][SYNCER] MQTT inbound bridge started
2026-04-29 20:22:16 [INFO][SYNCER] Firestore: Batch flush 124 sensor history rows
2026-04-29 20:22:16 [INFO][SYNCER] Flushed 124 sensor history rows to Firestore
2026-04-29 20:24:12 [INFO][SYNCER] SyncWorker running (storage: sd2)
2026-04-29 20:24:12 [WARNING][SYNCER] Bad sensor item: {"room": "living_room_01", "type": "temperature", "value": 2 — 'ts'
2026-04-29 20:24:12 [WARNING][SYNCER] Bad sensor item: {"room": "living_room_01", "type": "humidity", "value": 42,  — 'ts'
2026-04-29 20:24:12 [WARNING][SYNCER] Bad sensor item: {"room": "living_room_01", "type": "temperature", "value": 2 — 'ts'
2026-04-29 20:24:12 [WARNING][SYNCER] Bad sensor item: {"room": "living_room_01", "type": "humidity", "value": 42,  — 'ts'
2026-04-29 20:24:12 [WARNING][SYNCER] Bad sensor item: {"room": "living_room_01", "type": "temperature", "value": 2 — 'ts'
2026-04-29 20:24:12 [WARNING][SYNCER] Bad sensor item: {"room": "living_room_01", "type": "humidity", "value": 42,  — 'ts'
2026-04-29 20:24:12 [WARNING][SYNCER] Bad sensor item: {"room": "living_room_01", "type": "temperature", "value": 2 — 'ts'
2026-04-29 20:24:12 [WARNING][SYNCER] Bad sensor item: {"room": "living_room_01", "type": "humidity", "value": 42,  — 'ts'
2026-04-29 20:24:12 [WARNING][SYNCER] Bad sensor item: {"room": "living_room_01", "type": "temperature", "value": 2 — 'ts'
2026-04-29 20:24:12 [WARNING][SYNCER] Bad sensor item: {"room": "living_room_01", "type": "humidity", "value": 42,  — 'ts'
2026-04-29 20:24:12 [WARNING][SYNCER] Bad sensor item: {"room": "living_room_01", "type": "temperature", "value": 2 — 'ts'
2026-04-29 20:24:12 [WARNING][SYNCER] Bad sensor item: {"room": "living_room_01", "type": "humidity", "value": 42,  — 'ts'
2026-04-29 20:24:12 [WARNING][SYNCER] Bad sensor item: {"room": "living_room_01", "type": "temperature", "value": 2 — 'ts'
2026-04-29 20:24:12 [WARNING][SYNCER] Bad sensor item: {"room": "living_room_01", "type": "humidity", "value": 42,  — 'ts'
2026-04-29 20:24:12 [WARNING][SYNCER] Bad sensor item: {"room": "living_room_01", "type": "temperature", "value": 2 — 'ts'
2026-04-29 20:24:12 [WARNING][SYNCER] Bad sensor item: {"room": "living_room_01", "type": "humidity", "value": 42,  — 'ts'
2026-04-29 20:24:12 [WARNING][SYNCER] Bad sensor item: {"room": "living_room_01", "type": "temperature", "value": 2 — 'ts'
2026-04-29 20:24:12 [WARNING][SYNCER] Bad sensor item: {"room": "living_room_01", "type": "humidity", "value": 42,  — 'ts'
2026-04-29 20:24:12 [WARNING][SYNCER] Bad sensor item: {"room": "living_room_01", "type": "temperature", "value": 2 — 'ts'
2026-04-29 20:24:12 [WARNING][SYNCER] Bad sensor item: {"room": "living_room_01", "type": "humidity", "value": 42,  — 'ts'
2026-04-29 20:24:12 [WARNING][SYNCER] Bad sensor item: {"room": "living_room_01", "type": "temperature", "value": 2 — 'ts'
2026-04-29 20:24:12 [WARNING][SYNCER] Bad sensor item: {"room": "living_room_01", "type": "humidity", "value": 42,  — 'ts'
2026-04-29 20:24:12 [WARNING][SYNCER] Bad sensor item: {"room": "living_room_01", "type": "temperature", "value": 2 — 'ts'
2026-04-29 20:24:12 [WARNING][SYNCER] Bad sensor item: {"room": "living_room_01", "type": "humidity", "value": 42,  — 'ts'
2026-04-29 20:24:12 [WARNING][SYNCER] Bad sensor item: {"room": "living_room_01", "type": "temperature", "value": 2 — 'ts'
2026-04-29 20:24:12 [WARNING][SYNCER] Bad sensor item: {"room": "living_room_01", "type": "humidity", "value": 42,  — 'ts'
2026-04-29 20:24:12 [WARNING][SYNCER] Bad sensor item: {"room": "living_room_01", "type": "temperature", "value": 2 — 'ts'
2026-04-29 20:24:12 [WARNING][SYNCER] Bad sensor item: {"room": "living_room_01", "type": "humidity", "value": 42,  — 'ts'
2026-04-29 20:24:12 [WARNING][SYNCER] Bad sensor item: {"room": "living_room_01", "type": "temperature", "value": 2 — 'ts'
2026-04-29 20:24:12 [WARNING][SYNCER] Bad sensor item: {"room": "living_room_01", "type": "humidity", "value": 42,  — 'ts'
2026-04-29 20:24:12 [WARNING][SYNCER] Bad sensor item: {"room": "living_room_01", "type": "temperature", "value": 2 — 'ts'
2026-04-29 20:24:12 [WARNING][SYNCER] Bad sensor item: {"room": "living_room_01", "type": "humidity", "value": 42,  — 'ts'
2026-04-29 20:24:12 [WARNING][SYNCER] Bad sensor item: {"room": "living_room_01", "type": "temperature", "value": 2 — 'ts'
2026-04-29 20:24:12 [WARNING][SYNCER] Bad sensor item: {"room": "living_room_01", "type": "humidity", "value": 42,  — 'ts'
2026-04-29 20:24:12 [WARNING][SYNCER] Bad sensor item: {"room": "living_room_01", "type": "temperature", "value": 2 — 'ts'
2026-04-29 20:24:12 [WARNING][SYNCER] Bad sensor item: {"room": "living_room_01", "type": "humidity", "value": 42,  — 'ts'
2026-04-29 20:24:12 [WARNING][SYNCER] Bad sensor item: {"room": "living_room_01", "type": "temperature", "value": 2 — 'ts'
2026-04-29 20:24:12 [WARNING][SYNCER] Bad sensor item: {"room": "living_room_01", "type": "humidity", "value": 42,  — 'ts'
2026-04-29 20:24:12 [WARNING][SYNCER] Bad sensor item: {"room": "living_room_01", "type": "temperature", "value": 2 — 'ts'
2026-04-29 20:24:12 [WARNING][SYNCER] Bad sensor item: {"room": "living_room_01", "type": "humidity", "value": 42,  — 'ts'
2026-04-29 20:24:12 [WARNING][SYNCER] Bad sensor item: {"room": "living_room_01", "type": "temperature", "value": 2 — 'ts'
2026-04-29 20:24:12 [WARNING][SYNCER] Bad sensor item: {"room": "living_room_01", "type": "humidity", "value": 42,  — 'ts'
2026-04-29 20:24:12 [WARNING][SYNCER] Bad sensor item: {"room": "living_room_01", "type": "temperature", "value": 2 — 'ts'
2026-04-29 20:24:12 [WARNING][SYNCER] Bad sensor item: {"room": "living_room_01", "type": "humidity", "value": 42,  — 'ts'
2026-04-29 20:24:12 [WARNING][SYNCER] Bad sensor item: {"room": "living_room_01", "type": "temperature", "value": 2 — 'ts'
2026-04-29 20:24:12 [WARNING][SYNCER] Bad sensor item: {"room": "living_room_01", "type": "humidity", "value": 42,  — 'ts'
2026-04-29 20:24:12 [WARNING][SYNCER] Bad sensor item: {"room": "living_room_01", "type": "temperature", "value": 2 — 'ts'
2026-04-29 20:24:12 [WARNING][SYNCER] Bad sensor item: {"room": "living_room_01", "type": "humidity", "value": 42,  — 'ts'
2026-04-29 20:24:12 [WARNING][SYNCER] Bad sensor item: {"room": "living_room_01", "type": "temperature", "value": 2 — 'ts'
2026-04-29 20:24:12 [WARNING][SYNCER] Bad sensor item: {"room": "living_room_01", "type": "humidity", "value": 42,  — 'ts'
2026-04-29 20:24:12 [INFO][SYNCER] DB rotated → /mnt/sd2/data/data_2026-04-29.db (mode: sd2)
2026-04-29 20:25:16 [INFO][SYNCER] Firestore: Batch flush 144 sensor history rows
2026-04-29 20:25:16 [INFO][SYNCER] Flushed 144 sensor history rows to Firestore
2026-04-29 20:27:12 [WARNING][SYNCER] Bad sensor item: {"room": "living_room_01", "type": "temperature", "value": 2 — 'ts'
2026-04-29 20:27:12 [WARNING][SYNCER] Bad sensor item: {"room": "living_room_01", "type": "humidity", "value": 42,  — 'ts'
2026-04-29 20:27:12 [WARNING][SYNCER] Bad sensor item: {"room": "living_room_01", "type": "temperature", "value": 2 — 'ts'
2026-04-29 20:27:12 [WARNING][SYNCER] Bad sensor item: {"room": "living_room_01", "type": "humidity", "value": 42,  — 'ts'
2026-04-29 20:27:12 [WARNING][SYNCER] Bad sensor item: {"room": "living_room_01", "type": "temperature", "value": 2 — 'ts'
2026-04-29 20:27:12 [WARNING][SYNCER] Bad sensor item: {"room": "living_room_01", "type": "humidity", "value": 42,  — 'ts'
2026-04-29 20:27:12 [WARNING][SYNCER] Bad sensor item: {"room": "living_room_01", "type": "temperature", "value": 2 — 'ts'
2026-04-29 20:27:12 [WARNING][SYNCER] Bad sensor item: {"room": "living_room_01", "type": "humidity", "value": 42,  — 'ts'
2026-04-29 20:27:12 [WARNING][SYNCER] Bad sensor item: {"room": "living_room_01", "type": "temperature", "value": 2 — 'ts'
2026-04-29 20:27:12 [WARNING][SYNCER] Bad sensor item: {"room": "living_room_01", "type": "humidity", "value": 42,  — 'ts'
2026-04-29 20:27:12 [WARNING][SYNCER] Bad sensor item: {"room": "living_room_01", "type": "temperature", "value": 2 — 'ts'
2026-04-29 20:27:12 [WARNING][SYNCER] Bad sensor item: {"room": "living_room_01", "type": "humidity", "value": 42,  — 'ts'
2026-04-29 20:27:12 [WARNING][SYNCER] Bad sensor item: {"room": "living_room_01", "type": "temperature", "value": 2 — 'ts'
2026-04-29 20:27:12 [WARNING][SYNCER] Bad sensor item: {"room": "living_room_01", "type": "humidity", "value": 42,  — 'ts'
2026-04-29 20:27:12 [WARNING][SYNCER] Bad sensor item: {"room": "living_room_01", "type": "temperature", "value": 2 — 'ts'
2026-04-29 20:27:12 [WARNING][SYNCER] Bad sensor item: {"room": "living_room_01", "type": "humidity", "value": 42,  — 'ts'
2026-04-29 20:27:12 [WARNING][SYNCER] Bad sensor item: {"room": "living_room_01", "type": "temperature", "value": 2 — 'ts'
2026-04-29 20:27:12 [WARNING][SYNCER] Bad sensor item: {"room": "living_room_01", "type": "humidity", "value": 42,  — 'ts'
2026-04-29 20:27:12 [WARNING][SYNCER] Bad sensor item: {"room": "living_room_01", "type": "temperature", "value": 2 — 'ts'
2026-04-29 20:27:12 [WARNING][SYNCER] Bad sensor item: {"room": "living_room_01", "type": "humidity", "value": 42,  — 'ts'
2026-04-29 20:27:12 [WARNING][SYNCER] Bad sensor item: {"room": "living_room_01", "type": "temperature", "value": 2 — 'ts'
2026-04-29 20:27:12 [WARNING][SYNCER] Bad sensor item: {"room": "living_room_01", "type": "humidity", "value": 42,  — 'ts'
2026-04-29 20:27:12 [WARNING][SYNCER] Bad sensor item: {"room": "living_room_01", "type": "temperature", "value": 2 — 'ts'
2026-04-29 20:27:12 [WARNING][SYNCER] Bad sensor item: {"room": "living_room_01", "type": "humidity", "value": 42,  — 'ts'
2026-04-29 20:27:12 [WARNING][SYNCER] Bad sensor item: {"room": "living_room_01", "type": "temperature", "value": 2 — 'ts'
2026-04-29 20:27:12 [WARNING][SYNCER] Bad sensor item: {"room": "living_room_01", "type": "humidity", "value": 42,  — 'ts'
2026-04-29 20:27:12 [WARNING][SYNCER] Bad sensor item: {"room": "living_room_01", "type": "temperature", "value": 2 — 'ts'
2026-04-29 20:27:12 [WARNING][SYNCER] Bad sensor item: {"room": "living_room_01", "type": "humidity", "value": 42,  — 'ts'
2026-04-29 20:27:12 [WARNING][SYNCER] Bad sensor item: {"room": "living_room_01", "type": "temperature", "value": 2 — 'ts'
2026-04-29 20:27:12 [WARNING][SYNCER] Bad sensor item: {"room": "living_room_01", "type": "humidity", "value": 42,  — 'ts'
2026-04-29 20:27:12 [WARNING][SYNCER] Bad sensor item: {"room": "living_room_01", "type": "temperature", "value": 2 — 'ts'
2026-04-29 20:27:12 [WARNING][SYNCER] Bad sensor item: {"room": "living_room_01", "type": "humidity", "value": 42,  — 'ts'
2026-04-29 20:27:12 [WARNING][SYNCER] Bad sensor item: {"room": "living_room_01", "type": "temperature", "value": 2 — 'ts'
2026-04-29 20:27:12 [WARNING][SYNCER] Bad sensor item: {"room": "living_room_01", "type": "humidity", "value": 42,  — 'ts'
2026-04-29 20:27:12 [WARNING][SYNCER] Bad sensor item: {"room": "living_room_01", "type": "temperature", "value": 2 — 'ts'
2026-04-29 20:27:12 [WARNING][SYNCER] Bad sensor item: {"room": "living_room_01", "type": "humidity", "value": 42,  — 'ts'
2026-04-29 20:27:12 [WARNING][SYNCER] Bad sensor item: {"room": "living_room_01", "type": "temperature", "value": 2 — 'ts'
2026-04-29 20:27:12 [WARNING][SYNCER] Bad sensor item: {"room": "living_room_01", "type": "humidity", "value": 42,  — 'ts'
2026-04-29 20:27:12 [WARNING][SYNCER] Bad sensor item: {"room": "living_room_01", "type": "temperature", "value": 2 — 'ts'
2026-04-29 20:27:12 [WARNING][SYNCER] Bad sensor item: {"room": "living_room_01", "type": "humidity", "value": 42,  — 'ts'
2026-04-29 20:27:12 [WARNING][SYNCER] Bad sensor item: {"room": "living_room_01", "type": "temperature", "value": 2 — 'ts'
2026-04-29 20:27:12 [WARNING][SYNCER] Bad sensor item: {"room": "living_room_01", "type": "humidity", "value": 42,  — 'ts'
2026-04-29 20:27:12 [WARNING][SYNCER] Bad sensor item: {"room": "living_room_01", "type": "temperature", "value": 2 — 'ts'
2026-04-29 20:27:12 [WARNING][SYNCER] Bad sensor item: {"room": "living_room_01", "type": "humidity", "value": 42,  — 'ts'
2026-04-29 20:27:12 [WARNING][SYNCER] Bad sensor item: {"room": "living_room_01", "type": "temperature", "value": 2 — 'ts'
2026-04-29 20:27:12 [WARNING][SYNCER] Bad sensor item: {"room": "living_room_01", "type": "humidity", "value": 42,  — 'ts'
2026-04-29 20:27:12 [WARNING][SYNCER] Bad sensor item: {"room": "living_room_01", "type": "temperature", "value": 2 — 'ts'
2026-04-29 20:27:12 [WARNING][SYNCER] Bad sensor item: {"room": "living_room_01", "type": "humidity", "value": 42,  — 'ts'
2026-04-29 20:27:12 [WARNING][SYNCER] Bad sensor item: {"room": "living_room_01", "type": "temperature", "value": 2 — 'ts'
2026-04-29 20:27:12 [WARNING][SYNCER] Bad sensor item: {"room": "living_room_01", "type": "humidity", "value": 42,  — 'ts'
2026-04-30 09:12:23 [INFO][SYNCER] SyncWorker starting...
2026-04-30 09:12:23 [INFO][SYNCER] Waiting for SD2 (timeout 300s before degraded mode)...
2026-04-30 09:12:25 [INFO][SYNCER] =======================================================
2026-04-30 09:12:25 [INFO][SYNCER] firebase_sync v2 starting — project: nhathongminh-myhome
2026-04-30 09:12:25 [INFO][SYNCER] Storage: RTDB=sensors (hot) | Firestore=rooms/devices/alerts (structured)
2026-04-30 09:12:25 [INFO][SYNCER] =======================================================
2026-04-30 09:12:25 [INFO][SYNCER] Firebase khởi tạo từ service account file
2026-04-30 09:12:25 [INFO][SYNCER] Firestore client sẵn sàng
2026-04-30 09:12:25 [INFO][SYNCER] RTDB client sẵn sàng (databaseURL: https://nhathongminh-myhome-default-rtdb.asia-southeast1.firebasedatabase.app)
2026-04-30 09:12:25 [INFO][SYNCER] Redis connected at localhost:6379
2026-04-30 09:12:25 [INFO][SYNCER] Chạy auto-provisioning...
2026-04-30 09:12:25 [INFO][SYNCER] === AUTO-PROVISIONING BẮT ĐẦU ===
=======================================================
  SmartHome Gateway — Starting
=======================================================
[MAIN] DB schema applied
[MAIN] DB init complete
[BUS] MessageBus started
[BUS] MQTT connected & subscribed
[WATCHDOG] Safety watchdog started
[BUS] Outbound loop started
[NET] RTC read error: Command '['sudo', 'hwclock', '-s']' returned non-zero exit status 1.
[NET] Network watchdog started
[NET] Internet: ON
[NET] NTP sync error: Command '['sudo', 'hwclock', '-w']' returned non-zero exit status 1.
[MAIN] FirebaseSync worker started
[MAIN] All workers started
[AUTO] Cache loaded: 3 rules, 0 schedules
[BRIDGE] Realtime bridge started
[SCHEDULER] Started
[AUTO] Command listener started
[API] Registered /api: auth
[API] Registered /api: sensors
[API] Registered /api: devices
[API] Registered /api: automation
[API] Registered /api: logs
[API] Registered /api: rfid
[API] Registered /api: wifi
[API] Registered /api: ota
[API] Registered /api: system
=======================================================
[MAIN] Gateway LIVE → http://0.0.0.0:5000/
[MAIN] API prefix:  http://0.0.0.0:5000/api/
=======================================================
 * Serving Flask app 'gateway_main'
 * Debug mode: off
2026-04-30 09:12:26 [INFO][SYNCER] [31m[1mWARNING: This is a development server. Do not use it in a production deployment. Use a production WSGI server instead.[0m
 * Running on all addresses (0.0.0.0)
 * Running on http://127.0.0.1:5000
 * Running on http://192.168.1.11:5000
2026-04-30 09:12:26 [INFO][SYNCER] [33mPress CTRL+C to quit[0m
2026-04-30 09:12:26 [INFO][SYNCER] RTDB: Node live/bedroom_01 đã tồn tại — bỏ qua provision
2026-04-30 09:12:28 [INFO][SYNCER] RTDB: Node live/kitchen_01 đã tồn tại — bỏ qua provision
2026-04-30 09:12:28 [INFO][SYNCER] RTDB: Node live/living_room_01 đã tồn tại — bỏ qua provision
2026-04-30 09:12:29 [INFO][SYNCER] === AUTO-PROVISIONING HOÀN TẤT (3 rooms) ===
2026-04-30 09:12:29 [INFO][SYNCER] Synced 3 rooms to Firestore (userId=aN2XKzWrzieBhBsOFhp7zFzHQaG3)
2026-04-30 09:12:29 [INFO][SYNCER] Redis subscriber started (channels: ['realtime_data', 'device_status', 'safety_alert', 'wifi_status'])
2026-04-30 09:12:29 [INFO][SYNCER] CommandDispatcher started
2026-04-30 09:12:29 [INFO][SYNCER] Sensor history flush loop started (interval: 180s)
2026-04-30 09:12:29 [INFO][SYNCER] MQTT inbound bridge started
2026-04-30 09:13:52 [ERROR][SYNCER] Dispatch error: Object of type DatetimeWithNanoseconds is not JSON serializable
2026-04-30 09:13:56 [ERROR][SYNCER] Dispatch error: Object of type DatetimeWithNanoseconds is not JSON serializable
2026-04-30 09:14:04 [ERROR][SYNCER] Dispatch error: Object of type DatetimeWithNanoseconds is not JSON serializable
2026-04-30 09:14:06 [ERROR][SYNCER] Dispatch error: Object of type DatetimeWithNanoseconds is not JSON serializable
2026-04-30 09:14:31 [ERROR][SYNCER] Dispatch error: Object of type DatetimeWithNanoseconds is not JSON serializable
2026-04-30 09:14:52 [ERROR][SYNCER] Dispatch error: Object of type DatetimeWithNanoseconds is not JSON serializable
2026-04-30 09:15:30 [INFO][SYNCER] Firestore: Batch flush 140 sensor history rows
2026-04-30 09:15:30 [INFO][SYNCER] Flushed 140 sensor history rows to Firestore
2026-04-30 09:17:23 [INFO][SYNCER] SyncWorker running (storage: sd2)
2026-04-30 09:17:23 [INFO][SYNCER] DB rotated → /mnt/sd2/data/data_2026-04-30.db (mode: sd2)
2026-04-30 09:17:23 [INFO][SYNCER] Flushed 50 sensor rows
2026-04-30 09:18:31 [INFO][SYNCER] Firestore: Batch flush 144 sensor history rows
2026-04-30 09:18:31 [INFO][SYNCER] Flushed 144 sensor history rows to Firestore
2026-04-30 09:20:24 [INFO][SYNCER] Flushed 50 sensor rows
2026-04-30 09:21:31 [INFO][SYNCER] Firestore: Batch flush 144 sensor history rows
2026-04-30 09:21:31 [INFO][SYNCER] Flushed 144 sensor history rows to Firestore
2026-04-30 09:23:24 [INFO][SYNCER] Flushed 50 sensor rows
2026-04-30 09:24:32 [INFO][SYNCER] Firestore: Batch flush 144 sensor history rows
2026-04-30 09:24:32 [INFO][SYNCER] Flushed 144 sensor history rows to Firestore
2026-04-30 09:26:25 [INFO][SYNCER] Flushed 50 sensor rows
2026-04-30 09:27:33 [INFO][SYNCER] Firestore: Batch flush 148 sensor history rows
2026-04-30 09:27:33 [INFO][SYNCER] Flushed 148 sensor history rows to Firestore
2026-04-30 09:29:25 [INFO][SYNCER] Flushed 50 sensor rows
2026-04-30 09:30:33 [INFO][SYNCER] Firestore: Batch flush 144 sensor history rows
2026-04-30 09:30:33 [INFO][SYNCER] Flushed 144 sensor history rows to Firestore
2026-04-30 09:32:25 [INFO][SYNCER] Flushed 50 sensor rows
2026-04-30 09:33:34 [INFO][SYNCER] Firestore: Batch flush 144 sensor history rows
2026-04-30 09:33:34 [INFO][SYNCER] Flushed 144 sensor history rows to Firestore
2026-04-30 09:35:26 [INFO][SYNCER] Flushed 50 sensor rows
2026-04-30 09:36:34 [INFO][SYNCER] Firestore: Batch flush 144 sensor history rows
2026-04-30 09:36:34 [INFO][SYNCER] Flushed 144 sensor history rows to Firestore
2026-04-30 09:38:26 [INFO][SYNCER] Flushed 4 sensor rows
2026-04-30 09:39:35 [INFO][SYNCER] Firestore: Batch flush 128 sensor history rows
2026-04-30 09:39:35 [INFO][SYNCER] Flushed 128 sensor history rows to Firestore
2026-04-30 09:45:35 [INFO][SYNCER] Firestore: Batch flush 60 sensor history rows
2026-04-30 09:45:35 [INFO][SYNCER] Flushed 60 sensor history rows to Firestore
2026-04-30 09:48:36 [INFO][SYNCER] Firestore: Batch flush 72 sensor history rows
2026-04-30 09:48:36 [INFO][SYNCER] Flushed 72 sensor history rows to Firestore
2026-04-30 09:51:36 [INFO][SYNCER] Firestore: Batch flush 8 sensor history rows
2026-04-30 09:51:36 [INFO][SYNCER] Flushed 8 sensor history rows to Firestore
2026-04-30 11:36:14 [INFO][SYNCER] SyncWorker starting...
2026-04-30 11:36:14 [INFO][SYNCER] Waiting for SD2 (timeout 300s before degraded mode)...
2026-04-30 11:36:14 [INFO][SYNCER] =======================================================
2026-04-30 11:36:14 [INFO][SYNCER] firebase_sync v2 starting — project: nhathongminh-myhome
2026-04-30 11:36:14 [INFO][SYNCER] Storage: RTDB=sensors (hot) | Firestore=rooms/devices/alerts (structured)
2026-04-30 11:36:14 [INFO][SYNCER] =======================================================
2026-04-30 11:36:15 [INFO][SYNCER] Firebase khởi tạo từ service account file
2026-04-30 11:36:15 [INFO][SYNCER] Firestore client sẵn sàng
2026-04-30 11:36:15 [INFO][SYNCER] RTDB client sẵn sàng (databaseURL: https://nhathongminh-myhome-default-rtdb.asia-southeast1.firebasedatabase.app)
2026-04-30 11:36:15 [INFO][SYNCER] Redis connected at localhost:6379
2026-04-30 11:36:15 [INFO][SYNCER] Chạy auto-provisioning...
2026-04-30 11:36:15 [INFO][SYNCER] === AUTO-PROVISIONING BẮT ĐẦU ===
=======================================================
  SmartHome Gateway — Starting
=======================================================
[MAIN] DB schema applied
[MAIN] DB init complete
[BUS] MessageBus started
[BUS] MQTT connected & subscribed
[WATCHDOG] Safety watchdog started
[BUS] Outbound loop started
[NET] RTC read error: Command '['sudo', 'hwclock', '-s']' returned non-zero exit status 1.
[NET] Network watchdog started
[NET] Internet: ON
[MAIN] FirebaseSync worker started
[MAIN] All workers started
[BRIDGE] Realtime bridge started
[API] Registered /api: auth
[AUTO] Cache loaded: 3 rules, 0 schedules
[API] Registered /api: sensors
[SCHEDULER] Started
[API] Registered /api: devices
[API] Registered /api: automation
[API] Registered /api: logs
[API] Registered /api: rfid
[API] Registered /api: wifi
[API] Registered /api: ota
[API] Registered /api: system
=======================================================
[MAIN] Gateway LIVE → http://0.0.0.0:5000/
[MAIN] API prefix:  http://0.0.0.0:5000/api/
=======================================================
[AUTO] Command listener started
 * Serving Flask app 'gateway_main'
 * Debug mode: off
2026-04-30 11:36:15 [INFO][SYNCER] [31m[1mWARNING: This is a development server. Do not use it in a production deployment. Use a production WSGI server instead.[0m
 * Running on all addresses (0.0.0.0)
 * Running on http://127.0.0.1:5000
 * Running on http://192.168.1.11:5000
2026-04-30 11:36:15 [INFO][SYNCER] [33mPress CTRL+C to quit[0m
2026-04-30 11:36:16 [INFO][SYNCER] RTDB: Node live/bedroom_01 đã tồn tại — bỏ qua provision
2026-04-30 11:36:17 [INFO][SYNCER] RTDB: Node live/kitchen_01 đã tồn tại — bỏ qua provision
2026-04-30 11:36:17 [INFO][SYNCER] RTDB: Node live/living_room_01 đã tồn tại — bỏ qua provision
2026-04-30 11:36:18 [INFO][SYNCER] === AUTO-PROVISIONING HOÀN TẤT (3 rooms) ===
2026-04-30 11:36:19 [INFO][SYNCER] Synced 3 rooms to Firestore (userId=aN2XKzWrzieBhBsOFhp7zFzHQaG3)
2026-04-30 11:36:19 [INFO][SYNCER] Redis subscriber started (channels: ['realtime_data', 'device_status', 'safety_alert', 'wifi_status'])
2026-04-30 11:36:19 [INFO][SYNCER] CommandDispatcher started
2026-04-30 11:36:19 [INFO][SYNCER] Sensor history flush loop started (interval: 180s)
2026-04-30 11:36:19 [INFO][SYNCER] MQTT inbound bridge started
2026-04-30 11:39:19 [INFO][SYNCER] Firestore: Batch flush 72 sensor history rows
2026-04-30 11:39:19 [INFO][SYNCER] Flushed 72 sensor history rows to Firestore
2026-04-30 11:39:38 [ERROR][SYNCER] Dispatch error: Object of type DatetimeWithNanoseconds is not JSON serializable
2026-04-30 11:39:39 [ERROR][SYNCER] Dispatch error: Object of type DatetimeWithNanoseconds is not JSON serializable
2026-04-30 11:39:41 [ERROR][SYNCER] Dispatch error: Object of type DatetimeWithNanoseconds is not JSON serializable
2026-04-30 11:39:43 [ERROR][SYNCER] Dispatch error: Object of type DatetimeWithNanoseconds is not JSON serializable
2026-04-30 11:41:14 [INFO][SYNCER] SyncWorker running (storage: sd2)
2026-04-30 11:41:14 [INFO][SYNCER] DB rotated → /mnt/sd2/data/data_2026-04-30.db (mode: sd2)
2026-04-30 11:42:19 [INFO][SYNCER] Firestore: Batch flush 72 sensor history rows
2026-04-30 11:42:19 [INFO][SYNCER] Flushed 72 sensor history rows to Firestore
2026-04-30 11:45:20 [INFO][SYNCER] Firestore: Batch flush 72 sensor history rows
2026-04-30 11:45:20 [INFO][SYNCER] Flushed 72 sensor history rows to Firestore
2026-04-30 11:48:20 [INFO][SYNCER] Firestore: Batch flush 56 sensor history rows
2026-04-30 11:48:20 [INFO][SYNCER] Flushed 56 sensor history rows to Firestore
2026-04-30 11:53:21 [WARNING][SYNCER] Retrying (Retry(total=9, connect=1, read=0, redirect=None, status=4)) after connection broken by 'RemoteDisconnected('Remote end closed connection without response')': /gateway_status.json?print=silent
2026-04-30 17:22:49 [INFO][SYNCER] SyncWorker starting...
2026-04-30 17:22:49 [INFO][SYNCER] Waiting for SD2 (timeout 300s before degraded mode)...
2026-04-30 17:22:51 [INFO][SYNCER] =======================================================
2026-04-30 17:22:51 [INFO][SYNCER] firebase_sync v2 starting — project: nhathongminh-myhome
2026-04-30 17:22:51 [INFO][SYNCER] Storage: RTDB=sensors (hot) | Firestore=rooms/devices/alerts (structured)
2026-04-30 17:22:51 [INFO][SYNCER] =======================================================
2026-04-30 17:22:51 [INFO][SYNCER] Firebase khởi tạo từ service account file
2026-04-30 17:22:51 [INFO][SYNCER] Firestore client sẵn sàng
2026-04-30 17:22:51 [INFO][SYNCER] RTDB client sẵn sàng (databaseURL: https://nhathongminh-myhome-default-rtdb.asia-southeast1.firebasedatabase.app)
2026-04-30 17:22:51 [INFO][SYNCER] Redis connected at localhost:6379
2026-04-30 17:22:51 [INFO][SYNCER] Chạy auto-provisioning...
2026-04-30 17:22:51 [INFO][SYNCER] === AUTO-PROVISIONING BẮT ĐẦU ===
=======================================================
  SmartHome Gateway — Starting
=======================================================
[MAIN] DB schema applied
[MAIN] DB init complete
[BUS] MQTT connected & subscribed
[BUS] MessageBus started
[WATCHDOG] Safety watchdog started
[NET] Network watchdog started (NTP-only, no RTC)
[BUS] Outbound loop started
[NET] Internet: ON
[NET] NTP already synchronized via systemd-timesyncd
[MAIN] FirebaseSync worker started
[MAIN] All workers started
[BRIDGE] Realtime bridge started
[AUTO] Cache loaded: 3 rules, 0 schedules
[SCHEDULER] Started
[AUTO] Command listener started
[API] Registered /api: auth
[API] Registered /api: sensors
[API] Registered /api: devices
[API] Registered /api: automation
[API] Registered /api: logs
[API] Registered /api: rfid
[API] Registered /api: wifi
[API] Registered /api: ota
[API] Registered /api: system
=======================================================
[MAIN] Gateway LIVE → http://0.0.0.0:5000/
[MAIN] API prefix:  http://0.0.0.0:5000/api/
=======================================================
 * Serving Flask app 'gateway_main'
 * Debug mode: off
2026-04-30 17:22:51 [INFO][SYNCER] [31m[1mWARNING: This is a development server. Do not use it in a production deployment. Use a production WSGI server instead.[0m
 * Running on all addresses (0.0.0.0)
 * Running on http://127.0.0.1:5000
 * Running on http://192.168.1.11:5000
2026-04-30 17:22:51 [INFO][SYNCER] [33mPress CTRL+C to quit[0m
2026-04-30 17:22:52 [INFO][SYNCER] RTDB: Node live/bedroom_01 đã tồn tại — bỏ qua provision
2026-04-30 17:22:52 [INFO][SYNCER] Firestore: Tạo rooms/bedroom_01
2026-04-30 17:22:53 [INFO][SYNCER]   Firestore: Tạo device bedroom_01/fan_bd_1
2026-04-30 17:22:53 [INFO][SYNCER]   Firestore: Tạo device bedroom_01/light_bd_1
2026-04-30 17:22:53 [INFO][SYNCER] RTDB: Node live/kitchen_01 đã tồn tại — bỏ qua provision
2026-04-30 17:22:53 [INFO][SYNCER] Firestore: Tạo rooms/kitchen_01
2026-04-30 17:22:53 [INFO][SYNCER]   Firestore: Tạo device kitchen_01/fan_kt_1
2026-04-30 17:22:53 [INFO][SYNCER]   Firestore: Tạo device kitchen_01/light_kt_1
2026-04-30 17:22:54 [INFO][SYNCER] RTDB: Node live/living_room_01 đã tồn tại — bỏ qua provision
2026-04-30 17:22:54 [INFO][SYNCER] Firestore: Tạo rooms/living_room_01
2026-04-30 17:22:54 [INFO][SYNCER]   Firestore: Tạo device living_room_01/fan_lv_1
2026-04-30 17:22:54 [INFO][SYNCER]   Firestore: Tạo device living_room_01/light_lv_1
2026-04-30 17:22:54 [INFO][SYNCER] Firestore: Tạo system_status/wifi
2026-04-30 17:22:54 [INFO][SYNCER] Firestore: Tạo system_status/available_wifi
2026-04-30 17:22:54 [INFO][SYNCER] === AUTO-PROVISIONING HOÀN TẤT (3 rooms) ===
2026-04-30 17:22:54 [INFO][SYNCER] Synced 3 rooms to Firestore (userId=aN2XKzWrzieBhBsOFhp7zFzHQaG3)
2026-04-30 17:22:54 [INFO][SYNCER] Redis subscriber started (channels: ['realtime_data', 'device_status', 'safety_alert', 'wifi_status'])
2026-04-30 17:22:54 [INFO][SYNCER] CommandDispatcher started
2026-04-30 17:22:54 [INFO][SYNCER] Sensor history flush loop started (interval: 180s)
2026-04-30 17:22:54 [INFO][SYNCER] MQTT inbound bridge started
2026-04-30 17:23:21 [ERROR][SYNCER] Dispatch error: Object of type DatetimeWithNanoseconds is not JSON serializable
2026-04-30 17:23:27 [ERROR][SYNCER] Dispatch error: Object of type DatetimeWithNanoseconds is not JSON serializable
2026-04-30 17:23:32 [ERROR][SYNCER] Dispatch error: Object of type DatetimeWithNanoseconds is not JSON serializable
2026-04-30 17:23:37 [ERROR][SYNCER] Dispatch error: Object of type DatetimeWithNanoseconds is not JSON serializable
2026-04-30 17:24:17 [ERROR][SYNCER] Dispatch error: Object of type DatetimeWithNanoseconds is not JSON serializable
2026-04-30 17:25:55 [INFO][SYNCER] Firestore: Batch flush 148 sensor history rows
2026-04-30 17:25:55 [INFO][SYNCER] Flushed 148 sensor history rows to Firestore
2026-04-30 17:27:49 [INFO][SYNCER] SyncWorker running (storage: sd2)
2026-04-30 17:27:49 [INFO][SYNCER] DB rotated → /mnt/sd2/data/data_2026-04-30.db (mode: sd2)
2026-04-30 17:28:56 [INFO][SYNCER] Firestore: Batch flush 144 sensor history rows
2026-04-30 17:28:56 [INFO][SYNCER] Flushed 144 sensor history rows to Firestore
2026-04-30 17:31:56 [INFO][SYNCER] Firestore: Batch flush 144 sensor history rows
2026-04-30 17:31:56 [INFO][SYNCER] Flushed 144 sensor history rows to Firestore
2026-04-30 17:34:57 [INFO][SYNCER] Firestore: Batch flush 144 sensor history rows
2026-04-30 17:34:57 [INFO][SYNCER] Flushed 144 sensor history rows to Firestore
2026-04-30 17:37:57 [INFO][SYNCER] Firestore: Batch flush 144 sensor history rows
2026-04-30 17:37:57 [INFO][SYNCER] Flushed 144 sensor history rows to Firestore
2026-04-30 17:40:58 [INFO][SYNCER] Firestore: Batch flush 144 sensor history rows
2026-04-30 17:40:58 [INFO][SYNCER] Flushed 144 sensor history rows to Firestore
2026-04-30 17:42:12 [INFO][SYNCER] SyncWorker starting...
2026-04-30 17:42:12 [INFO][SYNCER] Waiting for SD2 (timeout 300s before degraded mode)...
2026-04-30 17:42:13 [INFO][SYNCER] =======================================================
2026-04-30 17:42:13 [INFO][SYNCER] firebase_sync v2 starting — project: nhathongminh-myhome
2026-04-30 17:42:13 [INFO][SYNCER] Storage: RTDB=sensors (hot) | Firestore=rooms/devices/alerts (structured)
2026-04-30 17:42:13 [INFO][SYNCER] =======================================================
2026-04-30 17:42:13 [INFO][SYNCER] Firebase khởi tạo từ service account file
2026-04-30 17:42:13 [INFO][SYNCER] Firestore client sẵn sàng
2026-04-30 17:42:13 [INFO][SYNCER] RTDB client sẵn sàng (databaseURL: https://nhathongminh-myhome-default-rtdb.asia-southeast1.firebasedatabase.app)
2026-04-30 17:42:13 [INFO][SYNCER] Redis connected at localhost:6379
2026-04-30 17:42:13 [INFO][SYNCER] Chạy auto-provisioning...
2026-04-30 17:42:13 [INFO][SYNCER] === AUTO-PROVISIONING BẮT ĐẦU ===
=======================================================
  SmartHome Gateway — Starting
=======================================================
[MAIN] DB schema applied
[MAIN] DB init complete
[BUS] MessageBus started
[BUS] MQTT connected & subscribed
[WATCHDOG] Safety watchdog started
[BUS] Outbound loop started
[MAIN] FirebaseSync worker started
[MAIN] All workers started
[BRIDGE] Realtime bridge started
[AUTO] Cache loaded: 3 rules, 0 schedules
[SCHEDULER] Started
[AUTO] Command listener started
[API] Registered /api: auth
[API] Registered /api: sensors
[API] Registered /api: devices
[API] Registered /api: automation
[API] Registered /api: logs
[API] Registered /api: rfid
[API] Registered /api: wifi
[API] Registered /api: ota
[API] Registered /api: system
=======================================================
[MAIN] Gateway LIVE → http://0.0.0.0:5000/
[MAIN] API prefix:  http://0.0.0.0:5000/api/
=======================================================
 * Serving Flask app 'gateway_main'
 * Debug mode: off
2026-04-30 17:42:13 [INFO][SYNCER] [31m[1mWARNING: This is a development server. Do not use it in a production deployment. Use a production WSGI server instead.[0m
 * Running on all addresses (0.0.0.0)
 * Running on http://127.0.0.1:5000
 * Running on http://192.168.1.11:5000
2026-04-30 17:42:13 [INFO][SYNCER] [33mPress CTRL+C to quit[0m
2026-04-30 17:42:14 [INFO][SYNCER] RTDB: Node live/bedroom_01 đã tồn tại — bỏ qua provision
2026-04-30 17:42:15 [INFO][SYNCER] RTDB: Node live/kitchen_01 đã tồn tại — bỏ qua provision
2026-04-30 17:42:16 [INFO][SYNCER] RTDB: Node live/living_room_01 đã tồn tại — bỏ qua provision
2026-04-30 17:42:16 [INFO][SYNCER] === AUTO-PROVISIONING HOÀN TẤT (3 rooms) ===
2026-04-30 17:42:17 [INFO][SYNCER] Synced 3 rooms to Firestore (userId=aN2XKzWrzieBhBsOFhp7zFzHQaG3)
2026-04-30 17:42:17 [INFO][SYNCER] Redis subscriber started (channels: ['realtime_data', 'device_status', 'safety_alert', 'wifi_status'])
2026-04-30 17:42:17 [INFO][SYNCER] CommandDispatcher started
2026-04-30 17:42:17 [INFO][SYNCER] Sensor history flush loop started (interval: 180s)
2026-04-30 17:42:17 [INFO][SYNCER] MQTT inbound bridge started
2026-04-30 17:42:32 [ERROR][SYNCER] Dispatch error: Object of type DatetimeWithNanoseconds is not JSON serializable
2026-04-30 17:42:39 [ERROR][SYNCER] Dispatch error: Object of type DatetimeWithNanoseconds is not JSON serializable
2026-04-30 17:42:44 [ERROR][SYNCER] Dispatch error: Object of type DatetimeWithNanoseconds is not JSON serializable
2026-04-30 17:46:41 [INFO][SYNCER] SyncWorker starting...
2026-04-30 17:46:41 [INFO][SYNCER] Waiting for SD2 (timeout 300s before degraded mode)...
2026-04-30 17:46:41 [INFO][SYNCER] =======================================================
2026-04-30 17:46:41 [INFO][SYNCER] firebase_sync v2 starting — project: nhathongminh-myhome
2026-04-30 17:46:41 [INFO][SYNCER] Storage: RTDB=sensors (hot) | Firestore=rooms/devices/alerts (structured)
2026-04-30 17:46:41 [INFO][SYNCER] =======================================================
2026-04-30 17:46:42 [INFO][SYNCER] Firebase khởi tạo từ service account file
2026-04-30 17:46:42 [INFO][SYNCER] Firestore client sẵn sàng
2026-04-30 17:46:42 [INFO][SYNCER] RTDB client sẵn sàng (databaseURL: https://nhathongminh-myhome-default-rtdb.asia-southeast1.firebasedatabase.app)
2026-04-30 17:46:42 [INFO][SYNCER] Redis connected at localhost:6379
2026-04-30 17:46:42 [INFO][SYNCER] Chạy auto-provisioning...
2026-04-30 17:46:42 [INFO][SYNCER] === AUTO-PROVISIONING BẮT ĐẦU ===
=======================================================
  SmartHome Gateway — Starting
=======================================================
[MAIN] DB schema applied
[MAIN] DB init complete
[BUS] MessageBus started
[BUS] MQTT connected & subscribed
[WATCHDOG] Safety watchdog started
[NET] Network watchdog started (NTP-only, no RTC)
[BUS] Outbound loop started
[NET] Internet: ON
[NET] NTP already synchronized via systemd-timesyncd
[MAIN] FirebaseSync worker started
[MAIN] All workers started
[BRIDGE] Realtime bridge started
[API] Registered /api: auth
[AUTO] Cache loaded: 3 rules, 0 schedules
[SCHEDULER] Started
[API] Registered /api: sensors
[API] Registered /api: devices
[API] Registered /api: automation
[API] Registered /api: logs
[AUTO] Command listener started
[API] Registered /api: rfid
[API] Registered /api: wifi
[API] Registered /api: ota
[API] Registered /api: system
=======================================================
[MAIN] Gateway LIVE → http://0.0.0.0:5000/
[MAIN] API prefix:  http://0.0.0.0:5000/api/
=======================================================
 * Serving Flask app 'gateway_main'
 * Debug mode: off
2026-04-30 17:46:42 [INFO][SYNCER] [31m[1mWARNING: This is a development server. Do not use it in a production deployment. Use a production WSGI server instead.[0m
 * Running on all addresses (0.0.0.0)
 * Running on http://127.0.0.1:5000
 * Running on http://192.168.1.11:5000
2026-04-30 17:46:42 [INFO][SYNCER] [33mPress CTRL+C to quit[0m
2026-04-30 17:46:42 [INFO][SYNCER] RTDB: Node live/bedroom_01 đã tồn tại — bỏ qua provision
2026-04-30 17:46:44 [INFO][SYNCER] RTDB: Node live/kitchen_01 đã tồn tại — bỏ qua provision
2026-04-30 17:46:44 [INFO][SYNCER] RTDB: Node live/living_room_01 đã tồn tại — bỏ qua provision
2026-04-30 17:46:45 [INFO][SYNCER] === AUTO-PROVISIONING HOÀN TẤT (3 rooms) ===
2026-04-30 17:46:45 [INFO][SYNCER] Synced 3 rooms to Firestore (userId=aN2XKzWrzieBhBsOFhp7zFzHQaG3)
2026-04-30 17:46:45 [INFO][SYNCER] Redis subscriber started (channels: ['realtime_data', 'device_status', 'safety_alert', 'wifi_status'])
2026-04-30 17:46:45 [INFO][SYNCER] CommandDispatcher started
2026-04-30 17:46:45 [INFO][SYNCER] Sensor history flush loop started (interval: 180s)
2026-04-30 17:46:45 [INFO][SYNCER] MQTT inbound bridge started
2026-04-30 17:49:46 [INFO][SYNCER] Firestore: Batch flush 292 sensor history rows
2026-04-30 17:49:46 [INFO][SYNCER] Flushed 292 sensor history rows to Firestore
2026-04-30 17:51:41 [INFO][SYNCER] SyncWorker running (storage: sd2)
2026-04-30 17:51:41 [INFO][SYNCER] DB rotated → /mnt/sd2/data/data_2026-04-30.db (mode: sd2)
2026-04-30 17:52:47 [INFO][SYNCER] Firestore: Batch flush 108 sensor history rows
2026-04-30 17:52:47 [INFO][SYNCER] Flushed 108 sensor history rows to Firestore
2026-04-30 17:59:16 [INFO][SYNCER] SyncWorker starting...
2026-04-30 17:59:16 [INFO][SYNCER] Waiting for SD2 (timeout 300s before degraded mode)...
2026-04-30 17:59:17 [INFO][SYNCER] =======================================================
2026-04-30 17:59:17 [INFO][SYNCER] firebase_sync v2 starting — project: nhathongminh-myhome
2026-04-30 17:59:17 [INFO][SYNCER] Storage: RTDB=sensors (hot) | Firestore=rooms/devices/alerts (structured)
2026-04-30 17:59:17 [INFO][SYNCER] =======================================================
2026-04-30 17:59:17 [INFO][SYNCER] Firebase khởi tạo từ service account file
2026-04-30 17:59:17 [INFO][SYNCER] Firestore client sẵn sàng
2026-04-30 17:59:17 [INFO][SYNCER] RTDB client sẵn sàng (databaseURL: https://nhathongminh-myhome-default-rtdb.asia-southeast1.firebasedatabase.app)
2026-04-30 17:59:17 [INFO][SYNCER] Redis connected at localhost:6379
2026-04-30 17:59:17 [INFO][SYNCER] Chạy auto-provisioning...
2026-04-30 17:59:17 [INFO][SYNCER] === AUTO-PROVISIONING BẮT ĐẦU ===
=======================================================
  SmartHome Gateway — Starting
=======================================================
[MAIN] DB schema applied
[MAIN] DB init complete
[BUS] MessageBus started
[BUS] MQTT connected & subscribed
[WATCHDOG] Safety watchdog started
[NET] Network watchdog started (NTP-only, no RTC)
[BUS] Outbound loop started
[NET] Internet: ON
[NET] NTP already synchronized via systemd-timesyncd
[MAIN] FirebaseSync worker started
[MAIN] All workers started
[BRIDGE] Realtime bridge started
[AUTO] Cache loaded: 3 rules, 0 schedules
[SCHEDULER] Started
[API] Registered /api: auth
[API] Registered /api: sensors
[API] Registered /api: devices
[API] Registered /api: automation
[API] Registered /api: logs
[AUTO] Command listener started
[API] Registered /api: rfid
[API] Registered /api: wifi
[API] Registered /api: ota
[API] Registered /api: system
=======================================================
[MAIN] Gateway LIVE → http://0.0.0.0:5000/
[MAIN] API prefix:  http://0.0.0.0:5000/api/
=======================================================
 * Serving Flask app 'gateway_main'
 * Debug mode: off
2026-04-30 17:59:17 [INFO][SYNCER] [31m[1mWARNING: This is a development server. Do not use it in a production deployment. Use a production WSGI server instead.[0m
 * Running on all addresses (0.0.0.0)
 * Running on http://127.0.0.1:5000
 * Running on http://192.168.1.11:5000
2026-04-30 17:59:17 [INFO][SYNCER] [33mPress CTRL+C to quit[0m
2026-04-30 17:59:23 [INFO][SYNCER] RTDB: Node live/bedroom_01 đã tồn tại — bỏ qua provision
2026-04-30 17:59:24 [INFO][SYNCER] RTDB: Node live/kitchen_01 đã tồn tại — bỏ qua provision
2026-04-30 17:59:24 [INFO][SYNCER] RTDB: Node live/living_room_01 đã tồn tại — bỏ qua provision
2026-04-30 17:59:24 [INFO][SYNCER] === AUTO-PROVISIONING HOÀN TẤT (3 rooms) ===
2026-04-30 17:59:24 [INFO][SYNCER] Synced 3 rooms to Firestore (userId=aN2XKzWrzieBhBsOFhp7zFzHQaG3)
2026-04-30 17:59:24 [INFO][SYNCER] Redis subscriber started (channels: ['realtime_data', 'device_status', 'safety_alert', 'wifi_status'])
2026-04-30 17:59:24 [INFO][SYNCER] CommandDispatcher started
2026-04-30 17:59:24 [INFO][SYNCER] Sensor history flush loop started (interval: 180s)
2026-04-30 17:59:24 [INFO][SYNCER] MQTT inbound bridge started
2026-04-30 17:59:24 [INFO][SYNCER] Dispatched cmd 'Dk1lVofZc0S1iGjhiQNM' [turn_on] → Redis[device_commands]
2026-04-30 17:59:25 [INFO][SYNCER] Dispatched cmd '3ztJcsSiKHCMspD3jrIo' [turn_off] → Redis[device_commands]
2026-04-30 17:59:28 [INFO][SYNCER] Dispatched cmd 'ENUSkTyidtV8l66FvyGf' [turn_on] → Redis[device_commands]
2026-04-30 17:59:30 [INFO][SYNCER] Dispatched cmd 'KOVdpfhZj7EHR9fmxxs0' [turn_off] → Redis[device_commands]
2026-04-30 17:59:32 [INFO][SYNCER] Dispatched cmd 'a8bCRce6V23069KiSheS' [turn_on] → Redis[device_commands]
2026-04-30 17:59:35 [INFO][SYNCER] Dispatched cmd 'nw1VBsSqpDCrTKfy8WuA' [turn_off] → Redis[device_commands]
2026-04-30 17:59:42 [INFO][SYNCER] Dispatched cmd 'C338rwaA3g4Cug0IRSTj' [turn_on] → Redis[device_commands]
2026-04-30 17:59:45 [INFO][SYNCER] Dispatched cmd 'suuefeKiB0OKWR29d6zU' [turn_off] → Redis[device_commands]
2026-04-30 18:00:05 [INFO][SYNCER] Dispatched cmd 'pD4ZDI6DA7O90Iy9z6er' [turn_on] → Redis[device_commands]
2026-04-30 18:00:09 [INFO][SYNCER] Dispatched cmd 'PkOgkebmFQafoClTcHZr' [turn_off] → Redis[device_commands]
2026-04-30 18:00:15 [INFO][SYNCER] Dispatched cmd '9wiYBr4SKNf0h2HqNKM4' [turn_on] → Redis[device_commands]
2026-04-30 18:00:18 [INFO][SYNCER] Dispatched cmd 'yuYENaENnRW1UCvI6Uyz' [turn_off] → Redis[device_commands]
2026-04-30 18:00:22 [INFO][SYNCER] Dispatched cmd 'kPEz2zQp3j4RVLIej3Md' [turn_on] → Redis[device_commands]
2026-04-30 18:00:28 [INFO][SYNCER] Dispatched cmd 'u2tOqfczEdlGWIMld6qJ' [turn_off] → Redis[device_commands]
2026-04-30 18:00:33 [INFO][SYNCER] Dispatched cmd 'guyI63R5IoJEb8EXSYIr' [turn_on] → Redis[device_commands]
2026-04-30 18:00:39 [INFO][SYNCER] Dispatched cmd 'AqoJq9YxQjdixNBlNZ5H' [turn_off] → Redis[device_commands]
2026-04-30 18:02:25 [INFO][SYNCER] Firestore: Batch flush 152 sensor history rows
2026-04-30 18:02:25 [INFO][SYNCER] Flushed 152 sensor history rows to Firestore
2026-04-30 18:04:16 [INFO][SYNCER] SyncWorker running (storage: sd2)
2026-04-30 18:04:16 [INFO][SYNCER] DB rotated → /mnt/sd2/data/data_2026-04-30.db (mode: sd2)
2026-04-30 18:05:25 [INFO][SYNCER] Firestore: Batch flush 144 sensor history rows
2026-04-30 18:05:25 [INFO][SYNCER] Flushed 144 sensor history rows to Firestore
2026-04-30 18:09:20 [INFO][SYNCER] SyncWorker starting...
2026-04-30 18:09:20 [INFO][SYNCER] Waiting for SD2 (timeout 300s before degraded mode)...
2026-04-30 18:09:20 [INFO][SYNCER] =======================================================
2026-04-30 18:09:20 [INFO][SYNCER] firebase_sync v2 starting — project: nhathongminh-myhome
2026-04-30 18:09:20 [INFO][SYNCER] Storage: RTDB=sensors (hot) | Firestore=rooms/devices/alerts (structured)
2026-04-30 18:09:20 [INFO][SYNCER] =======================================================
2026-04-30 18:09:20 [INFO][SYNCER] Firebase khởi tạo từ service account file
2026-04-30 18:09:20 [INFO][SYNCER] Firestore client sẵn sàng
2026-04-30 18:09:20 [INFO][SYNCER] RTDB client sẵn sàng (databaseURL: https://nhathongminh-myhome-default-rtdb.asia-southeast1.firebasedatabase.app)
2026-04-30 18:09:20 [INFO][SYNCER] Redis connected at localhost:6379
2026-04-30 18:09:20 [INFO][SYNCER] Chạy auto-provisioning...
2026-04-30 18:09:20 [INFO][SYNCER] === AUTO-PROVISIONING BẮT ĐẦU ===
=======================================================
  SmartHome Gateway — Starting
=======================================================
[MAIN] DB schema applied
[MAIN] DB init complete
[BUS] MQTT connected & subscribed
[BUS] MessageBus started
[WATCHDOG] Safety watchdog started
[NET] Network watchdog started (NTP-only, no RTC)
[BUS] Outbound loop started
[NET] Internet: ON
[NET] NTP already synchronized via systemd-timesyncd
[MAIN] FirebaseSync worker started
[MAIN] All workers started
[AUTO] Cache loaded: 3 rules, 0 schedules
[SCHEDULER] Started
[BRIDGE] Realtime bridge started
[API] Registered /api: auth
[API] Registered /api: sensors
[API] Registered /api: devices
[API] Registered /api: automation
[AUTO] Command listener started
[API] Registered /api: logs
[API] Registered /api: rfid
[API] Registered /api: wifi
[API] Registered /api: ota
[API] Registered /api: system
=======================================================
[MAIN] Gateway LIVE → http://0.0.0.0:5000/
[MAIN] API prefix:  http://0.0.0.0:5000/api/
=======================================================
 * Serving Flask app 'gateway_main'
 * Debug mode: off
2026-04-30 18:09:21 [INFO][SYNCER] [31m[1mWARNING: This is a development server. Do not use it in a production deployment. Use a production WSGI server instead.[0m
 * Running on all addresses (0.0.0.0)
 * Running on http://127.0.0.1:5000
 * Running on http://192.168.1.11:5000
2026-04-30 18:09:21 [INFO][SYNCER] [33mPress CTRL+C to quit[0m
2026-04-30 18:09:21 [INFO][SYNCER] RTDB: Node live/bedroom_01 đã tồn tại — bỏ qua provision
2026-04-30 18:09:22 [INFO][SYNCER] RTDB: Node live/kitchen_01 đã tồn tại — bỏ qua provision
2026-04-30 18:09:22 [INFO][SYNCER] RTDB: Node live/living_room_01 đã tồn tại — bỏ qua provision
2026-04-30 18:09:23 [INFO][SYNCER] === AUTO-PROVISIONING HOÀN TẤT (3 rooms) ===
2026-04-30 18:09:23 [INFO][SYNCER] Synced 3 rooms to Firestore (userId=aN2XKzWrzieBhBsOFhp7zFzHQaG3)
2026-04-30 18:09:23 [INFO][SYNCER] Redis subscriber started (channels: ['realtime_data', 'device_status', 'safety_alert', 'wifi_status'])
2026-04-30 18:09:23 [INFO][SYNCER] CommandDispatcher started
2026-04-30 18:09:23 [INFO][SYNCER] Sensor history flush loop started (interval: 180s)
2026-04-30 18:09:23 [INFO][SYNCER] MQTT inbound bridge started
2026-04-30 18:09:45 [INFO][SYNCER] Dispatched cmd 'bcKHoRP1WUh7cKcXRHLR' [turn_on] → Redis[device_commands]
2026-04-30 18:09:51 [INFO][SYNCER] Dispatched cmd 'LilZlpbTMWV7TXhNEg1e' [turn_off] → Redis[device_commands]
2026-04-30 18:09:53 [INFO][SYNCER] Dispatched cmd 'JT7Xqpsd0tcm5K9kzzTW' [turn_on] → Redis[device_commands]
2026-04-30 18:09:58 [INFO][SYNCER] Dispatched cmd 'rgrZ8onn6cT2Pqy0s3lz' [turn_off] → Redis[device_commands]
2026-04-30 18:10:03 [INFO][SYNCER] Dispatched cmd '3lVmvluvP1YvraH1xGC3' [turn_on] → Redis[device_commands]
2026-04-30 18:10:07 [INFO][SYNCER] Dispatched cmd '7dLMdraND70hfUNc6oO5' [turn_off] → Redis[device_commands]
2026-04-30 18:10:15 [INFO][SYNCER] Dispatched cmd 'PFh3vKa4dqIRSTFTHP6H' [turn_on] → Redis[device_commands]
2026-04-30 18:10:17 [INFO][SYNCER] Dispatched cmd '0G3kSztz4kCLpXAMhQB8' [turn_off] → Redis[device_commands]
2026-04-30 18:10:24 [INFO][SYNCER] Dispatched cmd 'BfNNR3amVQEI4Tx8ARJt' [turn_on] → Redis[device_commands]
2026-04-30 18:10:30 [INFO][SYNCER] Dispatched cmd 'aMao9rX14yFevvWXG0Lp' [turn_on] → Redis[device_commands]
2026-04-30 18:18:52 [INFO][SYNCER] SyncWorker starting...
2026-04-30 18:18:52 [INFO][SYNCER] Waiting for SD2 (timeout 300s before degraded mode)...
2026-04-30 18:18:53 [INFO][SYNCER] =======================================================
2026-04-30 18:18:53 [INFO][SYNCER] firebase_sync v2 starting — project: nhathongminh-myhome
2026-04-30 18:18:53 [INFO][SYNCER] Storage: RTDB=sensors (hot) | Firestore=rooms/devices/alerts (structured)
2026-04-30 18:18:53 [INFO][SYNCER] =======================================================
2026-04-30 18:18:53 [INFO][SYNCER] Firebase khởi tạo từ service account file
2026-04-30 18:18:53 [INFO][SYNCER] Firestore client sẵn sàng
2026-04-30 18:18:53 [INFO][SYNCER] RTDB client sẵn sàng (databaseURL: https://nhathongminh-myhome-default-rtdb.asia-southeast1.firebasedatabase.app)
2026-04-30 18:18:53 [INFO][SYNCER] Redis connected at localhost:6379
2026-04-30 18:18:53 [INFO][SYNCER] Chạy auto-provisioning...
2026-04-30 18:18:53 [INFO][SYNCER] === AUTO-PROVISIONING BẮT ĐẦU ===
=======================================================
  SmartHome Gateway — Starting
=======================================================
[MAIN] DB schema applied
[MAIN] DB init complete
[BUS] MessageBus started
[BUS] MQTT connected & subscribed
[WATCHDOG] Safety watchdog started
[NET] Network watchdog started (NTP-only, no RTC)
[BUS] Outbound loop started
[NET] Internet: ON
[NET] NTP already synchronized via systemd-timesyncd
[MAIN] FirebaseSync worker started
[MAIN] All workers started
[BRIDGE] Realtime bridge started
[AUTO] Cache loaded: 3 rules, 0 schedules
[SCHEDULER] Started
[API] Registered /api: auth
[API] Registered /api: sensors
[API] Registered /api: devices
[AUTO] Command listener started
[API] Registered /api: automation
[API] Registered /api: logs
[API] Registered /api: rfid
[API] Registered /api: wifi
[API] Registered /api: ota
[API] Registered /api: system
=======================================================
[MAIN] Gateway LIVE → http://0.0.0.0:5000/
[MAIN] API prefix:  http://0.0.0.0:5000/api/
=======================================================
 * Serving Flask app 'gateway_main'
 * Debug mode: off
2026-04-30 18:18:53 [INFO][SYNCER] [31m[1mWARNING: This is a development server. Do not use it in a production deployment. Use a production WSGI server instead.[0m
 * Running on all addresses (0.0.0.0)
 * Running on http://127.0.0.1:5000
 * Running on http://192.168.1.11:5000
2026-04-30 18:18:53 [INFO][SYNCER] [33mPress CTRL+C to quit[0m
2026-04-30 18:18:54 [INFO][SYNCER] RTDB: Node live/bedroom_01 đã tồn tại — bỏ qua provision
2026-04-30 18:18:54 [INFO][SYNCER] Firestore: Tạo rooms/bedroom_01
2026-04-30 18:18:55 [INFO][SYNCER]   Firestore: Tạo device bedroom_01/fan_bd_1
2026-04-30 18:18:55 [INFO][SYNCER]   Firestore: Tạo device bedroom_01/light_bd_1
2026-04-30 18:18:55 [INFO][SYNCER] RTDB: Node live/kitchen_01 đã tồn tại — bỏ qua provision
2026-04-30 18:18:55 [INFO][SYNCER] Firestore: Tạo rooms/kitchen_01
2026-04-30 18:18:56 [INFO][SYNCER]   Firestore: Tạo device kitchen_01/fan_kt_1
2026-04-30 18:18:56 [INFO][SYNCER]   Firestore: Tạo device kitchen_01/light_kt_1
2026-04-30 18:18:56 [INFO][SYNCER] RTDB: Node live/living_room_01 đã tồn tại — bỏ qua provision
2026-04-30 18:18:56 [INFO][SYNCER] Firestore: Tạo rooms/living_room_01
2026-04-30 18:18:56 [INFO][SYNCER]   Firestore: Tạo device living_room_01/fan_lv_1
2026-04-30 18:18:57 [INFO][SYNCER]   Firestore: Tạo device living_room_01/light_lv_1
2026-04-30 18:18:57 [INFO][SYNCER] === AUTO-PROVISIONING HOÀN TẤT (3 rooms) ===
2026-04-30 18:18:57 [INFO][SYNCER] Synced 3 rooms to Firestore (userId=aN2XKzWrzieBhBsOFhp7zFzHQaG3)
2026-04-30 18:18:57 [INFO][SYNCER] Redis subscriber started (channels: ['realtime_data', 'device_status', 'safety_alert', 'wifi_status'])
2026-04-30 18:18:57 [INFO][SYNCER] CommandDispatcher started
2026-04-30 18:18:57 [INFO][SYNCER] Sensor history flush loop started (interval: 180s)
2026-04-30 18:18:57 [INFO][SYNCER] MQTT inbound bridge started
2026-04-30 18:21:27 [INFO][SYNCER] Dispatched cmd 's8Rn3EkRJzUvyQjdHJix' [turn_on] → Redis[device_commands]
2026-04-30 18:21:31 [INFO][SYNCER] Dispatched cmd '7xmufpAbCpBM8bbcHoiI' [turn_off] → Redis[device_commands]
2026-04-30 18:21:33 [INFO][SYNCER] Dispatched cmd 'qd5OetPwN2OzICSHQxFi' [turn_on] → Redis[device_commands]
2026-04-30 18:21:37 [INFO][SYNCER] Dispatched cmd 'BpihjG9rdUJYdSWKKNQz' [turn_on] → Redis[device_commands]
2026-04-30 18:21:41 [INFO][SYNCER] Dispatched cmd 'N2kAm86QXPkk6SoFW3pr' [turn_off] → Redis[device_commands]
2026-04-30 18:21:58 [INFO][SYNCER] Firestore: Batch flush 264 sensor history rows
2026-04-30 18:21:58 [INFO][SYNCER] Flushed 264 sensor history rows to Firestore
2026-04-30 18:23:52 [INFO][SYNCER] SyncWorker running (storage: sd2)
2026-04-30 18:23:52 [INFO][SYNCER] DB rotated → /mnt/sd2/data/data_2026-04-30.db (mode: sd2)
2026-04-30 18:24:59 [INFO][SYNCER] Firestore: Batch flush 144 sensor history rows
2026-04-30 18:24:59 [INFO][SYNCER] Flushed 144 sensor history rows to Firestore
2026-04-30 18:27:27 [INFO][SYNCER] Dispatched cmd 'bdB2yOwXLHpofLfevQsC' [turn_off] → Redis[device_commands]
2026-04-30 18:27:37 [INFO][SYNCER] Dispatched cmd 'Op9Jf0UMryTVKwZD3tqd' [turn_on] → Redis[device_commands]
2026-04-30 18:28:00 [INFO][SYNCER] Firestore: Batch flush 148 sensor history rows
2026-04-30 18:28:00 [INFO][SYNCER] Flushed 148 sensor history rows to Firestore
2026-04-30 18:31:01 [INFO][SYNCER] Firestore: Batch flush 144 sensor history rows
2026-04-30 18:31:01 [INFO][SYNCER] Flushed 144 sensor history rows to Firestore
2026-04-30 18:33:17 [INFO][SYNCER] SyncWorker starting...
2026-04-30 18:33:17 [INFO][SYNCER] Waiting for SD2 (timeout 300s before degraded mode)...
2026-04-30 18:33:17 [INFO][SYNCER] =======================================================
2026-04-30 18:33:17 [INFO][SYNCER] firebase_sync v2 starting — project: nhathongminh-myhome
2026-04-30 18:33:17 [INFO][SYNCER] Storage: RTDB=sensors (hot) | Firestore=rooms/devices/alerts (structured)
2026-04-30 18:33:17 [INFO][SYNCER] =======================================================
2026-04-30 18:33:18 [INFO][SYNCER] Firebase khởi tạo từ service account file
2026-04-30 18:33:18 [INFO][SYNCER] Firestore client sẵn sàng
2026-04-30 18:33:18 [INFO][SYNCER] RTDB client sẵn sàng (databaseURL: https://nhathongminh-myhome-default-rtdb.asia-southeast1.firebasedatabase.app)
2026-04-30 18:33:18 [INFO][SYNCER] Redis connected at localhost:6379
2026-04-30 18:33:18 [INFO][SYNCER] Chạy auto-provisioning...
2026-04-30 18:33:18 [INFO][SYNCER] === AUTO-PROVISIONING BẮT ĐẦU ===
=======================================================
  SmartHome Gateway — Starting
=======================================================
[MAIN] DB schema applied
[MAIN] DB init complete
[BUS] MessageBus started
[BUS] MQTT connected & subscribed
[WATCHDOG] Safety watchdog started
[BUS] Outbound loop started
[NET] Network watchdog started (NTP-only, no RTC)
[NET] Internet: ON
[NET] NTP already synchronized via systemd-timesyncd
[MAIN] FirebaseSync worker started
[MAIN] All workers started
[BRIDGE] Realtime bridge started
[AUTO] Cache loaded: 3 rules, 0 schedules
[SCHEDULER] Started
[API] Registered /api: auth
[API] Registered /api: sensors
[API] Registered /api: devices
[API] Registered /api: automation
[API] Registered /api: logs
[API] Registered /api: rfid
[AUTO] Command listener started
[API] Registered /api: wifi
[API] Registered /api: ota
[API] Registered /api: system
=======================================================
[MAIN] Gateway LIVE → http://0.0.0.0:5000/
[MAIN] API prefix:  http://0.0.0.0:5000/api/
=======================================================
 * Serving Flask app 'gateway_main'
 * Debug mode: off
2026-04-30 18:33:18 [INFO][SYNCER] [31m[1mWARNING: This is a development server. Do not use it in a production deployment. Use a production WSGI server instead.[0m
 * Running on all addresses (0.0.0.0)
 * Running on http://127.0.0.1:5000
 * Running on http://192.168.1.11:5000
2026-04-30 18:33:18 [INFO][SYNCER] [33mPress CTRL+C to quit[0m
2026-04-30 18:33:19 [INFO][SYNCER] RTDB: Node live/bedroom_01 đã tồn tại — bỏ qua provision
2026-04-30 18:33:19 [INFO][SYNCER] RTDB: Node live/kitchen_01 đã tồn tại — bỏ qua provision
2026-04-30 18:33:20 [INFO][SYNCER] RTDB: Node live/living_room_01 đã tồn tại — bỏ qua provision
2026-04-30 18:33:21 [INFO][SYNCER] === AUTO-PROVISIONING HOÀN TẤT (3 rooms) ===
2026-04-30 18:33:21 [INFO][SYNCER] Synced 3 rooms to Firestore (userId=aN2XKzWrzieBhBsOFhp7zFzHQaG3)
2026-04-30 18:33:21 [INFO][SYNCER] Redis subscriber started (channels: ['realtime_data', 'device_status', 'safety_alert', 'wifi_status'])
2026-04-30 18:33:21 [INFO][SYNCER] CommandDispatcher started
2026-04-30 18:33:21 [INFO][SYNCER] Sensor history flush loop started (interval: 180s)
2026-04-30 18:33:21 [INFO][SYNCER] MQTT inbound bridge started
2026-04-30 18:33:31 [INFO][SYNCER] Dispatched cmd 'QpmTU1h1Kvl9CmCDJ4if' [turn_off] → Redis[device_commands]
2026-04-30 18:33:40 [INFO][SYNCER] Dispatched cmd 'h9FuIfDQE0mUrv3sOPfB' [turn_on] → Redis[device_commands]
2026-04-30 18:33:45 [INFO][SYNCER] Dispatched cmd 'hhyvCoLcWmygskoCEbDs' [turn_on] → Redis[device_commands]
2026-04-30 18:33:49 [INFO][SYNCER] Dispatched cmd '6CS6wHg5DVRTZe1xSrHW' [turn_off] → Redis[device_commands]
2026-04-30 18:33:56 [INFO][SYNCER] Dispatched cmd 'cuHvJdgPxbrWM00UM0do' [turn_on] → Redis[device_commands]
2026-04-30 18:34:06 [INFO][SYNCER] Dispatched cmd 'HXGwsV3bMVIZBMRJVtuA' [turn_off] → Redis[device_commands]
2026-04-30 18:34:07 [INFO][SYNCER] Dispatched cmd 'TnZOeii6ChN91tjBslwa' [turn_off] → Redis[device_commands]
2026-04-30 18:35:03 [INFO][SYNCER] SyncWorker starting...
2026-04-30 18:35:03 [INFO][SYNCER] Waiting for SD2 (timeout 300s before degraded mode)...
2026-04-30 18:35:04 [INFO][SYNCER] =======================================================
2026-04-30 18:35:04 [INFO][SYNCER] firebase_sync v2 starting — project: nhathongminh-myhome
2026-04-30 18:35:04 [INFO][SYNCER] Storage: RTDB=sensors (hot) | Firestore=rooms/devices/alerts (structured)
2026-04-30 18:35:04 [INFO][SYNCER] =======================================================
2026-04-30 18:35:04 [INFO][SYNCER] Firebase khởi tạo từ service account file
2026-04-30 18:35:04 [INFO][SYNCER] Firestore client sẵn sàng
2026-04-30 18:35:04 [INFO][SYNCER] RTDB client sẵn sàng (databaseURL: https://nhathongminh-myhome-default-rtdb.asia-southeast1.firebasedatabase.app)
2026-04-30 18:35:04 [INFO][SYNCER] Redis connected at localhost:6379
2026-04-30 18:35:04 [INFO][SYNCER] Chạy auto-provisioning...
2026-04-30 18:35:04 [INFO][SYNCER] === AUTO-PROVISIONING BẮT ĐẦU ===
=======================================================
  SmartHome Gateway — Starting
=======================================================
[MAIN] DB schema applied
[MAIN] DB init complete
[BUS] MessageBus started
[BUS] MQTT connected & subscribed
[WATCHDOG] Safety watchdog started
[NET] Network watchdog started (NTP-only, no RTC)
[BUS] Outbound loop started
[NET] Internet: ON
[NET] NTP already synchronized via systemd-timesyncd
[MAIN] FirebaseSync worker started
[MAIN] All workers started
[AUTO] Cache loaded: 3 rules, 0 schedules
[SCHEDULER] Started
[BRIDGE] Realtime bridge started
[AUTO] Command listener started
[API] Registered /api: auth
[API] Registered /api: sensors
[API] Registered /api: devices
[API] Registered /api: automation
[API] Registered /api: logs
[API] Registered /api: rfid
[API] Registered /api: wifi
[API] Registered /api: ota
[API] Registered /api: system
=======================================================
[MAIN] Gateway LIVE → http://0.0.0.0:5000/
[MAIN] API prefix:  http://0.0.0.0:5000/api/
=======================================================
 * Serving Flask app 'gateway_main'
 * Debug mode: off
2026-04-30 18:35:04 [INFO][SYNCER] [31m[1mWARNING: This is a development server. Do not use it in a production deployment. Use a production WSGI server instead.[0m
 * Running on all addresses (0.0.0.0)
 * Running on http://127.0.0.1:5000
 * Running on http://192.168.1.11:5000
2026-04-30 18:35:04 [INFO][SYNCER] [33mPress CTRL+C to quit[0m
2026-04-30 18:35:05 [INFO][SYNCER] RTDB: Node live/bedroom_01 đã tồn tại — bỏ qua provision
2026-04-30 18:35:06 [INFO][SYNCER] RTDB: Node live/kitchen_01 đã tồn tại — bỏ qua provision
2026-04-30 18:35:06 [INFO][SYNCER] RTDB: Node live/living_room_01 đã tồn tại — bỏ qua provision
2026-04-30 18:35:07 [INFO][SYNCER] === AUTO-PROVISIONING HOÀN TẤT (3 rooms) ===
2026-04-30 18:35:07 [INFO][SYNCER] Synced 3 rooms to Firestore (userId=aN2XKzWrzieBhBsOFhp7zFzHQaG3)
2026-04-30 18:35:07 [INFO][SYNCER] Redis subscriber started (channels: ['realtime_data', 'device_status', 'safety_alert', 'wifi_status'])
2026-04-30 18:35:07 [INFO][SYNCER] CommandDispatcher started
2026-04-30 18:35:07 [INFO][SYNCER] Sensor history flush loop started (interval: 180s)
2026-04-30 18:35:07 [INFO][SYNCER] MQTT inbound bridge started
2026-04-30 18:36:05 [INFO][SYNCER] Dispatched cmd '2cwsjBoD1Xr4GvZRGDqt' [turn_on] → Redis[device_commands]
2026-04-30 18:36:24 [INFO][SYNCER] Dispatched cmd 'D5C5bCEMSffAWeG87Kqf' [turn_off] → Redis[device_commands]
2026-04-30 18:36:34 [INFO][SYNCER] Dispatched cmd 'Sf9s72c6VPDqJruybHXR' [turn_on] → Redis[device_commands]
2026-04-30 18:36:36 [INFO][SYNCER] Dispatched cmd 'bEaMr0XitPCT7QHFrsMs' [turn_off] → Redis[device_commands]
2026-04-30 18:37:07 [INFO][SYNCER] Dispatched cmd 'bVFATS4lyhsFLHjc3FSL' [turn_on] → Redis[device_commands]
2026-04-30 18:37:13 [INFO][SYNCER] Dispatched cmd 'OfGrMPaGvpUdjltcT0sd' [turn_off] → Redis[device_commands]
2026-04-30 18:37:16 [INFO][SYNCER] Dispatched cmd 'qyCCCrnJMQa4XbSCtufQ' [turn_on] → Redis[device_commands]
2026-04-30 18:38:08 [INFO][SYNCER] Firestore: Batch flush 276 sensor history rows
2026-04-30 18:38:08 [INFO][SYNCER] Flushed 276 sensor history rows to Firestore
2026-04-30 18:40:03 [INFO][SYNCER] SyncWorker running (storage: sd2)
2026-04-30 18:40:03 [INFO][SYNCER] DB rotated → /mnt/sd2/data/data_2026-04-30.db (mode: sd2)
2026-04-30 18:41:09 [INFO][SYNCER] Firestore: Batch flush 144 sensor history rows
2026-04-30 18:41:09 [INFO][SYNCER] Flushed 144 sensor history rows to Firestore
2026-04-30 18:44:10 [INFO][SYNCER] Firestore: Batch flush 148 sensor history rows
2026-04-30 18:44:10 [INFO][SYNCER] Flushed 148 sensor history rows to Firestore
2026-04-30 18:47:10 [INFO][SYNCER] Firestore: Batch flush 144 sensor history rows
2026-04-30 18:47:10 [INFO][SYNCER] Flushed 144 sensor history rows to Firestore
2026-04-30 18:50:11 [INFO][SYNCER] Firestore: Batch flush 144 sensor history rows
2026-04-30 18:50:11 [INFO][SYNCER] Flushed 144 sensor history rows to Firestore
2026-04-30 18:53:12 [INFO][SYNCER] Firestore: Batch flush 144 sensor history rows
2026-04-30 18:53:12 [INFO][SYNCER] Flushed 144 sensor history rows to Firestore
2026-04-30 19:00:56 [INFO][SYNCER] SyncWorker starting...
2026-04-30 19:00:56 [INFO][SYNCER] Waiting for SD2 (timeout 300s before degraded mode)...
2026-04-30 19:00:57 [INFO][SYNCER] =======================================================
2026-04-30 19:00:57 [INFO][SYNCER] firebase_sync v2 starting — project: nhathongminh-myhome
2026-04-30 19:00:57 [INFO][SYNCER] Storage: RTDB=sensors (hot) | Firestore=rooms/devices/alerts (structured)
2026-04-30 19:00:57 [INFO][SYNCER] =======================================================
2026-04-30 19:00:57 [INFO][SYNCER] Firebase khởi tạo từ service account file
2026-04-30 19:00:57 [INFO][SYNCER] Firestore client sẵn sàng
2026-04-30 19:00:57 [INFO][SYNCER] RTDB client sẵn sàng (databaseURL: https://nhathongminh-myhome-default-rtdb.asia-southeast1.firebasedatabase.app)
2026-04-30 19:00:57 [INFO][SYNCER] Redis connected at localhost:6379
2026-04-30 19:00:57 [INFO][SYNCER] Chạy auto-provisioning...
2026-04-30 19:00:57 [INFO][SYNCER] === AUTO-PROVISIONING BẮT ĐẦU ===
=======================================================
  SmartHome Gateway — Starting
=======================================================
[MAIN] DB schema applied
[MAIN] DB init complete
[BUS] MessageBus started
[BUS] MQTT connected & subscribed
[WATCHDOG] Safety watchdog started
[NET] Network watchdog started (NTP-only, no RTC)
[BUS] Outbound loop started
[NET] Internet: ON
[NET] NTP already synchronized via systemd-timesyncd
[MAIN] FirebaseSync worker started
[MAIN] All workers started
[BRIDGE] Realtime bridge started
[AUTO] Cache loaded: 3 rules, 0 schedules
[SCHEDULER] Started
[AUTO] Command listener started
[API] Registered /api: auth
[API] Registered /api: sensors
[API] Registered /api: devices
[API] Registered /api: automation
[API] Registered /api: logs
[API] Registered /api: rfid
[API] Registered /api: wifi
[API] Registered /api: ota
[API] Registered /api: system
=======================================================
[MAIN] Gateway LIVE → http://0.0.0.0:5000/
[MAIN] API prefix:  http://0.0.0.0:5000/api/
=======================================================
 * Serving Flask app 'gateway_main'
 * Debug mode: off
2026-04-30 19:00:57 [INFO][SYNCER] [31m[1mWARNING: This is a development server. Do not use it in a production deployment. Use a production WSGI server instead.[0m
 * Running on all addresses (0.0.0.0)
 * Running on http://127.0.0.1:5000
 * Running on http://192.168.1.11:5000
2026-04-30 19:00:57 [INFO][SYNCER] [33mPress CTRL+C to quit[0m
2026-04-30 19:00:58 [INFO][SYNCER] RTDB: Node live/bedroom_01 đã tồn tại — bỏ qua provision
2026-04-30 19:00:58 [INFO][SYNCER] RTDB: Node live/kitchen_01 đã tồn tại — bỏ qua provision
2026-04-30 19:00:59 [INFO][SYNCER] RTDB: Node live/living_room_01 đã tồn tại — bỏ qua provision
2026-04-30 19:00:59 [INFO][SYNCER] === AUTO-PROVISIONING HOÀN TẤT (3 rooms) ===
2026-04-30 19:00:59 [INFO][SYNCER] Synced 3 rooms to Firestore (userId=aN2XKzWrzieBhBsOFhp7zFzHQaG3)
2026-04-30 19:00:59 [INFO][SYNCER] Redis subscriber started (channels: ['realtime_data', 'device_status', 'safety_alert', 'wifi_status'])
2026-04-30 19:00:59 [INFO][SYNCER] CommandDispatcher started
2026-04-30 19:00:59 [INFO][SYNCER] Sensor history flush loop started (interval: 180s)
2026-04-30 19:00:59 [INFO][SYNCER] MQTT inbound bridge started
2026-04-30 19:01:00 [INFO][SYNCER] ==> DISPATCH: XMpP7U2Ix14RBMZmrM1V [turn_off] -> Redis[device_commands]
2026-04-30 19:01:00 [ERROR][SYNCER] Critical Dispatch Error cho lệnh XMpP7U2Ix14RBMZmrM1V: 'CommandDispatcher' object has no attribute 'fs'
2026-04-30 19:01:27 [INFO][SYNCER] ==> DISPATCH: MJAlFAYyssDWlZ1o3e8a [turn_on] -> Redis[device_commands]
2026-04-30 19:01:27 [ERROR][SYNCER] Critical Dispatch Error cho lệnh MJAlFAYyssDWlZ1o3e8a: 'CommandDispatcher' object has no attribute 'fs'
2026-04-30 19:01:30 [INFO][SYNCER] ==> DISPATCH: wI3xnSnXtIGacYYYVGVI [turn_on] -> Redis[device_commands]
2026-04-30 19:01:30 [ERROR][SYNCER] Critical Dispatch Error cho lệnh wI3xnSnXtIGacYYYVGVI: 'CommandDispatcher' object has no attribute 'fs'
2026-04-30 19:01:34 [INFO][SYNCER] ==> DISPATCH: g0AlNXagrKu5pldfLXUt [turn_off] -> Redis[device_commands]
2026-04-30 19:01:34 [ERROR][SYNCER] Critical Dispatch Error cho lệnh g0AlNXagrKu5pldfLXUt: 'CommandDispatcher' object has no attribute 'fs'
2026-04-30 19:01:37 [INFO][SYNCER] ==> DISPATCH: e97mXnIWisVaSen7oimA [turn_off] -> Redis[device_commands]
2026-04-30 19:01:37 [ERROR][SYNCER] Critical Dispatch Error cho lệnh e97mXnIWisVaSen7oimA: 'CommandDispatcher' object has no attribute 'fs'
2026-04-30 19:48:02 [INFO][SYNCER] SyncWorker starting...
2026-04-30 19:48:02 [INFO][SYNCER] Waiting for SD2 (timeout 300s before degraded mode)...
2026-04-30 19:48:02 [INFO][SYNCER] =======================================================
2026-04-30 19:48:02 [INFO][SYNCER] firebase_sync v2 starting — project: nhathongminh-myhome
2026-04-30 19:48:02 [INFO][SYNCER] Storage: RTDB=sensors (hot) | Firestore=rooms/devices/alerts (structured)
2026-04-30 19:48:02 [INFO][SYNCER] =======================================================
2026-04-30 19:48:03 [INFO][SYNCER] Sử dụng Service Account: /home/pi/smarthome_prj/GATEWAY/firebase-service-account.json
2026-04-30 19:48:03 [INFO][SYNCER] Firebase khởi tạo thành công với Service Account.
2026-04-30 19:48:03 [INFO][SYNCER] Redis connected at localhost:6379
2026-04-30 19:48:03 [INFO][SYNCER] Chạy auto-provisioning...
2026-04-30 19:48:03 [INFO][SYNCER] === AUTO-PROVISIONING BẮT ĐẦU ===
=======================================================
  SmartHome Gateway — Starting
=======================================================
[MAIN] DB schema applied
[MAIN] DB init complete
[BUS] MessageBus started
[BUS] MQTT connected & subscribed
[WATCHDOG] Safety watchdog started
[NET] Network watchdog started (NTP-only, no RTC)
[BUS] Outbound loop started
[NET] Internet: ON
[NET] NTP already synchronized via systemd-timesyncd
[MAIN] FirebaseSync worker started
[MAIN] All workers started
[BRIDGE] Realtime bridge started
[API] Registered /api: auth
[AUTO] Cache loaded: 3 rules, 0 schedules
[SCHEDULER] Started
[API] Registered /api: sensors
[API] Registered /api: devices
[API] Registered /api: automation
[API] Registered /api: logs
[API] Registered /api: rfid
[AUTO] Command listener started
[API] Registered /api: wifi
[API] Registered /api: ota
[API] Registered /api: system
=======================================================
[MAIN] Gateway LIVE → http://0.0.0.0:5000/
[MAIN] API prefix:  http://0.0.0.0:5000/api/
=======================================================
 * Serving Flask app 'gateway_main'
 * Debug mode: off
2026-04-30 19:48:03 [INFO][SYNCER] [31m[1mWARNING: This is a development server. Do not use it in a production deployment. Use a production WSGI server instead.[0m
 * Running on all addresses (0.0.0.0)
 * Running on http://127.0.0.1:5000
 * Running on http://192.168.1.11:5000
2026-04-30 19:48:03 [INFO][SYNCER] [33mPress CTRL+C to quit[0m
2026-04-30 19:48:04 [INFO][SYNCER] RTDB: Node live/bedroom_01 đã tồn tại — bỏ qua provision
2026-04-30 19:48:05 [INFO][SYNCER] RTDB: Node live/kitchen_01 đã tồn tại — bỏ qua provision
2026-04-30 19:48:05 [INFO][SYNCER] RTDB: Node live/living_room_01 đã tồn tại — bỏ qua provision
2026-04-30 19:48:06 [INFO][SYNCER] === AUTO-PROVISIONING HOÀN TẤT (3 rooms) ===
2026-04-30 19:48:07 [INFO][SYNCER] Synced 3 rooms to Firestore (userId=aN2XKzWrzieBhBsOFhp7zFzHQaG3)
2026-04-30 19:48:07 [INFO][SYNCER] Redis subscriber started (channels: ['realtime_data', 'device_status', 'safety_alert', 'wifi_status'])
2026-04-30 19:48:07 [INFO][SYNCER] CommandDispatcher started
2026-04-30 19:48:07 [INFO][SYNCER] Sensor history flush loop started (interval: 180s)
2026-04-30 19:48:07 [INFO][SYNCER] MQTT inbound bridge started
2026-04-30 19:48:20 [INFO][SYNCER] ==> DISPATCH: nn3tkGlQhPsZ6IeMehbf [turn_on] -> Redis[device_commands]
2026-04-30 19:48:20 [INFO][SYNCER] ==> CLEANUP: Đã xóa lệnh nn3tkGlQhPsZ6IeMehbf khỏi Firestore.
2026-04-30 19:48:22 [INFO][SYNCER] ==> DISPATCH: xEzw4l9Uwdjv4iGtOvav [turn_off] -> Redis[device_commands]
2026-04-30 19:48:22 [INFO][SYNCER] ==> CLEANUP: Đã xóa lệnh xEzw4l9Uwdjv4iGtOvav khỏi Firestore.
2026-04-30 19:48:25 [INFO][SYNCER] ==> DISPATCH: jnAMwa4yJAj5o0XYNuOy [turn_on] -> Redis[device_commands]
2026-04-30 19:48:25 [INFO][SYNCER] ==> CLEANUP: Đã xóa lệnh jnAMwa4yJAj5o0XYNuOy khỏi Firestore.
2026-04-30 19:48:28 [INFO][SYNCER] ==> DISPATCH: sfhRdW8zobldM5XCY2ty [turn_off] -> Redis[device_commands]
2026-04-30 19:48:28 [INFO][SYNCER] ==> CLEANUP: Đã xóa lệnh sfhRdW8zobldM5XCY2ty khỏi Firestore.
2026-04-30 19:48:31 [INFO][SYNCER] ==> DISPATCH: 2VNUqOIreKjBB7S6YzQr [turn_on] -> Redis[device_commands]
2026-04-30 19:48:31 [INFO][SYNCER] ==> CLEANUP: Đã xóa lệnh 2VNUqOIreKjBB7S6YzQr khỏi Firestore.
2026-04-30 19:48:34 [INFO][SYNCER] ==> DISPATCH: 44AVvzcIH9gw8UAkisqb [turn_off] -> Redis[device_commands]
2026-04-30 19:48:35 [INFO][SYNCER] ==> CLEANUP: Đã xóa lệnh 44AVvzcIH9gw8UAkisqb khỏi Firestore.
2026-04-30 19:49:35 [INFO][SYNCER] SyncWorker starting...
2026-04-30 19:49:35 [INFO][SYNCER] Waiting for SD2 (timeout 300s before degraded mode)...
2026-04-30 19:49:35 [INFO][SYNCER] =======================================================
2026-04-30 19:49:35 [INFO][SYNCER] firebase_sync v2 starting — project: nhathongminh-myhome
2026-04-30 19:49:35 [INFO][SYNCER] Storage: RTDB=sensors (hot) | Firestore=rooms/devices/alerts (structured)
2026-04-30 19:49:35 [INFO][SYNCER] =======================================================
2026-04-30 19:49:36 [INFO][SYNCER] Sử dụng Service Account: /home/pi/smarthome_prj/GATEWAY/firebase-service-account.json
2026-04-30 19:49:36 [INFO][SYNCER] Firebase khởi tạo thành công với Service Account.
2026-04-30 19:49:36 [INFO][SYNCER] Redis connected at localhost:6379
2026-04-30 19:49:36 [INFO][SYNCER] Chạy auto-provisioning...
2026-04-30 19:49:36 [INFO][SYNCER] === AUTO-PROVISIONING BẮT ĐẦU ===
=======================================================
  SmartHome Gateway — Starting
=======================================================
[MAIN] DB schema applied
[MAIN] DB init complete
[BUS] MessageBus started
[BUS] MQTT connected & subscribed
[WATCHDOG] Safety watchdog started
[BUS] Outbound loop started
[NET] Network watchdog started (NTP-only, no RTC)
[NET] Internet: ON
[NET] NTP already synchronized via systemd-timesyncd
[MAIN] FirebaseSync worker started
[MAIN] All workers started
[BRIDGE] Realtime bridge started
[AUTO] Cache loaded: 3 rules, 0 schedules
[SCHEDULER] Started
[API] Registered /api: auth
[API] Registered /api: sensors
[API] Registered /api: devices
[API] Registered /api: automation
[API] Registered /api: logs
[AUTO] Command listener started
[API] Registered /api: rfid
[API] Registered /api: wifi
[API] Registered /api: ota
[API] Registered /api: system
=======================================================
[MAIN] Gateway LIVE → http://0.0.0.0:5000/
[MAIN] API prefix:  http://0.0.0.0:5000/api/
=======================================================
 * Serving Flask app 'gateway_main'
 * Debug mode: off
2026-04-30 19:49:36 [INFO][SYNCER] [31m[1mWARNING: This is a development server. Do not use it in a production deployment. Use a production WSGI server instead.[0m
 * Running on all addresses (0.0.0.0)
 * Running on http://127.0.0.1:5000
 * Running on http://192.168.1.11:5000
2026-04-30 19:49:36 [INFO][SYNCER] [33mPress CTRL+C to quit[0m
2026-04-30 19:49:36 [INFO][SYNCER] RTDB: Node live/bedroom_01 đã tồn tại — bỏ qua provision
2026-04-30 19:49:37 [INFO][SYNCER] RTDB: Node live/kitchen_01 đã tồn tại — bỏ qua provision
2026-04-30 19:49:38 [INFO][SYNCER] RTDB: Node live/living_room_01 đã tồn tại — bỏ qua provision
2026-04-30 19:49:39 [INFO][SYNCER] === AUTO-PROVISIONING HOÀN TẤT (3 rooms) ===
2026-04-30 19:49:39 [INFO][SYNCER] Synced 3 rooms to Firestore (userId=aN2XKzWrzieBhBsOFhp7zFzHQaG3)
2026-04-30 19:49:39 [INFO][SYNCER] Redis subscriber started (channels: ['realtime_data', 'device_status', 'safety_alert', 'wifi_status'])
2026-04-30 19:49:39 [INFO][SYNCER] CommandDispatcher started
2026-04-30 19:49:39 [INFO][SYNCER] Sensor history flush loop started (interval: 180s)
2026-04-30 19:49:39 [INFO][SYNCER] MQTT inbound bridge started
2026-04-30 19:49:57 [INFO][SYNCER] ==> DISPATCH: jCmp3g0AxMn7HcsrD0MB [turn_on] -> Redis[device_commands]
2026-04-30 19:49:57 [INFO][SYNCER] ==> CLEANUP: Đã xóa lệnh jCmp3g0AxMn7HcsrD0MB khỏi Firestore.
2026-04-30 19:50:00 [INFO][SYNCER] ==> DISPATCH: AAVgRfctgY10YVr6zQdn [turn_off] -> Redis[device_commands]
2026-04-30 19:50:00 [INFO][SYNCER] ==> CLEANUP: Đã xóa lệnh AAVgRfctgY10YVr6zQdn khỏi Firestore.
2026-04-30 19:50:06 [INFO][SYNCER] ==> DISPATCH: 2luU4QqDE6RD10qpZcPT [turn_on] -> Redis[device_commands]
2026-04-30 19:50:06 [INFO][SYNCER] ==> CLEANUP: Đã xóa lệnh 2luU4QqDE6RD10qpZcPT khỏi Firestore.
2026-04-30 19:50:09 [INFO][SYNCER] ==> DISPATCH: ZNe23QBlCMI84Mu5yZAE [turn_on] -> Redis[device_commands]
2026-04-30 19:50:10 [INFO][SYNCER] ==> CLEANUP: Đã xóa lệnh ZNe23QBlCMI84Mu5yZAE khỏi Firestore.
2026-04-30 19:51:49 [INFO][SYNCER] SyncWorker starting...
2026-04-30 19:51:49 [INFO][SYNCER] Waiting for SD2 (timeout 300s before degraded mode)...
2026-04-30 19:51:50 [INFO][SYNCER] =======================================================
2026-04-30 19:51:50 [INFO][SYNCER] firebase_sync v2 starting — project: nhathongminh-myhome
2026-04-30 19:51:50 [INFO][SYNCER] Storage: RTDB=sensors (hot) | Firestore=rooms/devices/alerts (structured)
2026-04-30 19:51:50 [INFO][SYNCER] =======================================================
2026-04-30 19:51:50 [INFO][SYNCER] Sử dụng Service Account: /home/pi/smarthome_prj/GATEWAY/firebase-service-account.json
2026-04-30 19:51:50 [INFO][SYNCER] Firebase khởi tạo thành công với Service Account.
2026-04-30 19:51:50 [INFO][SYNCER] Redis connected at localhost:6379
2026-04-30 19:51:50 [INFO][SYNCER] Chạy auto-provisioning...
2026-04-30 19:51:50 [INFO][SYNCER] === AUTO-PROVISIONING BẮT ĐẦU ===
=======================================================
  SmartHome Gateway — Starting
=======================================================
[MAIN] DB schema applied
[MAIN] DB init complete
[BUS] MessageBus started
[BUS] MQTT connected & subscribed
[WATCHDOG] Safety watchdog started
[BUS] Outbound loop started
[NET] Network watchdog started (NTP-only, no RTC)
[NET] Internet: ON
[NET] NTP already synchronized via systemd-timesyncd
[MAIN] FirebaseSync worker started
[MAIN] All workers started
[BRIDGE] Realtime bridge started
[AUTO] Cache loaded: 3 rules, 0 schedules
[SCHEDULER] Started
[API] Registered /api: auth
[AUTO] Command listener started
[API] Registered /api: sensors
[API] Registered /api: devices
[API] Registered /api: automation
[API] Registered /api: logs
[API] Registered /api: rfid
[API] Registered /api: wifi
[API] Registered /api: ota
[API] Registered /api: system
=======================================================
[MAIN] Gateway LIVE → http://0.0.0.0:5000/
[MAIN] API prefix:  http://0.0.0.0:5000/api/
=======================================================
 * Serving Flask app 'gateway_main'
 * Debug mode: off
2026-04-30 19:51:50 [INFO][SYNCER] [31m[1mWARNING: This is a development server. Do not use it in a production deployment. Use a production WSGI server instead.[0m
 * Running on all addresses (0.0.0.0)
 * Running on http://127.0.0.1:5000
 * Running on http://192.168.1.11:5000
2026-04-30 19:51:50 [INFO][SYNCER] [33mPress CTRL+C to quit[0m
2026-04-30 19:51:51 [INFO][SYNCER] RTDB: Node live/bedroom_01 đã tồn tại — bỏ qua provision
2026-04-30 19:51:52 [INFO][SYNCER] RTDB: Node live/kitchen_01 đã tồn tại — bỏ qua provision
2026-04-30 19:51:53 [INFO][SYNCER] RTDB: Node live/living_room_01 đã tồn tại — bỏ qua provision
2026-04-30 19:51:53 [INFO][SYNCER] === AUTO-PROVISIONING HOÀN TẤT (3 rooms) ===
2026-04-30 19:51:54 [INFO][SYNCER] Synced 3 rooms to Firestore (userId=aN2XKzWrzieBhBsOFhp7zFzHQaG3)
2026-04-30 19:51:54 [INFO][SYNCER] Redis subscriber started (channels: ['realtime_data', 'device_status', 'safety_alert', 'wifi_status'])
2026-04-30 19:51:54 [INFO][SYNCER] CommandDispatcher started
2026-04-30 19:51:54 [INFO][SYNCER] Sensor history flush loop started (interval: 180s)
2026-04-30 19:51:54 [INFO][SYNCER] MQTT inbound bridge started
2026-04-30 19:54:24 [INFO][SYNCER] SyncWorker starting...
2026-04-30 19:54:24 [INFO][SYNCER] Waiting for SD2 (timeout 300s before degraded mode)...
2026-04-30 19:54:25 [INFO][SYNCER] =======================================================
2026-04-30 19:54:25 [INFO][SYNCER] firebase_sync v2 starting — project: nhathongminh-myhome
2026-04-30 19:54:25 [INFO][SYNCER] Storage: RTDB=sensors (hot) | Firestore=rooms/devices/alerts (structured)
2026-04-30 19:54:25 [INFO][SYNCER] =======================================================
2026-04-30 19:54:25 [INFO][SYNCER] Sử dụng Service Account: /home/pi/smarthome_prj/GATEWAY/firebase-service-account.json
2026-04-30 19:54:25 [INFO][SYNCER] Firebase khởi tạo thành công với Service Account.
2026-04-30 19:54:25 [INFO][SYNCER] Redis connected at localhost:6379
2026-04-30 19:54:25 [INFO][SYNCER] Chạy auto-provisioning...
2026-04-30 19:54:25 [INFO][SYNCER] === AUTO-PROVISIONING BẮT ĐẦU ===
=======================================================
  SmartHome Gateway — Starting
=======================================================
[MAIN] DB schema applied
[MAIN] DB init complete
[BUS] MessageBus started
[BUS] MQTT connected & subscribed
[WATCHDOG] Safety watchdog started
[NET] Network watchdog started (NTP-only, no RTC)
[BUS] Outbound loop started
[NET] Internet: ON
[NET] NTP already synchronized via systemd-timesyncd
[MAIN] FirebaseSync worker started
[MAIN] All workers started
[BRIDGE] Realtime bridge started
[AUTO] Cache loaded: 3 rules, 0 schedules
[API] Registered /api: auth
[SCHEDULER] Started
[API] Registered /api: sensors
[API] Registered /api: devices
[API] Registered /api: automation
[API] Registered /api: logs
[API] Registered /api: rfid
[API] Registered /api: wifi
[AUTO] Command listener started
[API] Registered /api: ota
[API] Registered /api: system
=======================================================
[MAIN] Gateway LIVE → http://0.0.0.0:5000/
[MAIN] API prefix:  http://0.0.0.0:5000/api/
=======================================================
 * Serving Flask app 'gateway_main'
 * Debug mode: off
2026-04-30 19:54:25 [INFO][SYNCER] [31m[1mWARNING: This is a development server. Do not use it in a production deployment. Use a production WSGI server instead.[0m
 * Running on all addresses (0.0.0.0)
 * Running on http://127.0.0.1:5000
 * Running on http://192.168.1.11:5000
2026-04-30 19:54:25 [INFO][SYNCER] [33mPress CTRL+C to quit[0m
2026-04-30 19:54:26 [INFO][SYNCER] RTDB: Node live/bedroom_01 đã tồn tại — bỏ qua provision
2026-04-30 19:54:26 [INFO][SYNCER] Firestore: Tạo rooms/bedroom_01
2026-04-30 19:54:27 [INFO][SYNCER]   Firestore: Tạo device bedroom_01/fan_bd_1
2026-04-30 19:54:27 [INFO][SYNCER]   Firestore: Tạo device bedroom_01/light_bd_1
2026-04-30 19:54:27 [INFO][SYNCER] RTDB: Node live/kitchen_01 đã tồn tại — bỏ qua provision
2026-04-30 19:54:27 [INFO][SYNCER] Firestore: Tạo rooms/kitchen_01
2026-04-30 19:54:27 [INFO][SYNCER]   Firestore: Tạo device kitchen_01/fan_kt_1
2026-04-30 19:54:27 [INFO][SYNCER]   Firestore: Tạo device kitchen_01/light_kt_1
2026-04-30 19:54:27 [INFO][SYNCER] RTDB: Node live/living_room_01 đã tồn tại — bỏ qua provision
2026-04-30 19:54:27 [INFO][SYNCER] Firestore: Tạo rooms/living_room_01
2026-04-30 19:54:28 [INFO][SYNCER]   Firestore: Tạo device living_room_01/fan_lv_1
2026-04-30 19:54:28 [INFO][SYNCER]   Firestore: Tạo device living_room_01/light_lv_1
2026-04-30 19:54:28 [INFO][SYNCER] Firestore: Tạo system_status/wifi
2026-04-30 19:54:28 [INFO][SYNCER] Firestore: Tạo system_status/available_wifi
2026-04-30 19:54:28 [INFO][SYNCER] === AUTO-PROVISIONING HOÀN TẤT (3 rooms) ===
2026-04-30 19:54:28 [INFO][SYNCER] Synced 3 rooms to Firestore (userId=aN2XKzWrzieBhBsOFhp7zFzHQaG3)
2026-04-30 19:54:28 [INFO][SYNCER] Redis subscriber started (channels: ['realtime_data', 'device_status', 'safety_alert', 'wifi_status'])
2026-04-30 19:54:28 [INFO][SYNCER] CommandDispatcher started
2026-04-30 19:54:28 [INFO][SYNCER] Sensor history flush loop started (interval: 180s)
2026-04-30 19:54:28 [INFO][SYNCER] MQTT inbound bridge started
2026-04-30 19:54:42 [INFO][SYNCER] ==> DISPATCH: Z2gB6acrjo9W3X3e0u5X [turn_on] -> Redis[device_commands]
2026-04-30 19:54:42 [INFO][SYNCER] ==> CLEANUP: Đã xóa lệnh Z2gB6acrjo9W3X3e0u5X khỏi Firestore.
2026-04-30 19:54:44 [INFO][SYNCER] ==> DISPATCH: h08aIKwGuvzbFN8hFX6q [turn_on] -> Redis[device_commands]
2026-04-30 19:54:44 [INFO][SYNCER] ==> CLEANUP: Đã xóa lệnh h08aIKwGuvzbFN8hFX6q khỏi Firestore.
2026-04-30 19:54:46 [INFO][SYNCER] ==> DISPATCH: aN77Q2cNXsnPpzFYYKLz [turn_off] -> Redis[device_commands]
2026-04-30 19:54:46 [INFO][SYNCER] ==> CLEANUP: Đã xóa lệnh aN77Q2cNXsnPpzFYYKLz khỏi Firestore.
2026-04-30 19:54:47 [INFO][SYNCER] ==> DISPATCH: yResiNCdWxu3vKmJwssA [turn_off] -> Redis[device_commands]
2026-04-30 19:54:47 [INFO][SYNCER] ==> CLEANUP: Đã xóa lệnh yResiNCdWxu3vKmJwssA khỏi Firestore.
2026-04-30 19:55:25 [INFO][SYNCER] ==> DISPATCH: otUgE1eNJwFN52ABEfYU [turn_on] -> Redis[device_commands]
2026-04-30 19:55:25 [INFO][SYNCER] ==> CLEANUP: Đã xóa lệnh otUgE1eNJwFN52ABEfYU khỏi Firestore.
2026-04-30 19:55:32 [INFO][SYNCER] ==> DISPATCH: ZuyfYYygt76E9GgiXaie [turn_on] -> Redis[device_commands]
2026-04-30 19:55:32 [INFO][SYNCER] ==> CLEANUP: Đã xóa lệnh ZuyfYYygt76E9GgiXaie khỏi Firestore.
2026-04-30 19:55:38 [INFO][SYNCER] ==> DISPATCH: 2uU9oVbmuTbsYxzl2d5d [turn_off] -> Redis[device_commands]
2026-04-30 19:55:38 [INFO][SYNCER] ==> CLEANUP: Đã xóa lệnh 2uU9oVbmuTbsYxzl2d5d khỏi Firestore.
2026-04-30 19:55:40 [INFO][SYNCER] ==> DISPATCH: FpoyLH5sFflMnzwnuxpv [turn_off] -> Redis[device_commands]
2026-04-30 19:55:40 [INFO][SYNCER] ==> CLEANUP: Đã xóa lệnh FpoyLH5sFflMnzwnuxpv khỏi Firestore.
2026-04-30 19:57:29 [INFO][SYNCER] Firestore: Batch flush 412 sensor history rows
2026-04-30 19:57:29 [INFO][SYNCER] Flushed 412 sensor history rows to Firestore
2026-04-30 19:59:24 [INFO][SYNCER] SyncWorker running (storage: sd2)
2026-04-30 19:59:24 [INFO][SYNCER] DB rotated → /mnt/sd2/data/data_2026-04-30.db (mode: sd2)
2026-04-30 20:00:30 [INFO][SYNCER] Firestore: Batch flush 144 sensor history rows
2026-04-30 20:00:30 [INFO][SYNCER] Flushed 144 sensor history rows to Firestore
2026-04-30 20:01:38 [INFO][SYNCER] ==> DISPATCH: pRZcyJLbOb69sOfjS8P3 [turn_on] -> Redis[device_commands]
2026-04-30 20:01:39 [INFO][SYNCER] ==> CLEANUP: Đã xóa lệnh pRZcyJLbOb69sOfjS8P3 khỏi Firestore.
2026-04-30 20:01:39 [INFO][SYNCER] ==> DISPATCH: GdTXO49AZVuOjEVY1ptH [turn_on] -> Redis[device_commands]
2026-04-30 20:01:40 [INFO][SYNCER] ==> CLEANUP: Đã xóa lệnh GdTXO49AZVuOjEVY1ptH khỏi Firestore.
2026-04-30 20:03:31 [INFO][SYNCER] Firestore: Batch flush 144 sensor history rows
2026-04-30 20:03:31 [INFO][SYNCER] Flushed 144 sensor history rows to Firestore
2026-04-30 20:06:31 [INFO][SYNCER] Firestore: Batch flush 60 sensor history rows
2026-04-30 20:06:31 [INFO][SYNCER] Flushed 60 sensor history rows to Firestore
2026-04-30 20:07:39 [INFO][SYNCER] SyncWorker starting...
2026-04-30 20:07:39 [INFO][SYNCER] Waiting for SD2 (timeout 300s before degraded mode)...
2026-04-30 20:07:39 [INFO][SYNCER] =======================================================
2026-04-30 20:07:39 [INFO][SYNCER] firebase_sync v2 starting — project: nhathongminh-myhome
2026-04-30 20:07:39 [INFO][SYNCER] Storage: RTDB=sensors (hot) | Firestore=rooms/devices/alerts (structured)
2026-04-30 20:07:39 [INFO][SYNCER] =======================================================
2026-04-30 20:07:40 [INFO][SYNCER] Sử dụng Service Account: /home/pi/smarthome_prj/GATEWAY/firebase-service-account.json
2026-04-30 20:07:40 [INFO][SYNCER] Firebase khởi tạo thành công với Service Account.
2026-04-30 20:07:40 [INFO][SYNCER] Redis connected at localhost:6379
2026-04-30 20:07:40 [INFO][SYNCER] Chạy auto-provisioning...
2026-04-30 20:07:40 [INFO][SYNCER] === AUTO-PROVISIONING BẮT ĐẦU ===
=======================================================
  SmartHome Gateway — Starting
=======================================================
[MAIN] DB schema applied
[MAIN] DB init complete
[BUS] MessageBus started
[BUS] MQTT connected & subscribed
[WATCHDOG] Safety watchdog started
[NET] Network watchdog started (NTP-only, no RTC)
[BUS] Outbound loop started
[NET] Internet: ON
[NET] NTP already synchronized via systemd-timesyncd
[MAIN] FirebaseSync worker started
[MAIN] All workers started
[BRIDGE] Realtime bridge started
[API] Registered /api: auth
[AUTO] Cache loaded: 3 rules, 0 schedules
[SCHEDULER] Started
[API] Registered /api: sensors
[API] Registered /api: devices
[API] Registered /api: automation
[AUTO] Command listener started
[API] Registered /api: logs
[API] Registered /api: rfid
[API] Registered /api: wifi
[API] Registered /api: ota
[API] Registered /api: system
=======================================================
[MAIN] Gateway LIVE → http://0.0.0.0:5000/
[MAIN] API prefix:  http://0.0.0.0:5000/api/
=======================================================
 * Serving Flask app 'gateway_main'
 * Debug mode: off
2026-04-30 20:07:40 [INFO][SYNCER] [31m[1mWARNING: This is a development server. Do not use it in a production deployment. Use a production WSGI server instead.[0m
 * Running on all addresses (0.0.0.0)
 * Running on http://127.0.0.1:5000
 * Running on http://192.168.1.11:5000
2026-04-30 20:07:40 [INFO][SYNCER] [33mPress CTRL+C to quit[0m
2026-04-30 20:07:40 [INFO][SYNCER] RTDB: Node live/bedroom_01 đã tồn tại — bỏ qua provision
2026-04-30 20:07:41 [INFO][SYNCER] RTDB: Node live/kitchen_01 đã tồn tại — bỏ qua provision
2026-04-30 20:07:41 [INFO][SYNCER] RTDB: Node live/living_room_01 đã tồn tại — bỏ qua provision
2026-04-30 20:07:42 [INFO][SYNCER] === AUTO-PROVISIONING HOÀN TẤT (3 rooms) ===
2026-04-30 20:07:42 [INFO][SYNCER] Synced 3 rooms to Firestore (userId=aN2XKzWrzieBhBsOFhp7zFzHQaG3)
2026-04-30 20:07:42 [INFO][SYNCER] Redis subscriber started (channels: ['realtime_data', 'device_status', 'safety_alert', 'wifi_status'])
2026-04-30 20:07:42 [INFO][SYNCER] CommandDispatcher started
2026-04-30 20:07:42 [INFO][SYNCER] Sensor history flush loop started (interval: 180s)
2026-04-30 20:07:42 [INFO][SYNCER] MQTT inbound bridge started
2026-04-30 20:08:13 [INFO][SYNCER] ==> DISPATCH: qJIfXdFMYWI9qUxKttVx [turn_off] -> Redis[device_commands]
2026-04-30 20:08:13 [INFO][SYNCER] ==> CLEANUP: Đã xóa lệnh qJIfXdFMYWI9qUxKttVx khỏi Firestore.
2026-04-30 20:08:16 [INFO][SYNCER] ==> DISPATCH: akRVGIvJKn1nJWgQ0q3x [turn_off] -> Redis[device_commands]
2026-04-30 20:08:16 [INFO][SYNCER] ==> CLEANUP: Đã xóa lệnh akRVGIvJKn1nJWgQ0q3x khỏi Firestore.
2026-04-30 20:09:00 [INFO][SYNCER] ==> DISPATCH: b7liRwEJ92ipvMpXpmV9 [turn_on] -> Redis[device_commands]
2026-04-30 20:09:00 [INFO][SYNCER] ==> CLEANUP: Đã xóa lệnh b7liRwEJ92ipvMpXpmV9 khỏi Firestore.
2026-04-30 20:09:01 [INFO][SYNCER] ==> DISPATCH: bky5EIRvETgHIXVtLqrx [turn_off] -> Redis[device_commands]
2026-04-30 20:09:01 [INFO][SYNCER] ==> CLEANUP: Đã xóa lệnh bky5EIRvETgHIXVtLqrx khỏi Firestore.
2026-04-30 20:09:03 [INFO][SYNCER] ==> DISPATCH: WaYfDDBQDxUc81DUQFgu [turn_on] -> Redis[device_commands]
2026-04-30 20:09:03 [INFO][SYNCER] ==> CLEANUP: Đã xóa lệnh WaYfDDBQDxUc81DUQFgu khỏi Firestore.
2026-04-30 20:09:04 [INFO][SYNCER] ==> DISPATCH: Bl6yD8UtOvP81l5SU1qg [turn_off] -> Redis[device_commands]
2026-04-30 20:09:04 [INFO][SYNCER] ==> CLEANUP: Đã xóa lệnh Bl6yD8UtOvP81l5SU1qg khỏi Firestore.
2026-04-30 23:15:55 [INFO][SYNCER] SyncWorker starting...
2026-04-30 23:15:55 [INFO][SYNCER] Waiting for SD2 (timeout 300s before degraded mode)...
2026-04-30 23:15:57 [INFO][SYNCER] =======================================================
2026-04-30 23:15:57 [INFO][SYNCER] firebase_sync v2 starting — project: nhathongminh-myhome
2026-04-30 23:15:57 [INFO][SYNCER] Storage: RTDB=sensors (hot) | Firestore=rooms/devices/alerts (structured)
2026-04-30 23:15:57 [INFO][SYNCER] =======================================================
2026-04-30 23:15:57 [INFO][SYNCER] Sử dụng Service Account: /home/pi/smarthome_prj/GATEWAY/firebase-service-account.json
2026-04-30 23:15:57 [INFO][SYNCER] Firebase khởi tạo thành công với Service Account.
2026-04-30 23:15:57 [INFO][SYNCER] Redis connected at localhost:6379
2026-04-30 23:15:57 [INFO][SYNCER] Chạy auto-provisioning...
2026-04-30 23:15:57 [INFO][SYNCER] === AUTO-PROVISIONING BẮT ĐẦU ===
=======================================================
  SmartHome Gateway — Starting
=======================================================
[MAIN] DB schema applied
[MAIN] DB init complete
[BUS] MessageBus started
[WATCHDOG] Safety watchdog started
[NET] Network watchdog started (NTP-only, no RTC)
[BUS] MQTT connected & subscribed
[BUS] Outbound loop started
[NET] Internet: ON
[NET] NTP already synchronized via systemd-timesyncd
[MAIN] FirebaseSync worker started
[MAIN] All workers started
[BRIDGE] Realtime bridge started
[AUTO] Cache loaded: 3 rules, 0 schedules
[SCHEDULER] Started
[API] Registered /api: auth
[AUTO] Command listener started
[API] Registered /api: sensors
[API] Registered /api: devices
[API] Registered /api: automation
[API] Registered /api: logs
[API] Registered /api: rfid
[API] Registered /api: wifi
[API] Registered /api: ota
[API] Registered /api: system
=======================================================
[MAIN] Gateway LIVE → http://0.0.0.0:5000/
[MAIN] API prefix:  http://0.0.0.0:5000/api/
=======================================================
 * Serving Flask app 'gateway_main'
 * Debug mode: off
2026-04-30 23:15:58 [INFO][SYNCER] [31m[1mWARNING: This is a development server. Do not use it in a production deployment. Use a production WSGI server instead.[0m
 * Running on all addresses (0.0.0.0)
 * Running on http://127.0.0.1:5000
 * Running on http://192.168.1.11:5000
2026-04-30 23:15:58 [INFO][SYNCER] [33mPress CTRL+C to quit[0m
2026-04-30 23:15:58 [INFO][SYNCER] RTDB: Node live/bedroom_01 đã tồn tại — bỏ qua provision
2026-04-30 23:16:00 [INFO][SYNCER] RTDB: Node live/kitchen_01 đã tồn tại — bỏ qua provision
2026-04-30 23:16:00 [INFO][SYNCER] RTDB: Node live/living_room_01 đã tồn tại — bỏ qua provision
2026-04-30 23:16:01 [INFO][SYNCER] === AUTO-PROVISIONING HOÀN TẤT (3 rooms) ===
2026-04-30 23:16:01 [INFO][SYNCER] Synced 3 rooms to Firestore (userId=aN2XKzWrzieBhBsOFhp7zFzHQaG3)
2026-04-30 23:16:01 [INFO][SYNCER] Redis subscriber started (channels: ['realtime_data', 'device_status', 'safety_alert', 'wifi_status'])
2026-04-30 23:16:01 [INFO][SYNCER] CommandDispatcher started
2026-04-30 23:16:01 [INFO][SYNCER] Sensor history flush loop started (interval: 180s)
2026-04-30 23:16:01 [INFO][SYNCER] MQTT inbound bridge started
2026-04-30 23:16:19 [INFO][SYNCER] ==> DISPATCH: jB7EttP1cSwBbeUOXCUt [turn_on] -> Redis[device_commands]
2026-04-30 23:16:19 [INFO][SYNCER] ==> CLEANUP: Đã xóa lệnh jB7EttP1cSwBbeUOXCUt khỏi Firestore.
2026-04-30 23:16:20 [INFO][SYNCER] ==> DISPATCH: m0dGWuuifm6RpLK7yRzF [turn_off] -> Redis[device_commands]
2026-04-30 23:16:20 [INFO][SYNCER] ==> CLEANUP: Đã xóa lệnh m0dGWuuifm6RpLK7yRzF khỏi Firestore.
2026-04-30 23:16:22 [INFO][SYNCER] ==> DISPATCH: WkXc8VgCFH6ru0hnTlpk [turn_on] -> Redis[device_commands]
2026-04-30 23:16:22 [INFO][SYNCER] ==> CLEANUP: Đã xóa lệnh WkXc8VgCFH6ru0hnTlpk khỏi Firestore.
2026-04-30 23:16:23 [INFO][SYNCER] ==> DISPATCH: W5rU08zKpPLobG3oysER [turn_off] -> Redis[device_commands]
2026-04-30 23:16:23 [INFO][SYNCER] ==> CLEANUP: Đã xóa lệnh W5rU08zKpPLobG3oysER khỏi Firestore.
2026-04-30 23:16:43 [INFO][SYNCER] ==> DISPATCH: juCUlyYd9FISRTTA3NDR [turn_on] -> Redis[device_commands]
2026-04-30 23:16:43 [INFO][SYNCER] ==> CLEANUP: Đã xóa lệnh juCUlyYd9FISRTTA3NDR khỏi Firestore.
2026-04-30 23:16:48 [INFO][SYNCER] ==> DISPATCH: rNOISAX3ODKAkpZxBzE2 [turn_off] -> Redis[device_commands]
2026-04-30 23:16:48 [INFO][SYNCER] ==> CLEANUP: Đã xóa lệnh rNOISAX3ODKAkpZxBzE2 khỏi Firestore.
2026-04-30 23:16:49 [INFO][SYNCER] ==> DISPATCH: sGK3kNFZAD9eyRxGiROU [turn_on] -> Redis[device_commands]
2026-04-30 23:16:49 [INFO][SYNCER] ==> CLEANUP: Đã xóa lệnh sGK3kNFZAD9eyRxGiROU khỏi Firestore.
2026-04-30 23:16:57 [INFO][SYNCER] ==> DISPATCH: 90mKD1EvayLqcH4YKrTo [turn_off] -> Redis[device_commands]
2026-04-30 23:16:57 [INFO][SYNCER] ==> CLEANUP: Đã xóa lệnh 90mKD1EvayLqcH4YKrTo khỏi Firestore.
2026-04-30 23:17:00 [INFO][SYNCER] ==> DISPATCH: 0WC7PwzS3acb79FL3BM9 [turn_on] -> Redis[device_commands]
2026-04-30 23:17:00 [INFO][SYNCER] ==> CLEANUP: Đã xóa lệnh 0WC7PwzS3acb79FL3BM9 khỏi Firestore.
2026-04-30 23:17:03 [INFO][SYNCER] ==> DISPATCH: dVqdKESMs4HxUmkeWCDR [turn_off] -> Redis[device_commands]
2026-04-30 23:17:03 [INFO][SYNCER] ==> CLEANUP: Đã xóa lệnh dVqdKESMs4HxUmkeWCDR khỏi Firestore.
2026-04-30 23:17:05 [INFO][SYNCER] ==> DISPATCH: PZs8aCEKAlcI87IVTMKq [turn_on] -> Redis[device_commands]
2026-04-30 23:17:06 [INFO][SYNCER] ==> CLEANUP: Đã xóa lệnh PZs8aCEKAlcI87IVTMKq khỏi Firestore.
2026-04-30 23:17:10 [INFO][SYNCER] ==> DISPATCH: s7ueFQpB9bYyrEauLkkS [turn_off] -> Redis[device_commands]
2026-04-30 23:17:10 [INFO][SYNCER] ==> CLEANUP: Đã xóa lệnh s7ueFQpB9bYyrEauLkkS khỏi Firestore.
2026-04-30 23:19:02 [INFO][SYNCER] Firestore: Batch flush 204 sensor history rows
2026-04-30 23:19:02 [INFO][SYNCER] Flushed 204 sensor history rows to Firestore
2026-04-30 23:21:35 [INFO][SYNCER] SyncWorker starting...
2026-04-30 23:21:35 [INFO][SYNCER] Waiting for SD2 (timeout 300s before degraded mode)...
2026-04-30 23:21:36 [INFO][SYNCER] =======================================================
2026-04-30 23:21:36 [INFO][SYNCER] firebase_sync v2 starting — project: nhathongminh-myhome
2026-04-30 23:21:36 [INFO][SYNCER] Storage: RTDB=sensors (hot) | Firestore=rooms/devices/alerts (structured)
2026-04-30 23:21:36 [INFO][SYNCER] =======================================================
2026-04-30 23:21:36 [INFO][SYNCER] Sử dụng Service Account: /home/pi/smarthome_prj/GATEWAY/firebase-service-account.json
2026-04-30 23:21:36 [INFO][SYNCER] Firebase khởi tạo thành công với Service Account.
2026-04-30 23:21:36 [INFO][SYNCER] Redis connected at localhost:6379
2026-04-30 23:21:36 [INFO][SYNCER] Chạy auto-provisioning...
2026-04-30 23:21:36 [INFO][SYNCER] === AUTO-PROVISIONING BẮT ĐẦU ===
=======================================================
  SmartHome Gateway — Starting
=======================================================
[MAIN] DB schema applied
[MAIN] DB init complete
[BUS] MessageBus started
[BUS] MQTT connected & subscribed
[NET] Network watchdog started (NTP-only, no RTC)
[WATCHDOG] Safety watchdog started
[BUS] Outbound loop started
[NET] Internet: ON
[NET] NTP already synchronized via systemd-timesyncd
[MAIN] FirebaseSync worker started
[MAIN] All workers started
[BRIDGE] Realtime bridge started
[AUTO] Cache loaded: 3 rules, 0 schedules
[SCHEDULER] Started
[API] Registered /api: auth
[API] Registered /api: sensors
[API] Registered /api: devices
[API] Registered /api: automation
[API] Registered /api: logs
[AUTO] Command listener started
[API] Registered /api: rfid
[API] Registered /api: wifi
[API] Registered /api: ota
[API] Registered /api: system
=======================================================
[MAIN] Gateway LIVE → http://0.0.0.0:5000/
[MAIN] API prefix:  http://0.0.0.0:5000/api/
=======================================================
 * Serving Flask app 'gateway_main'
 * Debug mode: off
2026-04-30 23:21:36 [INFO][SYNCER] [31m[1mWARNING: This is a development server. Do not use it in a production deployment. Use a production WSGI server instead.[0m
 * Running on all addresses (0.0.0.0)
 * Running on http://127.0.0.1:5000
 * Running on http://192.168.1.11:5000
2026-04-30 23:21:36 [INFO][SYNCER] [33mPress CTRL+C to quit[0m
2026-04-30 23:21:37 [INFO][SYNCER] RTDB: Node live/bedroom_01 đã tồn tại — bỏ qua provision
2026-04-30 23:21:38 [INFO][SYNCER] RTDB: Node live/kitchen_01 đã tồn tại — bỏ qua provision
2026-04-30 23:21:39 [INFO][SYNCER] RTDB: Node live/living_room_01 đã tồn tại — bỏ qua provision
2026-04-30 23:21:39 [INFO][SYNCER] === AUTO-PROVISIONING HOÀN TẤT (3 rooms) ===
2026-04-30 23:21:40 [INFO][SYNCER] Synced 3 rooms to Firestore (userId=aN2XKzWrzieBhBsOFhp7zFzHQaG3)
2026-04-30 23:21:40 [INFO][SYNCER] Redis subscriber started (channels: ['realtime_data', 'device_status', 'safety_alert', 'wifi_status'])
2026-04-30 23:21:40 [INFO][SYNCER] CommandDispatcher started
2026-04-30 23:21:40 [INFO][SYNCER] Sensor history flush loop started (interval: 180s)
2026-04-30 23:21:40 [INFO][SYNCER] MQTT inbound bridge started
2026-04-30 23:59:16 [INFO][SYNCER] SyncWorker starting...
2026-04-30 23:59:16 [INFO][SYNCER] Waiting for SD2 (timeout 300s before degraded mode)...
2026-04-30 23:59:17 [INFO][SYNCER] =======================================================
2026-04-30 23:59:17 [INFO][SYNCER] firebase_sync v2 starting — project: nhathongminh-myhome
2026-04-30 23:59:17 [INFO][SYNCER] Storage: RTDB=sensors (hot) | Firestore=rooms/devices/alerts (structured)
2026-04-30 23:59:17 [INFO][SYNCER] =======================================================
2026-04-30 23:59:17 [INFO][SYNCER] Sử dụng Service Account: /home/pi/smarthome_prj/GATEWAY/firebase-service-account.json
2026-04-30 23:59:17 [INFO][SYNCER] Firebase khởi tạo thành công với Service Account.
2026-04-30 23:59:17 [INFO][SYNCER] Redis connected at localhost:6379
2026-04-30 23:59:17 [INFO][SYNCER] Chạy auto-provisioning...
2026-04-30 23:59:17 [INFO][SYNCER] === AUTO-PROVISIONING BẮT ĐẦU ===
=======================================================
  SmartHome Gateway — Starting
=======================================================
[MAIN] DB schema applied
[MAIN] DB init complete
[BUS] MessageBus started
[BUS] MQTT connected & subscribed
[NET] Network watchdog started (NTP-only, no RTC)
[WATCHDOG] Safety watchdog started
[BUS] Outbound loop started
[NET] Internet: ON
[NET] NTP already synchronized via systemd-timesyncd
[MAIN] FirebaseSync worker started
[MAIN] All workers started
[BRIDGE] Realtime bridge started
[API] Registered /api: auth
[API] Registered /api: sensors
[AUTO] Cache loaded: 3 rules, 0 schedules
[API] Registered /api: devices
[SCHEDULER] Started
[API] Registered /api: automation
[API] Registered /api: logs
[API] Registered /api: rfid
[API] Registered /api: wifi
[AUTO] Command listener started
[API] Registered /api: ota
[API] Registered /api: system
=======================================================
[MAIN] Gateway LIVE → http://0.0.0.0:5000/
[MAIN] API prefix:  http://0.0.0.0:5000/api/
=======================================================
 * Serving Flask app 'gateway_main'
 * Debug mode: off
2026-04-30 23:59:17 [INFO][SYNCER] [31m[1mWARNING: This is a development server. Do not use it in a production deployment. Use a production WSGI server instead.[0m
 * Running on all addresses (0.0.0.0)
 * Running on http://127.0.0.1:5000
 * Running on http://192.168.1.11:5000
2026-04-30 23:59:17 [INFO][SYNCER] [33mPress CTRL+C to quit[0m
2026-04-30 23:59:28 [INFO][SYNCER] RTDB: Node live/bedroom_01 đã tồn tại — bỏ qua provision
2026-04-30 23:59:29 [INFO][SYNCER] RTDB: Node live/kitchen_01 đã tồn tại — bỏ qua provision
2026-04-30 23:59:29 [INFO][SYNCER] RTDB: Node live/living_room_01 đã tồn tại — bỏ qua provision
2026-04-30 23:59:30 [INFO][SYNCER] === AUTO-PROVISIONING HOÀN TẤT (3 rooms) ===
2026-04-30 23:59:30 [INFO][SYNCER] Synced 3 rooms to Firestore (userId=aN2XKzWrzieBhBsOFhp7zFzHQaG3)
2026-04-30 23:59:30 [INFO][SYNCER] Redis subscriber started (channels: ['realtime_data', 'device_status', 'safety_alert', 'wifi_status'])
2026-04-30 23:59:30 [INFO][SYNCER] CommandDispatcher started
2026-04-30 23:59:30 [INFO][SYNCER] Sensor history flush loop started (interval: 180s)
2026-04-30 23:59:30 [INFO][SYNCER] MQTT inbound bridge started
2026-05-01 00:01:04 [INFO][SYNCER] ==> DISPATCH: LpdJYwdXrbTlCbmIM00P [turn_on] -> Redis[device_commands]
2026-05-01 00:01:05 [INFO][SYNCER] ==> CLEANUP: Đã xóa lệnh LpdJYwdXrbTlCbmIM00P khỏi Firestore.
2026-05-01 00:01:08 [INFO][SYNCER] ==> DISPATCH: NHzxh6Fl3PgkPg1gTc3y [turn_off] -> Redis[device_commands]
2026-05-01 00:01:09 [INFO][SYNCER] ==> CLEANUP: Đã xóa lệnh NHzxh6Fl3PgkPg1gTc3y khỏi Firestore.
2026-05-01 00:01:20 [INFO][SYNCER] ==> DISPATCH: GxHCSTW502I17j6Ifd1E [turn_on] -> Redis[device_commands]
2026-05-01 00:01:20 [INFO][SYNCER] ==> CLEANUP: Đã xóa lệnh GxHCSTW502I17j6Ifd1E khỏi Firestore.
2026-05-01 00:01:52 [INFO][SYNCER] ==> DISPATCH: imXFZ1WdUjmulpuNSgXS [turn_on] -> Redis[device_commands]
2026-05-01 00:01:52 [INFO][SYNCER] ==> CLEANUP: Đã xóa lệnh imXFZ1WdUjmulpuNSgXS khỏi Firestore.
2026-05-01 00:01:54 [INFO][SYNCER] ==> DISPATCH: RyUdCsBfY0mfEOkTDjv8 [turn_off] -> Redis[device_commands]
2026-05-01 00:01:54 [INFO][SYNCER] ==> CLEANUP: Đã xóa lệnh RyUdCsBfY0mfEOkTDjv8 khỏi Firestore.
2026-05-01 00:01:55 [INFO][SYNCER] ==> DISPATCH: 9qdZnA09WCz3EtMm8bQt [turn_on] -> Redis[device_commands]
2026-05-01 00:01:56 [INFO][SYNCER] ==> CLEANUP: Đã xóa lệnh 9qdZnA09WCz3EtMm8bQt khỏi Firestore.
2026-05-01 00:01:57 [INFO][SYNCER] ==> DISPATCH: qbFr5qbIIOy9NQpyUmka [turn_off] -> Redis[device_commands]
2026-05-01 00:01:57 [INFO][SYNCER] ==> CLEANUP: Đã xóa lệnh qbFr5qbIIOy9NQpyUmka khỏi Firestore.
2026-05-01 00:01:58 [INFO][SYNCER] ==> DISPATCH: cFfrrDpTLHyDuK0ja29u [turn_on] -> Redis[device_commands]
2026-05-01 00:01:58 [INFO][SYNCER] ==> CLEANUP: Đã xóa lệnh cFfrrDpTLHyDuK0ja29u khỏi Firestore.
2026-05-01 09:34:27 [INFO][SYNCER] SyncWorker starting...
2026-05-01 09:34:27 [INFO][SYNCER] Waiting for SD2 (timeout 300s before degraded mode)...
2026-05-01 09:34:29 [INFO][SYNCER] =======================================================
2026-05-01 09:34:29 [INFO][SYNCER] firebase_sync v2.1 starting — project: nhathongminh-myhome
2026-05-01 09:34:29 [INFO][SYNCER] Uplink: On-Change (no throttle) | Downlink: Firestore listener
2026-05-01 09:34:29 [INFO][SYNCER] =======================================================
2026-05-01 09:34:29 [INFO][SYNCER] Sử dụng Service Account: /home/pi/smarthome_prj/GATEWAY/firebase-service-account.json
2026-05-01 09:34:29 [INFO][SYNCER] Redis connected at localhost:6379
2026-05-01 09:34:29 [INFO][SYNCER] Chạy auto-provisioning...
2026-05-01 09:34:29 [INFO][SYNCER] === AUTO-PROVISIONING BẮT ĐẦU ===
=======================================================
  SmartHome Gateway — Starting
=======================================================
[MAIN] DB schema applied
[MAIN] DB init complete
[BUS] MessageBus started
[WATCHDOG] Safety watchdog started
[BUS] MQTT connected & subscribed
[NET] Network watchdog started (NTP-only, no RTC)
[BUS] Outbound loop started
[NET] Internet: ON
[NET] NTP already synchronized via systemd-timesyncd
[MAIN] FirebaseSync worker started
[MAIN] All workers started
[BRIDGE] Realtime bridge started
[AUTO] Cache loaded: 3 rules, 0 schedules
[SCHEDULER] Started
[AUTO] Command listener started
[API] Registered /api: auth
[API] Registered /api: sensors
[API] Registered /api: devices
[API] Registered /api: automation
[API] Registered /api: logs
[API] Registered /api: rfid
[API] Registered /api: wifi
[API] Registered /api: ota
[API] Registered /api: system
=======================================================
[MAIN] Gateway LIVE → http://0.0.0.0:5000/
[MAIN] API prefix:  http://0.0.0.0:5000/api/
=======================================================
 * Serving Flask app 'gateway_main'
 * Debug mode: off
2026-05-01 09:34:29 [INFO][SYNCER] [31m[1mWARNING: This is a development server. Do not use it in a production deployment. Use a production WSGI server instead.[0m
 * Running on all addresses (0.0.0.0)
 * Running on http://127.0.0.1:5000
 * Running on http://192.168.1.11:5000
2026-05-01 09:34:29 [INFO][SYNCER] [33mPress CTRL+C to quit[0m
2026-05-01 09:34:32 [INFO][SYNCER] === AUTO-PROVISIONING HOÀN TẤT (3 rooms) ===
2026-05-01 09:34:32 [INFO][SYNCER] Synced 3 rooms to Firestore (userId=aN2XKzWrzieBhBsOFhp7zFzHQaG3)
2026-05-01 09:34:32 [INFO][SYNCER] [Uplink] Stream started — channels: sensor/device/alert/wifi/ack/mqtt
2026-05-01 09:34:32 [INFO][SYNCER] [Downlink] CommandDispatcher started — listening Firestore /commands
2026-05-01 09:34:32 [INFO][SYNCER] Sensor history flush loop started (interval: 180s)
2026-05-01 09:34:53 [INFO][SYNCER] [Downlink] DISPATCH: CalWffvwVui1wfLu4tvr [turn_off] → Redis[device_commands]
2026-05-01 09:34:53 [INFO][SYNCER] Firestore device [bedroom_01/fan_bd_1] → OFF (On-Change write)
2026-05-01 09:34:53 [INFO][SYNCER] [Downlink] CLEANUP: Đã xóa lệnh CalWffvwVui1wfLu4tvr
2026-05-01 09:34:57 [INFO][SYNCER] [Downlink] DISPATCH: YO6Ne0ykY2SorF2eneWm [turn_on] → Redis[device_commands]
2026-05-01 09:34:57 [INFO][SYNCER] Firestore device [bedroom_01/fan_bd_1] → ON (On-Change write)
2026-05-01 09:34:57 [INFO][SYNCER] [Downlink] CLEANUP: Đã xóa lệnh YO6Ne0ykY2SorF2eneWm
2026-05-01 09:35:31 [INFO][SYNCER] [Downlink] DISPATCH: ay5MSXcvj8ZQk9bhrNe9 [turn_off] → Redis[device_commands]
2026-05-01 09:35:31 [INFO][SYNCER] Firestore device [bedroom_01/light_bd_1] → OFF (On-Change write)
2026-05-01 09:35:31 [INFO][SYNCER] [Downlink] CLEANUP: Đã xóa lệnh ay5MSXcvj8ZQk9bhrNe9
2026-05-01 09:35:33 [INFO][SYNCER] [Downlink] DISPATCH: O8YaNgPGQPm2GdMDyEX2 [turn_on] → Redis[device_commands]
2026-05-01 09:35:33 [INFO][SYNCER] Firestore device [bedroom_01/light_bd_1] → ON (On-Change write)
2026-05-01 09:35:33 [INFO][SYNCER] [Downlink] CLEANUP: Đã xóa lệnh O8YaNgPGQPm2GdMDyEX2
2026-05-01 09:35:55 [INFO][SYNCER] [Downlink] DISPATCH: xW0ApysjIDi5B99kwCUv [turn_off] → Redis[device_commands]
2026-05-01 09:35:55 [INFO][SYNCER] Firestore device [bedroom_01/fan_bd_1] → OFF (On-Change write)
2026-05-01 09:35:55 [INFO][SYNCER] [Downlink] CLEANUP: Đã xóa lệnh xW0ApysjIDi5B99kwCUv
2026-05-01 09:35:58 [INFO][SYNCER] [Downlink] DISPATCH: m52B4YNyOcdnYDPxVL09 [turn_off] → Redis[device_commands]
2026-05-01 09:35:58 [INFO][SYNCER] Firestore device [bedroom_01/light_bd_1] → OFF (On-Change write)
2026-05-01 09:35:58 [INFO][SYNCER] [Downlink] CLEANUP: Đã xóa lệnh m52B4YNyOcdnYDPxVL09
2026-05-01 09:36:16 [INFO][SYNCER] [Downlink] DISPATCH: TpsUt28DGC62qdaCUlrX [turn_on] → Redis[device_commands]
2026-05-01 09:36:16 [INFO][SYNCER] Firestore device [bedroom_01/fan_bd_1] → ON (On-Change write)
2026-05-01 09:36:16 [INFO][SYNCER] [Downlink] CLEANUP: Đã xóa lệnh TpsUt28DGC62qdaCUlrX
2026-05-01 09:36:18 [INFO][SYNCER] [Downlink] DISPATCH: 1gntK4R83UqzI7D1ZNFA [turn_off] → Redis[device_commands]
2026-05-01 09:36:18 [INFO][SYNCER] Firestore device [bedroom_01/fan_bd_1] → OFF (On-Change write)
2026-05-01 09:36:18 [INFO][SYNCER] [Downlink] CLEANUP: Đã xóa lệnh 1gntK4R83UqzI7D1ZNFA
2026-05-01 09:37:33 [INFO][SYNCER] Firestore: Batch flush 276 sensor history rows
2026-05-01 09:37:33 [INFO][SYNCER] Flushed 276 sensor history rows to Firestore
2026-05-01 09:39:27 [INFO][SYNCER] SyncWorker running (storage: sd2)
2026-05-01 09:39:27 [INFO][SYNCER] DB rotated → /mnt/sd2/data/data_2026-05-01.db (mode: sd2)
2026-05-01 09:40:33 [INFO][SYNCER] Firestore: Batch flush 148 sensor history rows
2026-05-01 09:40:33 [INFO][SYNCER] Flushed 148 sensor history rows to Firestore
2026-05-01 09:41:15 [INFO][SYNCER] [Downlink] DISPATCH: c9ktcxKet5ztKTvIFxHB [turn_on] → Redis[device_commands]
2026-05-01 09:41:15 [INFO][SYNCER] Firestore device [living_room_01/fan_lv_1] → ON (On-Change write)
2026-05-01 09:41:16 [INFO][SYNCER] [Downlink] CLEANUP: Đã xóa lệnh c9ktcxKet5ztKTvIFxHB
2026-05-01 09:41:17 [INFO][SYNCER] [Downlink] DISPATCH: 7Gn4OhDxuBkb4v7rpwam [turn_off] → Redis[device_commands]
2026-05-01 09:41:17 [INFO][SYNCER] Firestore device [living_room_01/fan_lv_1] → OFF (On-Change write)
2026-05-01 09:41:17 [INFO][SYNCER] [Downlink] CLEANUP: Đã xóa lệnh 7Gn4OhDxuBkb4v7rpwam
2026-05-01 09:41:19 [INFO][SYNCER] [Downlink] DISPATCH: cB77655t02GeHImAmah6 [turn_on] → Redis[device_commands]
2026-05-01 09:41:19 [INFO][SYNCER] Firestore device [living_room_01/light_lv_1] → ON (On-Change write)
2026-05-01 09:41:19 [INFO][SYNCER] [Downlink] CLEANUP: Đã xóa lệnh cB77655t02GeHImAmah6
2026-05-01 09:41:20 [INFO][SYNCER] [Downlink] DISPATCH: mcB15sOxaQ2eKIysMD2p [turn_off] → Redis[device_commands]
2026-05-01 09:41:20 [INFO][SYNCER] Firestore device [living_room_01/light_lv_1] → OFF (On-Change write)
2026-05-01 09:41:20 [INFO][SYNCER] [Downlink] CLEANUP: Đã xóa lệnh mcB15sOxaQ2eKIysMD2p
2026-05-01 09:43:34 [INFO][SYNCER] Firestore: Batch flush 76 sensor history rows
2026-05-01 09:43:34 [INFO][SYNCER] Flushed 76 sensor history rows to Firestore
2026-05-01 09:43:58 [WARNING][SYNCER] SD2 write-test failed: [Errno 5] Input/output error: '/mnt/sd2/data/.health_check'
2026-05-01 09:44:03 [WARNING][SYNCER] SD2 write-test failed: [Errno 5] Input/output error: '/mnt/sd2/data/.health_check'
2026-05-01 09:44:08 [WARNING][SYNCER] SD2 write-test failed: [Errno 5] Input/output error: '/mnt/sd2/data/.health_check'
2026-05-01 09:44:13 [WARNING][SYNCER] SD2 write-test failed: [Errno 5] Input/output error: '/mnt/sd2/data/.health_check'
2026-05-01 09:44:18 [WARNING][SYNCER] SD2 write-test failed: [Errno 5] Input/output error: '/mnt/sd2/data/.health_check'
2026-05-01 09:44:23 [WARNING][SYNCER] SD2 write-test failed: [Errno 5] Input/output error: '/mnt/sd2/data/.health_check'
2026-05-01 09:44:28 [WARNING][SYNCER] SD2 write-test failed: [Errno 5] Input/output error: '/mnt/sd2/data/.health_check'
2026-05-01 09:44:33 [WARNING][SYNCER] SD2 write-test failed: [Errno 5] Input/output error: '/mnt/sd2/data/.health_check'
2026-05-01 09:44:38 [WARNING][SYNCER] SD2 write-test failed: [Errno 5] Input/output error: '/mnt/sd2/data/.health_check'
2026-05-01 09:44:43 [WARNING][SYNCER] SD2 write-test failed: [Errno 5] Input/output error: '/mnt/sd2/data/.health_check'
2026-05-01 09:44:48 [WARNING][SYNCER] SD2 write-test failed: [Errno 5] Input/output error: '/mnt/sd2/data/.health_check'
2026-05-01 09:44:53 [WARNING][SYNCER] SD2 write-test failed: [Errno 5] Input/output error: '/mnt/sd2/data/.health_check'
2026-05-01 09:44:58 [WARNING][SYNCER] SD2 write-test failed: [Errno 5] Input/output error: '/mnt/sd2/data/.health_check'
2026-05-01 09:45:03 [WARNING][SYNCER] SD2 write-test failed: [Errno 5] Input/output error: '/mnt/sd2/data/.health_check'
2026-05-01 09:45:08 [WARNING][SYNCER] SD2 write-test failed: [Errno 5] Input/output error: '/mnt/sd2/data/.health_check'
2026-05-01 09:45:13 [WARNING][SYNCER] SD2 write-test failed: [Errno 5] Input/output error: '/mnt/sd2/data/.health_check'
2026-05-01 09:45:18 [WARNING][SYNCER] SD2 write-test failed: [Errno 5] Input/output error: '/mnt/sd2/data/.health_check'
2026-05-01 09:45:23 [WARNING][SYNCER] SD2 write-test failed: [Errno 5] Input/output error: '/mnt/sd2/data/.health_check'
2026-05-01 09:45:28 [WARNING][SYNCER] SD2 write-test failed: [Errno 5] Input/output error: '/mnt/sd2/data/.health_check'
2026-05-01 09:45:28 [ERROR][SYNCER] flush_events error: disk I/O error
2026-05-01 09:45:28 [ERROR][SYNCER] flush_events error: disk I/O error
2026-05-01 09:45:28 [ERROR][SYNCER] flush_events error: disk I/O error
2026-05-01 09:45:28 [ERROR][SYNCER] flush_events error: disk I/O error
2026-05-01 09:45:28 [ERROR][SYNCER] flush_events error: disk I/O error
2026-05-01 09:45:28 [ERROR][SYNCER] flush_events error: disk I/O error
2026-05-01 09:45:28 [ERROR][SYNCER] flush_events error: disk I/O error
2026-05-01 09:45:28 [ERROR][SYNCER] flush_events error: disk I/O error
2026-05-01 09:45:28 [ERROR][SYNCER] flush_events error: disk I/O error
2026-05-01 09:45:28 [ERROR][SYNCER] flush_events error: disk I/O error
2026-05-01 09:45:28 [ERROR][SYNCER] flush_events error: disk I/O error
2026-05-01 09:45:28 [ERROR][SYNCER] flush_events error: disk I/O error
2026-05-01 09:45:28 [ERROR][SYNCER] flush_events error: disk I/O error
2026-05-01 09:45:28 [ERROR][SYNCER] flush_events error: disk I/O error
2026-05-01 09:45:28 [ERROR][SYNCER] flush_events error: disk I/O error
2026-05-01 09:45:28 [ERROR][SYNCER] flush_events error: disk I/O error
2026-05-01 09:45:28 [ERROR][SYNCER] flush_events error: disk I/O error
2026-05-01 09:45:28 [ERROR][SYNCER] flush_events error: disk I/O error
2026-05-01 09:45:28 [ERROR][SYNCER] flush_events error: disk I/O error
2026-05-01 09:45:28 [ERROR][SYNCER] flush_events error: disk I/O error
2026-05-01 09:45:28 [ERROR][SYNCER] flush_events error: disk I/O error
2026-05-01 09:45:28 [ERROR][SYNCER] flush_events error: disk I/O error
2026-05-01 09:45:28 [ERROR][SYNCER] flush_events error: disk I/O error
2026-05-01 09:45:28 [ERROR][SYNCER] flush_events error: disk I/O error
2026-05-01 09:45:28 [ERROR][SYNCER] flush_events error: disk I/O error
2026-05-01 09:45:28 [ERROR][SYNCER] flush_events error: disk I/O error
2026-05-01 09:45:28 [ERROR][SYNCER] flush_events error: disk I/O error
2026-05-01 09:45:28 [ERROR][SYNCER] flush_events error: disk I/O error
2026-05-01 09:45:28 [ERROR][SYNCER] flush_events error: disk I/O error
2026-05-01 09:45:28 [ERROR][SYNCER] flush_events error: disk I/O error
2026-05-01 09:45:28 [ERROR][SYNCER] flush_events error: disk I/O error
2026-05-01 09:45:28 [ERROR][SYNCER] flush_events error: disk I/O error
2026-05-01 09:45:28 [ERROR][SYNCER] flush_events error: disk I/O error
2026-05-01 09:45:28 [ERROR][SYNCER] flush_events error: disk I/O error
2026-05-01 09:45:28 [ERROR][SYNCER] flush_events error: disk I/O error
2026-05-01 09:45:28 [ERROR][SYNCER] flush_events error: disk I/O error
2026-05-01 09:45:28 [ERROR][SYNCER] flush_events error: disk I/O error
2026-05-01 09:45:28 [ERROR][SYNCER] flush_events error: disk I/O error
2026-05-01 09:45:28 [ERROR][SYNCER] flush_events error: disk I/O error
2026-05-01 09:45:28 [ERROR][SYNCER] flush_events error: disk I/O error
2026-05-01 09:45:28 [ERROR][SYNCER] flush_events error: disk I/O error
2026-05-01 09:45:28 [ERROR][SYNCER] flush_events error: disk I/O error
2026-05-01 09:45:28 [ERROR][SYNCER] flush_events error: disk I/O error
2026-05-01 09:45:28 [ERROR][SYNCER] flush_events error: disk I/O error
2026-05-01 09:45:28 [ERROR][SYNCER] flush_events error: disk I/O error
2026-05-01 09:45:28 [ERROR][SYNCER] flush_events error: disk I/O error
2026-05-01 09:45:28 [ERROR][SYNCER] flush_events error: disk I/O error
2026-05-01 09:45:28 [ERROR][SYNCER] flush_events error: disk I/O error
2026-05-01 09:45:28 [ERROR][SYNCER] flush_events error: disk I/O error
2026-05-01 09:45:28 [ERROR][SYNCER] flush_events error: disk I/O error
2026-05-01 09:45:28 [ERROR][SYNCER] flush_events error: disk I/O error
2026-05-01 09:45:28 [ERROR][SYNCER] flush_events error: disk I/O error
2026-05-01 09:45:28 [ERROR][SYNCER] flush_events error: disk I/O error
2026-05-01 09:45:28 [ERROR][SYNCER] flush_events error: disk I/O error
2026-05-01 09:45:28 [ERROR][SYNCER] flush_events error: disk I/O error
2026-05-01 09:45:28 [ERROR][SYNCER] flush_events error: disk I/O error
2026-05-01 09:45:28 [ERROR][SYNCER] flush_events error: disk I/O error
2026-05-01 09:45:28 [ERROR][SYNCER] flush_events error: disk I/O error
2026-05-01 09:45:28 [ERROR][SYNCER] flush_events error: disk I/O error
2026-05-01 09:45:28 [ERROR][SYNCER] flush_events error: disk I/O error
2026-05-01 09:45:28 [ERROR][SYNCER] flush_events error: disk I/O error
2026-05-01 09:45:28 [ERROR][SYNCER] flush_events error: disk I/O error
2026-05-01 09:45:28 [ERROR][SYNCER] flush_events error: disk I/O error
2026-05-01 09:45:28 [ERROR][SYNCER] flush_events error: disk I/O error
2026-05-01 09:45:28 [ERROR][SYNCER] flush_events error: disk I/O error
2026-05-01 09:45:28 [ERROR][SYNCER] flush_events error: disk I/O error
2026-05-01 09:45:28 [ERROR][SYNCER] flush_events error: disk I/O error
2026-05-01 09:45:28 [ERROR][SYNCER] flush_events error: disk I/O error
2026-05-01 09:45:28 [ERROR][SYNCER] flush_events error: disk I/O error
2026-05-01 09:45:28 [ERROR][SYNCER] flush_events error: disk I/O error
2026-05-01 09:45:28 [ERROR][SYNCER] flush_events error: disk I/O error
2026-05-01 09:45:28 [ERROR][SYNCER] flush_events error: disk I/O error
2026-05-01 09:45:28 [ERROR][SYNCER] flush_events error: disk I/O error
2026-05-01 09:45:28 [ERROR][SYNCER] flush_events error: disk I/O error
2026-05-01 09:45:28 [ERROR][SYNCER] flush_events error: disk I/O error
2026-05-01 09:45:28 [ERROR][SYNCER] flush_events error: disk I/O error
2026-05-01 09:45:28 [ERROR][SYNCER] flush_events error: disk I/O error
2026-05-01 09:45:28 [ERROR][SYNCER] flush_events error: disk I/O error
2026-05-01 09:45:28 [ERROR][SYNCER] flush_events error: disk I/O error
2026-05-01 09:45:28 [ERROR][SYNCER] flush_events error: disk I/O error
2026-05-01 09:45:28 [ERROR][SYNCER] flush_events error: disk I/O error
2026-05-01 09:45:28 [ERROR][SYNCER] flush_events error: disk I/O error
2026-05-01 09:45:28 [ERROR][SYNCER] flush_events error: disk I/O error
2026-05-01 09:45:28 [ERROR][SYNCER] flush_events error: disk I/O error
2026-05-01 09:45:28 [ERROR][SYNCER] flush_events error: disk I/O error
2026-05-01 09:45:28 [ERROR][SYNCER] flush_events error: disk I/O error
2026-05-01 09:45:28 [ERROR][SYNCER] flush_events error: disk I/O error
2026-05-01 09:45:28 [ERROR][SYNCER] flush_events error: disk I/O error
2026-05-01 09:45:28 [ERROR][SYNCER] flush_events error: disk I/O error
2026-05-01 09:45:28 [ERROR][SYNCER] flush_events error: disk I/O error
2026-05-01 09:45:28 [ERROR][SYNCER] flush_events error: disk I/O error
2026-05-01 09:45:28 [ERROR][SYNCER] flush_events error: disk I/O error
2026-05-01 09:45:28 [ERROR][SYNCER] flush_events error: disk I/O error
2026-05-01 09:45:28 [ERROR][SYNCER] flush_events error: disk I/O error
2026-05-01 09:45:28 [ERROR][SYNCER] flush_events error: disk I/O error
2026-05-01 09:45:28 [ERROR][SYNCER] flush_events error: disk I/O error
2026-05-01 09:45:28 [ERROR][SYNCER] flush_events error: disk I/O error
2026-05-01 09:45:28 [ERROR][SYNCER] flush_events error: disk I/O error
2026-05-01 09:45:28 [ERROR][SYNCER] flush_events error: disk I/O error
2026-05-01 09:45:28 [ERROR][SYNCER] flush_events error: disk I/O error
2026-05-01 09:45:28 [ERROR][SYNCER] snapshot error: disk I/O error
2026-05-01 09:45:33 [WARNING][SYNCER] SD2 write-test failed: [Errno 5] Input/output error: '/mnt/sd2/data/.health_check'
2026-05-01 09:45:38 [WARNING][SYNCER] SD2 write-test failed: [Errno 5] Input/output error: '/mnt/sd2/data/.health_check'
2026-05-01 09:45:43 [WARNING][SYNCER] SD2 write-test failed: [Errno 5] Input/output error: '/mnt/sd2/data/.health_check'
2026-05-01 09:45:48 [WARNING][SYNCER] SD2 write-test failed: [Errno 5] Input/output error: '/mnt/sd2/data/.health_check'
2026-05-01 09:45:53 [WARNING][SYNCER] SD2 write-test failed: [Errno 5] Input/output error: '/mnt/sd2/data/.health_check'
2026-05-01 09:45:58 [WARNING][SYNCER] SD2 write-test failed: [Errno 5] Input/output error: '/mnt/sd2/data/.health_check'
2026-05-01 09:46:03 [WARNING][SYNCER] SD2 write-test failed: [Errno 5] Input/output error: '/mnt/sd2/data/.health_check'
2026-05-01 09:46:08 [WARNING][SYNCER] SD2 write-test failed: [Errno 5] Input/output error: '/mnt/sd2/data/.health_check'
2026-05-01 09:46:13 [WARNING][SYNCER] SD2 write-test failed: [Errno 5] Input/output error: '/mnt/sd2/data/.health_check'
2026-05-01 09:46:24 [INFO][SYNCER] SyncWorker starting...
2026-05-01 09:46:24 [INFO][SYNCER] Waiting for SD2 (timeout 300s before degraded mode)...
2026-05-01 09:46:25 [INFO][SYNCER] =======================================================
2026-05-01 09:46:25 [INFO][SYNCER] firebase_sync v2.1 starting — project: nhathongminh-myhome
2026-05-01 09:46:25 [INFO][SYNCER] Uplink: On-Change (no throttle) | Downlink: Firestore listener
2026-05-01 09:46:25 [INFO][SYNCER] =======================================================
2026-05-01 09:46:25 [INFO][SYNCER] Sử dụng Service Account: /home/pi/smarthome_prj/GATEWAY/firebase-service-account.json
2026-05-01 09:46:25 [INFO][SYNCER] Redis connected at localhost:6379
2026-05-01 09:46:25 [INFO][SYNCER] Chạy auto-provisioning...
2026-05-01 09:46:25 [INFO][SYNCER] === AUTO-PROVISIONING BẮT ĐẦU ===
=======================================================
  SmartHome Gateway — Starting
=======================================================
[MAIN] DB schema applied
[MAIN] DB init complete
[BUS] MessageBus started
[BUS] MQTT connected & subscribed
[WATCHDOG] Safety watchdog started
[BUS] Outbound loop started
[NET] Network watchdog started (NTP-only, no RTC)
[NET] Internet: ON
[NET] NTP already synchronized via systemd-timesyncd
[MAIN] FirebaseSync worker started
[MAIN] All workers started
[BRIDGE] Realtime bridge started
[API] Registered /api: auth
[API] Registered /api: sensors
[API] Registered /api: devices
[API] Registered /api: automation
[API] Registered /api: logs
[AUTO] Cache loaded: 3 rules, 0 schedules
[SCHEDULER] Started
[API] Registered /api: rfid
[API] Registered /api: wifi
[API] Registered /api: ota
[API] Registered /api: system
=======================================================
[MAIN] Gateway LIVE → http://0.0.0.0:5000/
[MAIN] API prefix:  http://0.0.0.0:5000/api/
=======================================================
[AUTO] Command listener started
 * Serving Flask app 'gateway_main'
 * Debug mode: off
2026-05-01 09:46:26 [INFO][SYNCER] [31m[1mWARNING: This is a development server. Do not use it in a production deployment. Use a production WSGI server instead.[0m
 * Running on all addresses (0.0.0.0)
 * Running on http://127.0.0.1:5000
 * Running on http://192.168.1.11:5000
2026-05-01 09:46:26 [INFO][SYNCER] [33mPress CTRL+C to quit[0m
2026-05-01 09:46:28 [INFO][SYNCER] === AUTO-PROVISIONING HOÀN TẤT (3 rooms) ===
2026-05-01 09:46:28 [INFO][SYNCER] Synced 3 rooms to Firestore (userId=aN2XKzWrzieBhBsOFhp7zFzHQaG3)
2026-05-01 09:46:28 [INFO][SYNCER] [Uplink] Stream started — channels: sensor/device/alert/wifi/ack/mqtt
2026-05-01 09:46:28 [INFO][SYNCER] [Downlink] CommandDispatcher started — listening Firestore /commands
2026-05-01 09:46:28 [INFO][SYNCER] Sensor history flush loop started (interval: 180s)
2026-05-01 09:47:43 [INFO][SYNCER] [Downlink] DISPATCH: 6bBYMVvhYxjiBAAQdKyL [turn_on] → Redis[device_commands]
2026-05-01 09:47:43 [INFO][SYNCER] Firestore device [bedroom_01/fan_bd_1] → ON (On-Change write)
2026-05-01 09:47:43 [INFO][SYNCER] [Downlink] CLEANUP: Đã xóa lệnh 6bBYMVvhYxjiBAAQdKyL
2026-05-01 09:47:48 [INFO][SYNCER] [Downlink] DISPATCH: QIuYnYfDSZoE7O2tb0k8 [turn_on] → Redis[device_commands]
2026-05-01 09:47:48 [INFO][SYNCER] Firestore device [bedroom_01/light_bd_1] → ON (On-Change write)
2026-05-01 09:47:48 [INFO][SYNCER] [Downlink] CLEANUP: Đã xóa lệnh QIuYnYfDSZoE7O2tb0k8
2026-05-01 09:48:54 [INFO][SYNCER] [Downlink] DISPATCH: Z1OQlxmQMFlha3aOD4nz [turn_off] → Redis[device_commands]
2026-05-01 09:48:54 [INFO][SYNCER] Firestore device [bedroom_01/light_bd_1] → OFF (On-Change write)
2026-05-01 09:48:54 [INFO][SYNCER] [Downlink] CLEANUP: Đã xóa lệnh Z1OQlxmQMFlha3aOD4nz
2026-05-01 09:48:56 [INFO][SYNCER] [Downlink] DISPATCH: JHGZTq4zyP35a4oiaR1i [turn_on] → Redis[device_commands]
2026-05-01 09:48:56 [INFO][SYNCER] Firestore device [bedroom_01/light_bd_1] → ON (On-Change write)
2026-05-01 09:48:56 [INFO][SYNCER] [Downlink] CLEANUP: Đã xóa lệnh JHGZTq4zyP35a4oiaR1i
2026-05-01 09:48:58 [INFO][SYNCER] [Downlink] DISPATCH: f17dY5YW0E9ML410xVVt [turn_off] → Redis[device_commands]
2026-05-01 09:48:58 [INFO][SYNCER] Firestore device [bedroom_01/fan_bd_1] → OFF (On-Change write)
2026-05-01 09:48:58 [INFO][SYNCER] [Downlink] CLEANUP: Đã xóa lệnh f17dY5YW0E9ML410xVVt
2026-05-01 09:48:59 [INFO][SYNCER] [Downlink] DISPATCH: TFjjR5ha9yVdCFOXBGG9 [turn_on] → Redis[device_commands]
2026-05-01 09:48:59 [INFO][SYNCER] Firestore device [bedroom_01/fan_bd_1] → ON (On-Change write)
2026-05-01 09:49:00 [INFO][SYNCER] [Downlink] CLEANUP: Đã xóa lệnh TFjjR5ha9yVdCFOXBGG9
2026-05-01 09:49:28 [INFO][SYNCER] Firestore: Batch flush 114 sensor history rows
2026-05-01 09:49:28 [INFO][SYNCER] Flushed 114 sensor history rows to Firestore
2026-05-01 09:49:40 [INFO][SYNCER] [Downlink] DISPATCH: aJBfRsWzbzZJrgOtnkyp [turn_off] → Redis[device_commands]
2026-05-01 09:49:41 [INFO][SYNCER] Firestore device [bedroom_01/fan_bd_1] → OFF (On-Change write)
2026-05-01 09:49:41 [INFO][SYNCER] [Downlink] CLEANUP: Đã xóa lệnh aJBfRsWzbzZJrgOtnkyp
2026-05-01 09:49:41 [INFO][SYNCER] [Downlink] DISPATCH: oiQANFrldLCpxMMhVGdT [turn_off] → Redis[device_commands]
2026-05-01 09:49:41 [INFO][SYNCER] Firestore device [bedroom_01/light_bd_1] → OFF (On-Change write)
2026-05-01 09:49:41 [INFO][SYNCER] [Downlink] CLEANUP: Đã xóa lệnh oiQANFrldLCpxMMhVGdT
2026-05-01 13:18:26 [INFO][SYNCER] SyncWorker starting...
2026-05-01 13:18:26 [INFO][SYNCER] Waiting for SD2 (timeout 300s before degraded mode)...
2026-05-01 13:18:26 [INFO][SYNCER] =======================================================
2026-05-01 13:18:26 [INFO][SYNCER] firebase_sync v2.1 starting — project: nhathongminh-myhome
2026-05-01 13:18:26 [INFO][SYNCER] Uplink: On-Change (no throttle) | Downlink: Firestore listener
2026-05-01 13:18:26 [INFO][SYNCER] =======================================================
2026-05-01 13:18:27 [INFO][SYNCER] Sử dụng Service Account: /home/pi/smarthome_prj/GATEWAY/firebase-service-account.json
2026-05-01 13:18:27 [INFO][SYNCER] Redis connected at localhost:6379
2026-05-01 13:18:27 [INFO][SYNCER] Chạy auto-provisioning...
2026-05-01 13:18:27 [INFO][SYNCER] === AUTO-PROVISIONING BẮT ĐẦU ===
=======================================================
  SmartHome Gateway — Starting
=======================================================
[MAIN] DB schema applied
[MAIN] DB init complete
[BUS] MessageBus started
[BUS] MQTT connected & subscribed
[WATCHDOG] Safety watchdog started
[NET] Network watchdog started (NTP-only, no RTC)
[BUS] Outbound loop started
[NET] Internet: ON
[NET] NTP already synchronized via systemd-timesyncd
[MAIN] FirebaseSync worker started
[MAIN] All workers started
[BRIDGE] Realtime bridge started
[AUTO] Cache loaded: 3 rules, 0 schedules
[SCHEDULER] Started
[API] Registered /api: auth
[API] Registered /api: sensors
[API] Registered /api: devices
[API] Registered /api: automation
[API] Registered /api: logs
[API] Registered /api: rfid
[API] Registered /api: wifi
[AUTO] Command listener started
[API] Registered /api: ota
[API] Registered /api: system
=======================================================
[MAIN] Gateway LIVE → http://0.0.0.0:5000/
[MAIN] API prefix:  http://0.0.0.0:5000/api/
=======================================================
 * Serving Flask app 'gateway_main'
 * Debug mode: off
2026-05-01 13:18:27 [INFO][SYNCER] [31m[1mWARNING: This is a development server. Do not use it in a production deployment. Use a production WSGI server instead.[0m
 * Running on all addresses (0.0.0.0)
 * Running on http://127.0.0.1:5000
 * Running on http://192.168.1.11:5000
2026-05-01 13:18:27 [INFO][SYNCER] [33mPress CTRL+C to quit[0m
2026-05-01 13:18:30 [INFO][SYNCER] === AUTO-PROVISIONING HOÀN TẤT (3 rooms) ===
2026-05-01 13:18:30 [INFO][SYNCER] Synced 3 rooms to Firestore (userId=aN2XKzWrzieBhBsOFhp7zFzHQaG3)
2026-05-01 13:18:30 [INFO][SYNCER] [Uplink] Stream started — channels: sensor/device/alert/wifi/ack/mqtt
2026-05-01 13:18:30 [INFO][SYNCER] [Downlink] CommandDispatcher started — listening Firestore /commands
2026-05-01 13:18:30 [INFO][SYNCER] Sensor history flush loop started (interval: 180s)
2026-05-01 13:18:31 [INFO][SYNCER] [Downlink] DISPATCH: ExTEUbRMnQX081Ny0Qfb [turn_off] → Redis[device_commands]
2026-05-01 13:18:31 [INFO][SYNCER] Firestore device [bedroom_01/light_bd_1] → OFF (On-Change write)
2026-05-01 13:18:31 [INFO][SYNCER] [Downlink] CLEANUP: Đã xóa lệnh ExTEUbRMnQX081Ny0Qfb
2026-05-01 13:18:31 [INFO][SYNCER] [Downlink] DISPATCH: GZOW9T8p7XMrZaFOytzN [turn_on] → Redis[device_commands]
2026-05-01 13:18:31 [INFO][SYNCER] Firestore device [bedroom_01/light_bd_1] → ON (On-Change write)
2026-05-01 13:18:31 [INFO][SYNCER] [Downlink] CLEANUP: Đã xóa lệnh GZOW9T8p7XMrZaFOytzN
2026-05-01 13:18:31 [INFO][SYNCER] [Downlink] DISPATCH: JkmJFF3gMh6DAYtlHsWf [turn_on] → Redis[device_commands]
2026-05-01 13:18:31 [INFO][SYNCER] Firestore device [bedroom_01/fan_bd_1] → ON (On-Change write)
2026-05-01 13:18:31 [INFO][SYNCER] [Downlink] CLEANUP: Đã xóa lệnh JkmJFF3gMh6DAYtlHsWf
2026-05-01 13:18:31 [INFO][SYNCER] [Downlink] DISPATCH: f8SRLoZ7FjG5h3ovobUP [turn_off] → Redis[device_commands]
2026-05-01 13:18:31 [INFO][SYNCER] Firestore device [bedroom_01/fan_bd_1] → OFF (On-Change write)
2026-05-01 13:18:31 [INFO][SYNCER] [Downlink] CLEANUP: Đã xóa lệnh f8SRLoZ7FjG5h3ovobUP
2026-05-01 13:19:18 [INFO][SYNCER] [Downlink] DISPATCH: D0WP7OtQwu7ksDLQsTMU [turn_on] → Redis[device_commands]
2026-05-01 13:19:19 [INFO][SYNCER] Firestore device [bedroom_01/fan_bd_1] → ON (On-Change write)
2026-05-01 13:19:19 [INFO][SYNCER] [Downlink] CLEANUP: Đã xóa lệnh D0WP7OtQwu7ksDLQsTMU
2026-05-01 13:19:22 [INFO][SYNCER] [Downlink] DISPATCH: 4qAaANwqNGnuJR6VkKts [turn_off] → Redis[device_commands]
2026-05-01 13:19:22 [INFO][SYNCER] Firestore device [bedroom_01/fan_bd_1] → OFF (On-Change write)
2026-05-01 13:19:22 [INFO][SYNCER] [Downlink] CLEANUP: Đã xóa lệnh 4qAaANwqNGnuJR6VkKts
2026-05-01 13:19:25 [INFO][SYNCER] [Downlink] DISPATCH: KoNbSwHVVJ9OA2VOCD48 [turn_off] → Redis[device_commands]
2026-05-01 13:19:25 [INFO][SYNCER] Firestore device [bedroom_01/light_bd_1] → OFF (On-Change write)
2026-05-01 13:19:25 [INFO][SYNCER] [Downlink] CLEANUP: Đã xóa lệnh KoNbSwHVVJ9OA2VOCD48
2026-05-01 13:19:27 [INFO][SYNCER] [Downlink] DISPATCH: 0ho2HjbSa20krVsnVOSD [turn_on] → Redis[device_commands]
2026-05-01 13:19:27 [INFO][SYNCER] Firestore device [bedroom_01/light_bd_1] → ON (On-Change write)
2026-05-01 13:19:27 [INFO][SYNCER] [Downlink] CLEANUP: Đã xóa lệnh 0ho2HjbSa20krVsnVOSD
2026-05-01 13:19:31 [INFO][SYNCER] [Downlink] DISPATCH: 5Qyu4YuSqiOufSxihNZV [turn_on] → Redis[device_commands]
2026-05-01 13:19:31 [INFO][SYNCER] Firestore device [bedroom_01/fan_bd_1] → ON (On-Change write)
2026-05-01 13:19:31 [INFO][SYNCER] [Downlink] CLEANUP: Đã xóa lệnh 5Qyu4YuSqiOufSxihNZV
2026-05-01 13:20:04 [INFO][SYNCER] SyncWorker starting...
2026-05-01 13:20:04 [INFO][SYNCER] Waiting for SD2 (timeout 300s before degraded mode)...
2026-05-01 13:20:04 [INFO][SYNCER] =======================================================
2026-05-01 13:20:04 [INFO][SYNCER] firebase_sync v2.1 starting — project: nhathongminh-myhome
2026-05-01 13:20:04 [INFO][SYNCER] Uplink: On-Change (no throttle) | Downlink: Firestore listener
2026-05-01 13:20:04 [INFO][SYNCER] =======================================================
2026-05-01 13:20:05 [INFO][SYNCER] Sử dụng Service Account: /home/pi/smarthome_prj/GATEWAY/firebase-service-account.json
2026-05-01 13:20:05 [INFO][SYNCER] Redis connected at localhost:6379
2026-05-01 13:20:05 [INFO][SYNCER] Chạy auto-provisioning...
2026-05-01 13:20:05 [INFO][SYNCER] === AUTO-PROVISIONING BẮT ĐẦU ===
=======================================================
  SmartHome Gateway — Starting
=======================================================
[MAIN] DB schema applied
[MAIN] DB init complete
[BUS] MessageBus started
[BUS] MQTT connected & subscribed
[WATCHDOG] Safety watchdog started
[NET] Network watchdog started (NTP-only, no RTC)
[BUS] Outbound loop started
[NET] Internet: ON
[NET] NTP already synchronized via systemd-timesyncd
[MAIN] FirebaseSync worker started
[MAIN] All workers started
[BRIDGE] Realtime bridge started
[AUTO] Cache loaded: 3 rules, 0 schedules
[SCHEDULER] Started
[API] Registered /api: auth
[API] Registered /api: sensors
[AUTO] Command listener started
[API] Registered /api: devices
[API] Registered /api: automation
[API] Registered /api: logs
[API] Registered /api: rfid
[API] Registered /api: wifi
[API] Registered /api: ota
[API] Registered /api: system
=======================================================
[MAIN] Gateway LIVE → http://0.0.0.0:5000/
[MAIN] API prefix:  http://0.0.0.0:5000/api/
=======================================================
 * Serving Flask app 'gateway_main'
 * Debug mode: off
2026-05-01 13:20:05 [INFO][SYNCER] [31m[1mWARNING: This is a development server. Do not use it in a production deployment. Use a production WSGI server instead.[0m
 * Running on all addresses (0.0.0.0)
 * Running on http://127.0.0.1:5000
 * Running on http://192.168.1.11:5000
2026-05-01 13:20:05 [INFO][SYNCER] [33mPress CTRL+C to quit[0m
2026-05-01 13:20:07 [INFO][SYNCER] === AUTO-PROVISIONING HOÀN TẤT (3 rooms) ===
2026-05-01 13:20:07 [INFO][SYNCER] Synced 3 rooms to Firestore (userId=aN2XKzWrzieBhBsOFhp7zFzHQaG3)
2026-05-01 13:20:07 [INFO][SYNCER] [Downlink] CommandDispatcher started — listening Firestore /commands
2026-05-01 13:20:07 [INFO][SYNCER] [Uplink] Stream started — channels: sensor/device/alert/wifi/ack/mqtt
2026-05-01 13:20:07 [INFO][SYNCER] Sensor history flush loop started (interval: 180s)
2026-05-01 13:20:45 [INFO][SYNCER] [Downlink] DISPATCH: PJu1smvkwRZpEx2OmNsy [turn_off] → Redis[device_commands]
2026-05-01 13:20:45 [INFO][SYNCER] Firestore device [bedroom_01/light_bd_1] → OFF (On-Change write)
2026-05-01 13:20:45 [INFO][SYNCER] [Downlink] CLEANUP: Đã xóa lệnh PJu1smvkwRZpEx2OmNsy
2026-05-01 13:20:46 [INFO][SYNCER] [Downlink] DISPATCH: SJLcjyzF3s19y7a6cXYI [turn_on] → Redis[device_commands]
2026-05-01 13:20:46 [INFO][SYNCER] Firestore device [bedroom_01/light_bd_1] → ON (On-Change write)
2026-05-01 13:20:46 [INFO][SYNCER] [Downlink] CLEANUP: Đã xóa lệnh SJLcjyzF3s19y7a6cXYI
2026-05-01 13:23:08 [INFO][SYNCER] Firestore: Batch flush 232 sensor history rows
2026-05-01 13:23:08 [INFO][SYNCER] Flushed 232 sensor history rows to Firestore
2026-05-01 13:25:02 [INFO][SYNCER] SyncWorker starting...
2026-05-01 13:25:02 [INFO][SYNCER] Waiting for SD2 (timeout 300s before degraded mode)...
2026-05-01 13:25:03 [INFO][SYNCER] =======================================================
2026-05-01 13:25:03 [INFO][SYNCER] firebase_sync v2.1 starting — project: nhathongminh-myhome
2026-05-01 13:25:03 [INFO][SYNCER] Uplink: On-Change (no throttle) | Downlink: Firestore listener
2026-05-01 13:25:03 [INFO][SYNCER] =======================================================
2026-05-01 13:25:03 [INFO][SYNCER] Sử dụng Service Account: /home/pi/smarthome_prj/GATEWAY/firebase-service-account.json
2026-05-01 13:25:03 [INFO][SYNCER] Redis connected at localhost:6379
2026-05-01 13:25:03 [INFO][SYNCER] Chạy auto-provisioning...
2026-05-01 13:25:03 [INFO][SYNCER] === AUTO-PROVISIONING BẮT ĐẦU ===
=======================================================
  SmartHome Gateway — Starting
=======================================================
[MAIN] DB schema applied
[MAIN] DB init complete
[BUS] MessageBus started
[BUS] MQTT connected & subscribed
[WATCHDOG] Safety watchdog started
[NET] Network watchdog started (NTP-only, no RTC)
[BUS] Outbound loop started
[NET] Internet: ON
[NET] NTP already synchronized via systemd-timesyncd
[MAIN] FirebaseSync worker started
[MAIN] All workers started
[BRIDGE] Realtime bridge started
[AUTO] Cache loaded: 3 rules, 0 schedules
[SCHEDULER] Started
[AUTO] Command listener started
[API] Registered /api: auth
[API] Registered /api: sensors
[API] Registered /api: devices
[API] Registered /api: automation
[API] Registered /api: logs
[API] Registered /api: rfid
[API] Registered /api: wifi
[API] Registered /api: ota
[API] Registered /api: system
=======================================================
[MAIN] Gateway LIVE → http://0.0.0.0:5000/
[MAIN] API prefix:  http://0.0.0.0:5000/api/
=======================================================
 * Serving Flask app 'gateway_main'
 * Debug mode: off
2026-05-01 13:25:03 [INFO][SYNCER] [31m[1mWARNING: This is a development server. Do not use it in a production deployment. Use a production WSGI server instead.[0m
 * Running on all addresses (0.0.0.0)
 * Running on http://127.0.0.1:5000
 * Running on http://192.168.1.11:5000
2026-05-01 13:25:03 [INFO][SYNCER] [33mPress CTRL+C to quit[0m
2026-05-01 13:25:06 [INFO][SYNCER] === AUTO-PROVISIONING HOÀN TẤT (3 rooms) ===
2026-05-01 13:25:06 [INFO][SYNCER] Synced 3 rooms to Firestore (userId=aN2XKzWrzieBhBsOFhp7zFzHQaG3)
2026-05-01 13:25:06 [INFO][SYNCER] [Uplink] Stream started — channels: sensor/device/alert/wifi/ack/mqtt
2026-05-01 13:25:06 [INFO][SYNCER] [Downlink] CommandDispatcher started — listening Firestore /commands
2026-05-01 13:25:06 [INFO][SYNCER] Sensor history flush loop started (interval: 180s)
2026-05-01 13:25:23 [INFO][SYNCER] [Downlink] DISPATCH: yHdyjYFZGBb8aorXgaBX [turn_off] → Redis[device_commands]
2026-05-01 13:25:23 [INFO][SYNCER] Firestore device [bedroom_01/light_bd_1] → OFF (On-Change write)
2026-05-01 13:25:23 [INFO][SYNCER] [Downlink] CLEANUP: Đã xóa lệnh yHdyjYFZGBb8aorXgaBX
2026-05-01 13:25:25 [INFO][SYNCER] [Downlink] DISPATCH: MF1kni0szUHfanOHRLZV [turn_on] → Redis[device_commands]
2026-05-01 13:25:25 [INFO][SYNCER] Firestore device [bedroom_01/light_bd_1] → ON (On-Change write)
2026-05-01 13:25:25 [INFO][SYNCER] [Downlink] CLEANUP: Đã xóa lệnh MF1kni0szUHfanOHRLZV
2026-05-01 13:25:34 [INFO][SYNCER] [Downlink] DISPATCH: boQsGdKRtAsJJXxmIpP6 [turn_off] → Redis[device_commands]
2026-05-01 13:25:34 [INFO][SYNCER] Firestore device [bedroom_01/fan_bd_1] → OFF (On-Change write)
2026-05-01 13:25:34 [INFO][SYNCER] [Downlink] CLEANUP: Đã xóa lệnh boQsGdKRtAsJJXxmIpP6
2026-05-01 13:27:31 [INFO][SYNCER] [Downlink] DISPATCH: ekX8mVqVmEEtPeoSO9k3 [turn_off] → Redis[device_commands]
2026-05-01 13:27:31 [INFO][SYNCER] Firestore device [bedroom_01/light_bd_1] → OFF (On-Change write)
2026-05-01 13:27:31 [INFO][SYNCER] [Downlink] CLEANUP: Đã xóa lệnh ekX8mVqVmEEtPeoSO9k3
2026-05-01 13:28:07 [INFO][SYNCER] Firestore: Batch flush 208 sensor history rows
2026-05-01 13:28:07 [INFO][SYNCER] Flushed 208 sensor history rows to Firestore
2026-05-01 13:30:02 [INFO][SYNCER] SyncWorker running (storage: sd2)
2026-05-01 13:30:02 [INFO][SYNCER] DB rotated → /mnt/sd2/data/data_2026-05-01.db (mode: sd2)
2026-05-01 13:31:08 [INFO][SYNCER] Firestore: Batch flush 144 sensor history rows
2026-05-01 13:31:08 [INFO][SYNCER] Flushed 144 sensor history rows to Firestore
2026-05-01 13:34:09 [INFO][SYNCER] Firestore: Batch flush 144 sensor history rows
2026-05-01 13:34:09 [INFO][SYNCER] Flushed 144 sensor history rows to Firestore
2026-05-01 13:37:09 [INFO][SYNCER] Firestore: Batch flush 144 sensor history rows
2026-05-01 13:37:09 [INFO][SYNCER] Flushed 144 sensor history rows to Firestore
2026-05-01 13:40:10 [INFO][SYNCER] Firestore: Batch flush 144 sensor history rows
2026-05-01 13:40:10 [INFO][SYNCER] Flushed 144 sensor history rows to Firestore
2026-05-01 13:43:11 [INFO][SYNCER] Firestore: Batch flush 144 sensor history rows
2026-05-01 13:43:11 [INFO][SYNCER] Flushed 144 sensor history rows to Firestore
2026-05-01 13:46:11 [INFO][SYNCER] Firestore: Batch flush 144 sensor history rows
2026-05-01 13:46:11 [INFO][SYNCER] Flushed 144 sensor history rows to Firestore
2026-05-01 13:49:12 [INFO][SYNCER] Firestore: Batch flush 144 sensor history rows
2026-05-01 13:49:12 [INFO][SYNCER] Flushed 144 sensor history rows to Firestore
2026-05-01 13:52:13 [INFO][SYNCER] Firestore: Batch flush 148 sensor history rows
2026-05-01 13:52:13 [INFO][SYNCER] Flushed 148 sensor history rows to Firestore
2026-05-01 13:55:13 [INFO][SYNCER] Firestore: Batch flush 144 sensor history rows
2026-05-01 13:55:13 [INFO][SYNCER] Flushed 144 sensor history rows to Firestore
2026-05-01 13:58:14 [INFO][SYNCER] Firestore: Batch flush 144 sensor history rows
2026-05-01 13:58:14 [INFO][SYNCER] Flushed 144 sensor history rows to Firestore
2026-05-01 14:01:15 [INFO][SYNCER] Firestore: Batch flush 144 sensor history rows
2026-05-01 14:01:15 [INFO][SYNCER] Flushed 144 sensor history rows to Firestore
2026-05-01 14:04:15 [INFO][SYNCER] Firestore: Batch flush 144 sensor history rows
2026-05-01 14:04:15 [INFO][SYNCER] Flushed 144 sensor history rows to Firestore
2026-05-01 14:32:20 [INFO][SYNCER] SyncWorker starting...
2026-05-01 14:32:20 [INFO][SYNCER] Waiting for SD2 (timeout 300s before degraded mode)...
2026-05-01 14:32:21 [INFO][SYNCER] ============================================================
2026-05-01 14:32:21 [INFO][SYNCER] firebase_sync v2.2 starting — project: nhathongminh-myhome
2026-05-01 14:32:21 [INFO][SYNCER] FIX A1: Single Writer RTDB (mqtt_inbound only)
2026-05-01 14:32:21 [INFO][SYNCER] FIX B1: No force_update — ESP32 feedback is source of truth
2026-05-01 14:32:21 [INFO][SYNCER] ============================================================
2026-05-01 14:32:21 [INFO][SYNCER] Sử dụng Service Account: /home/pi/smarthome_prj/GATEWAY/firebase-service-account.json
2026-05-01 14:32:21 [INFO][SYNCER] Redis connected at localhost:6379
2026-05-01 14:32:21 [INFO][SYNCER] Chạy auto-provisioning...
2026-05-01 14:32:21 [INFO][SYNCER] === AUTO-PROVISIONING BẮT ĐẦU ===
=======================================================
  SmartHome Gateway — Starting
=======================================================
[MAIN] DB schema applied
[MAIN] DB init complete
[BUS] MessageBus started
[WATCHDOG] Safety watchdog started (thread-safe sensor read)
[BUS] MQTT connected & subscribed
[BUS] Outbound loop started
[NET] Dual interface detected: Hotspot=wlan0, Uplink=p2p-dev-wlan0
[NET] Network watchdog started — Hotspot:wlan0 Uplink:p2p-dev-wlan0
[NET] Internet: ON
[NET] NTP already synchronized via systemd-timesyncd
[MAIN] FirebaseSync worker started
[MAIN] All workers started
[BRIDGE] Realtime bridge started
[AUTO] Cache loaded: 3 rules, 0 schedules
[SCHEDULER] Started
[API] Registered /api: auth
[API] Registered /api: sensors
[AUTO] Command listener started
[API] Registered /api: devices
[API] Registered /api: automation
[API] Registered /api: logs
[API] Registered /api: rfid
[API] Registered /api: wifi
[API] Registered /api: ota
[API] Registered /api: system
=======================================================
[MAIN] Gateway LIVE → http://0.0.0.0:5000/
[MAIN] API prefix:  http://0.0.0.0:5000/api/
=======================================================
 * Serving Flask app 'gateway_main'
 * Debug mode: off
2026-05-01 14:32:21 [INFO][SYNCER] [31m[1mWARNING: This is a development server. Do not use it in a production deployment. Use a production WSGI server instead.[0m
 * Running on all addresses (0.0.0.0)
 * Running on http://127.0.0.1:5000
 * Running on http://192.168.1.11:5000
2026-05-01 14:32:21 [INFO][SYNCER] [33mPress CTRL+C to quit[0m
2026-05-01 14:32:24 [INFO][SYNCER] === AUTO-PROVISIONING HOÀN TẤT (3 rooms) ===
2026-05-01 14:32:24 [INFO][SYNCER] Synced 3 rooms to Firestore (userId=aN2XKzWrzieBhBsOFhp7zFzHQaG3)
2026-05-01 14:32:24 [INFO][SYNCER] [Uplink] Stream started (FIX A1: mqtt_inbound only for RTDB sensor)
2026-05-01 14:32:24 [INFO][SYNCER] [Downlink] CommandDispatcher started — listening Firestore /commands
2026-05-01 14:32:24 [INFO][SYNCER] Sensor history flush loop started (interval: 180s)
2026-05-01 14:32:53 [INFO][SYNCER] SyncWorker starting...
2026-05-01 14:32:53 [INFO][SYNCER] Waiting for SD2 (timeout 300s before degraded mode)...
2026-05-01 14:32:54 [INFO][SYNCER] ============================================================
2026-05-01 14:32:54 [INFO][SYNCER] firebase_sync v2.2 starting — project: nhathongminh-myhome
2026-05-01 14:32:54 [INFO][SYNCER] FIX A1: Single Writer RTDB (mqtt_inbound only)
2026-05-01 14:32:54 [INFO][SYNCER] FIX B1: No force_update — ESP32 feedback is source of truth
2026-05-01 14:32:54 [INFO][SYNCER] ============================================================
2026-05-01 14:32:54 [INFO][SYNCER] Sử dụng Service Account: /home/pi/smarthome_prj/GATEWAY/firebase-service-account.json
2026-05-01 14:32:54 [INFO][SYNCER] Redis connected at localhost:6379
2026-05-01 14:32:54 [INFO][SYNCER] Chạy auto-provisioning...
2026-05-01 14:32:54 [INFO][SYNCER] === AUTO-PROVISIONING BẮT ĐẦU ===
=======================================================
  SmartHome Gateway — Starting
=======================================================
[MAIN] DB schema applied
[MAIN] DB init complete
[BUS] MessageBus started
[BUS] MQTT connected & subscribed
[WATCHDOG] Safety watchdog started (thread-safe sensor read)
[BUS] Outbound loop started
[NET] Dual interface detected: Hotspot=wlan0, Uplink=p2p-dev-wlan0
[NET] Network watchdog started — Hotspot:wlan0 Uplink:p2p-dev-wlan0
[NET] Internet: ON
[MAIN] FirebaseSync worker started
[MAIN] All workers started
[BRIDGE] Realtime bridge started
[NET] NTP already synchronized via systemd-timesyncd
[API] Registered /api: auth
[API] Registered /api: sensors
[AUTO] Cache loaded: 3 rules, 0 schedules
[SCHEDULER] Started
[API] Registered /api: devices
[API] Registered /api: automation
[API] Registered /api: logs
[AUTO] Command listener started
[API] Registered /api: rfid
[API] Registered /api: wifi
[API] Registered /api: ota
[API] Registered /api: system
=======================================================
[MAIN] Gateway LIVE → http://0.0.0.0:5000/
[MAIN] API prefix:  http://0.0.0.0:5000/api/
=======================================================
 * Serving Flask app 'gateway_main'
 * Debug mode: off
2026-05-01 14:32:54 [INFO][SYNCER] [31m[1mWARNING: This is a development server. Do not use it in a production deployment. Use a production WSGI server instead.[0m
 * Running on all addresses (0.0.0.0)
 * Running on http://127.0.0.1:5000
 * Running on http://192.168.1.11:5000
2026-05-01 14:32:54 [INFO][SYNCER] [33mPress CTRL+C to quit[0m
2026-05-01 14:32:57 [INFO][SYNCER] === AUTO-PROVISIONING HOÀN TẤT (3 rooms) ===
2026-05-01 14:32:57 [INFO][SYNCER] Synced 3 rooms to Firestore (userId=aN2XKzWrzieBhBsOFhp7zFzHQaG3)
2026-05-01 14:32:57 [INFO][SYNCER] [Downlink] CommandDispatcher started — listening Firestore /commands
2026-05-01 14:32:57 [INFO][SYNCER] Sensor history flush loop started (interval: 180s)
2026-05-01 14:32:57 [INFO][SYNCER] [Uplink] Stream started (FIX A1: mqtt_inbound only for RTDB sensor)
2026-05-01 14:33:08 [INFO][SYNCER] [Downlink] DISPATCH: XDU1ReykCtUViyWmrX3J [turn_on] → Redis[device_commands]
2026-05-01 14:33:08 [INFO][SYNCER] [Downlink] CLEANUP: Đã xóa lệnh XDU1ReykCtUViyWmrX3J
2026-05-01 14:33:09 [INFO][SYNCER] [Downlink] DISPATCH: R9yoWyk2pvbMsg4SU5jq [turn_off] → Redis[device_commands]
2026-05-01 14:33:09 [INFO][SYNCER] [Downlink] CLEANUP: Đã xóa lệnh R9yoWyk2pvbMsg4SU5jq
2026-05-01 14:33:21 [INFO][SYNCER] [Downlink] DISPATCH: NjHeyIPaE6S8rR5GagNR [turn_on] → Redis[device_commands]
2026-05-01 14:33:22 [INFO][SYNCER] [Downlink] CLEANUP: Đã xóa lệnh NjHeyIPaE6S8rR5GagNR
2026-05-01 14:33:25 [INFO][SYNCER] [Downlink] DISPATCH: 6qaKDRTpDRQLUxIOY7Cl [turn_off] → Redis[device_commands]
2026-05-01 14:33:25 [INFO][SYNCER] [Downlink] CLEANUP: Đã xóa lệnh 6qaKDRTpDRQLUxIOY7Cl
2026-05-01 14:33:26 [INFO][SYNCER] [Downlink] DISPATCH: N2RligHpDMMxCPCvHS40 [turn_on] → Redis[device_commands]
2026-05-01 14:33:27 [INFO][SYNCER] [Downlink] CLEANUP: Đã xóa lệnh N2RligHpDMMxCPCvHS40
2026-05-01 14:33:28 [INFO][SYNCER] [Downlink] DISPATCH: vtARORL7HwNlP1Al1twC [turn_off] → Redis[device_commands]
2026-05-01 14:33:28 [INFO][SYNCER] [Downlink] CLEANUP: Đã xóa lệnh vtARORL7HwNlP1Al1twC
2026-05-01 14:33:31 [INFO][SYNCER] [Downlink] DISPATCH: F2iNgN83PNJ9jazAbW4i [turn_on] → Redis[device_commands]
2026-05-01 14:33:31 [INFO][SYNCER] [Downlink] CLEANUP: Đã xóa lệnh F2iNgN83PNJ9jazAbW4i
2026-05-01 14:33:32 [INFO][SYNCER] [Downlink] DISPATCH: u8oa0SzwBq4qxNoZMkOZ [turn_off] → Redis[device_commands]
2026-05-01 14:33:32 [INFO][SYNCER] [Downlink] CLEANUP: Đã xóa lệnh u8oa0SzwBq4qxNoZMkOZ
2026-05-01 14:33:44 [INFO][SYNCER] [Downlink] DISPATCH: g4EIpJKUYBsE6zjN38k8 [turn_on] → Redis[device_commands]
2026-05-01 14:33:44 [INFO][SYNCER] [Downlink] CLEANUP: Đã xóa lệnh g4EIpJKUYBsE6zjN38k8
2026-05-01 14:33:45 [INFO][SYNCER] [Downlink] DISPATCH: F52Q5kK9X7kwRzBZXVBI [turn_off] → Redis[device_commands]
2026-05-01 14:33:45 [INFO][SYNCER] [Downlink] CLEANUP: Đã xóa lệnh F52Q5kK9X7kwRzBZXVBI
2026-05-01 14:35:17 [INFO][SYNCER] [Downlink] DISPATCH: haE7bctflNSF3L6TnoUF [turn_on] → Redis[device_commands]
2026-05-01 14:35:17 [INFO][SYNCER] [Downlink] CLEANUP: Đã xóa lệnh haE7bctflNSF3L6TnoUF
2026-05-01 14:35:23 [INFO][SYNCER] [Downlink] DISPATCH: SVXQ2C34vQEElQ5NFjgP [turn_off] → Redis[device_commands]
2026-05-01 14:35:23 [INFO][SYNCER] [Downlink] CLEANUP: Đã xóa lệnh SVXQ2C34vQEElQ5NFjgP
2026-05-01 14:35:26 [INFO][SYNCER] [Downlink] DISPATCH: PC8jg0jo8sl87GLojmIH [turn_on] → Redis[device_commands]
2026-05-01 14:35:26 [INFO][SYNCER] [Downlink] CLEANUP: Đã xóa lệnh PC8jg0jo8sl87GLojmIH
2026-05-01 14:35:28 [INFO][SYNCER] [Downlink] DISPATCH: Ta7UPLiwY1Ss5w8x0uZv [turn_off] → Redis[device_commands]
2026-05-01 14:35:28 [INFO][SYNCER] [Downlink] CLEANUP: Đã xóa lệnh Ta7UPLiwY1Ss5w8x0uZv
2026-05-01 14:35:54 [INFO][SYNCER] [Downlink] DISPATCH: rGE9Grd6yH94pIPu91TR [turn_on] → Redis[device_commands]
2026-05-01 14:35:54 [INFO][SYNCER] [Downlink] CLEANUP: Đã xóa lệnh rGE9Grd6yH94pIPu91TR
2026-05-01 14:35:55 [INFO][SYNCER] [Downlink] DISPATCH: yKFWdIz6oYYjG251FogX [turn_off] → Redis[device_commands]
2026-05-01 14:35:55 [INFO][SYNCER] [Downlink] CLEANUP: Đã xóa lệnh yKFWdIz6oYYjG251FogX
2026-05-01 14:35:57 [INFO][SYNCER] [Downlink] DISPATCH: iOyYOdxqkeYkaovB4yKn [turn_on] → Redis[device_commands]
2026-05-01 14:35:57 [INFO][SYNCER] [Downlink] CLEANUP: Đã xóa lệnh iOyYOdxqkeYkaovB4yKn
2026-05-01 14:35:58 [INFO][SYNCER] Firestore: Batch flush 198 sensor history rows
2026-05-01 14:35:58 [INFO][SYNCER] Flushed 198 sensor history rows to Firestore
2026-05-01 14:35:59 [INFO][SYNCER] [Downlink] DISPATCH: lKWLusNAoHttGkPUTLa1 [turn_off] → Redis[device_commands]
2026-05-01 14:36:00 [INFO][SYNCER] [Downlink] CLEANUP: Đã xóa lệnh lKWLusNAoHttGkPUTLa1
2026-05-01 14:36:02 [INFO][SYNCER] [Downlink] DISPATCH: KxZYycRYSn20sySxoOe9 [turn_on] → Redis[device_commands]
2026-05-01 14:36:03 [INFO][SYNCER] [Downlink] CLEANUP: Đã xóa lệnh KxZYycRYSn20sySxoOe9
2026-05-01 14:36:05 [INFO][SYNCER] [Downlink] DISPATCH: m52MSWm1QPOOq12WFPCm [turn_off] → Redis[device_commands]
2026-05-01 14:36:05 [INFO][SYNCER] [Downlink] CLEANUP: Đã xóa lệnh m52MSWm1QPOOq12WFPCm
2026-05-01 14:37:53 [INFO][SYNCER] SyncWorker running (storage: sd2)
2026-05-01 14:37:53 [INFO][SYNCER] DB rotated → /mnt/sd2/data/data_2026-05-01.db (mode: sd2)
2026-05-01 14:38:59 [INFO][SYNCER] Firestore: Batch flush 62 sensor history rows
2026-05-01 14:38:59 [INFO][SYNCER] Flushed 62 sensor history rows to Firestore
2026-05-01 14:40:44 [INFO][SYNCER] [Downlink] DISPATCH: 5cTep9TyZG1APt9SiOgc [turn_on] → Redis[device_commands]
2026-05-01 14:40:44 [INFO][SYNCER] [Downlink] CLEANUP: Đã xóa lệnh 5cTep9TyZG1APt9SiOgc
2026-05-01 14:40:45 [INFO][SYNCER] [Downlink] DISPATCH: HnY5l0igQBOL4n1ATWqj [turn_on] → Redis[device_commands]
2026-05-01 14:40:45 [INFO][SYNCER] [Downlink] CLEANUP: Đã xóa lệnh HnY5l0igQBOL4n1ATWqj
2026-05-01 14:40:56 [INFO][SYNCER] [Downlink] DISPATCH: 4KKj5nMaVyyvfTYXYwCQ [turn_off] → Redis[device_commands]
2026-05-01 14:40:56 [INFO][SYNCER] [Downlink] CLEANUP: Đã xóa lệnh 4KKj5nMaVyyvfTYXYwCQ
2026-05-01 14:40:57 [INFO][SYNCER] [Downlink] DISPATCH: XdDn8gOnVFVU1sx6eLYX [turn_off] → Redis[device_commands]
2026-05-01 14:40:57 [INFO][SYNCER] [Downlink] CLEANUP: Đã xóa lệnh XdDn8gOnVFVU1sx6eLYX
2026-05-01 14:40:59 [INFO][SYNCER] [Downlink] DISPATCH: HVlvMKD13G2z0BgsxK2k [turn_on] → Redis[device_commands]
2026-05-01 14:40:59 [INFO][SYNCER] [Downlink] CLEANUP: Đã xóa lệnh HVlvMKD13G2z0BgsxK2k
2026-05-01 14:41:02 [INFO][SYNCER] [Downlink] DISPATCH: Kk4pU2eJFoqiPTRuU4Cz [turn_on] → Redis[device_commands]
2026-05-01 14:41:02 [INFO][SYNCER] [Downlink] CLEANUP: Đã xóa lệnh Kk4pU2eJFoqiPTRuU4Cz
2026-05-01 14:46:13 [INFO][SYNCER] SyncWorker starting...
2026-05-01 14:46:13 [INFO][SYNCER] Waiting for SD2 (timeout 300s before degraded mode)...
2026-05-01 14:46:13 [INFO][SYNCER] ============================================================
2026-05-01 14:46:13 [INFO][SYNCER] firebase_sync v2.2 starting — project: nhathongminh-myhome
2026-05-01 14:46:13 [INFO][SYNCER] FIX A1: Single Writer RTDB (mqtt_inbound only)
2026-05-01 14:46:13 [INFO][SYNCER] FIX B1: No force_update — ESP32 feedback is source of truth
2026-05-01 14:46:13 [INFO][SYNCER] ============================================================
2026-05-01 14:46:14 [INFO][SYNCER] Sử dụng Service Account: /home/pi/smarthome_prj/GATEWAY/firebase-service-account.json
2026-05-01 14:46:14 [INFO][SYNCER] Redis connected at localhost:6379
2026-05-01 14:46:14 [INFO][SYNCER] Chạy auto-provisioning...
2026-05-01 14:46:14 [INFO][SYNCER] === AUTO-PROVISIONING BẮT ĐẦU ===
=======================================================
  SmartHome Gateway — Starting
=======================================================
[MAIN] DB schema applied
[MAIN] DB init complete
[BUS] MessageBus started
[BUS] MQTT connected & subscribed
[WATCHDOG] Safety watchdog started (thread-safe sensor read)
[BUS] Outbound loop started
[NET] Dual interface detected: Hotspot=wlan0, Uplink=p2p-dev-wlan0
[NET] Network watchdog started — Hotspot:wlan0 Uplink:p2p-dev-wlan0
[NET] Internet: ON
[MAIN] FirebaseSync worker started
[MAIN] All workers started
[NET] NTP already synchronized via systemd-timesyncd
[BRIDGE] Realtime bridge started
[AUTO] Cache loaded: 3 rules, 0 schedules
[SCHEDULER] Started
[API] Registered /api: auth
[API] Registered /api: sensors
[API] Registered /api: devices
[API] Registered /api: automation
[AUTO] Command listener started
[API] Registered /api: logs
[API] Registered /api: rfid
[API] Registered /api: wifi
[API] Registered /api: ota
[API] Registered /api: system
=======================================================
[MAIN] Gateway LIVE → http://0.0.0.0:5000/
[MAIN] API prefix:  http://0.0.0.0:5000/api/
=======================================================
 * Serving Flask app 'gateway_main'
 * Debug mode: off
2026-05-01 14:46:14 [INFO][SYNCER] [31m[1mWARNING: This is a development server. Do not use it in a production deployment. Use a production WSGI server instead.[0m
 * Running on all addresses (0.0.0.0)
 * Running on http://127.0.0.1:5000
 * Running on http://192.168.1.11:5000
2026-05-01 14:46:14 [INFO][SYNCER] [33mPress CTRL+C to quit[0m
2026-05-01 14:46:16 [INFO][SYNCER] === AUTO-PROVISIONING HOÀN TẤT (3 rooms) ===
2026-05-01 14:46:16 [INFO][SYNCER] Synced 3 rooms to Firestore (userId=aN2XKzWrzieBhBsOFhp7zFzHQaG3)
2026-05-01 14:46:16 [INFO][SYNCER] [Downlink] CommandDispatcher started — listening Firestore /commands
2026-05-01 14:46:16 [INFO][SYNCER] Sensor history flush loop started (interval: 180s)
2026-05-01 14:46:16 [INFO][SYNCER] [Uplink] Stream started (FIX A1: mqtt_inbound only for RTDB sensor)
2026-05-01 14:46:16 [INFO][SYNCER] [Downlink] DISPATCH: 16IlJNJpZVTXof9sEjtA [turn_on] → Redis[device_commands]
2026-05-01 14:46:16 [INFO][SYNCER] [Downlink] CLEANUP: Đã xóa lệnh 16IlJNJpZVTXof9sEjtA
2026-05-01 14:46:16 [INFO][SYNCER] [Downlink] DISPATCH: QiScnBVDDsLYcQBIWHJR [turn_off] → Redis[device_commands]
2026-05-01 14:46:16 [INFO][SYNCER] [Downlink] CLEANUP: Đã xóa lệnh QiScnBVDDsLYcQBIWHJR
2026-05-01 14:46:16 [INFO][SYNCER] [Downlink] DISPATCH: QvyaPqjw2NloGpY4XBRj [turn_on] → Redis[device_commands]
2026-05-01 14:46:16 [INFO][SYNCER] [Downlink] CLEANUP: Đã xóa lệnh QvyaPqjw2NloGpY4XBRj
2026-05-01 14:46:16 [INFO][SYNCER] [Downlink] DISPATCH: XyQgs3z8DJuex21vIYYr [turn_off] → Redis[device_commands]
2026-05-01 14:46:16 [INFO][SYNCER] [Downlink] CLEANUP: Đã xóa lệnh XyQgs3z8DJuex21vIYYr
2026-05-01 14:46:16 [INFO][SYNCER] [Downlink] DISPATCH: YKBxFZYD8KSnRJ2gffyG [turn_off] → Redis[device_commands]
2026-05-01 14:46:16 [INFO][SYNCER] [Downlink] CLEANUP: Đã xóa lệnh YKBxFZYD8KSnRJ2gffyG
2026-05-01 14:46:16 [INFO][SYNCER] [Downlink] DISPATCH: eKbPrXNmjJlaM5GFwIiI [turn_on] → Redis[device_commands]
2026-05-01 14:46:16 [INFO][SYNCER] [Downlink] CLEANUP: Đã xóa lệnh eKbPrXNmjJlaM5GFwIiI
2026-05-01 14:49:16 [INFO][SYNCER] Firestore: Batch flush 200 sensor history rows
2026-05-01 14:49:17 [INFO][SYNCER] Flushed 200 sensor history rows to Firestore
2026-05-01 14:51:13 [INFO][SYNCER] SyncWorker running (storage: sd2)
2026-05-01 14:51:13 [INFO][SYNCER] DB rotated → /mnt/sd2/data/data_2026-05-01.db (mode: sd2)
2026-05-01 14:52:17 [INFO][SYNCER] Firestore: Batch flush 148 sensor history rows
2026-05-01 14:52:17 [INFO][SYNCER] Flushed 148 sensor history rows to Firestore
2026-05-01 14:53:32 [INFO][SYNCER] [Downlink] DISPATCH: ygdI7kgRy08xp02O2W6s [turn_on] → Redis[device_commands]
2026-05-01 14:53:32 [INFO][SYNCER] [Downlink] CLEANUP: Đã xóa lệnh ygdI7kgRy08xp02O2W6s
2026-05-01 14:53:35 [INFO][SYNCER] [Downlink] DISPATCH: kfXfh5TixazIncmO3pQs [turn_on] → Redis[device_commands]
2026-05-01 14:53:35 [INFO][SYNCER] [Downlink] CLEANUP: Đã xóa lệnh kfXfh5TixazIncmO3pQs
2026-05-01 14:53:39 [INFO][SYNCER] [Downlink] DISPATCH: R84MhDL622Y9eTzN1yjw [turn_off] → Redis[device_commands]
2026-05-01 14:53:39 [INFO][SYNCER] [Downlink] CLEANUP: Đã xóa lệnh R84MhDL622Y9eTzN1yjw
2026-05-01 14:53:43 [INFO][SYNCER] [Downlink] DISPATCH: 7X0hW99KUMwtTUY4RRyT [turn_off] → Redis[device_commands]
2026-05-01 14:53:43 [INFO][SYNCER] [Downlink] CLEANUP: Đã xóa lệnh 7X0hW99KUMwtTUY4RRyT
2026-05-01 14:55:18 [INFO][SYNCER] Firestore: Batch flush 144 sensor history rows
2026-05-01 14:55:18 [INFO][SYNCER] Flushed 144 sensor history rows to Firestore
[DISPATCH] SENT [automation|p=3]: bedroom_01/fan_bd_1 → turn_on
[DISPATCH] SENT [manual|p=1]: bedroom_01/fan_bd_1 → turn_on
[DISPATCH] SENT [manual|p=1]: bedroom_01/light_bd_1 → turn_off
[DISPATCH] SENT [manual|p=1]: bedroom_01/light_bd_1 → turn_on
[DISPATCH] SENT [manual|p=1]: bedroom_01/light_bd_1 → turn_off
[DISPATCH] SENT [manual|p=1]: bedroom_01/fan_bd_1 → turn_off
[DISPATCH] SENT [manual|p=1]: bedroom_01/light_bd_1 → turn_on
[DISPATCH] BLOCKED (manual_override): automation → fan_bd_1
[DISPATCH] BLOCKED (manual_override): automation → fan_bd_1
[DISPATCH] BLOCKED (manual_override): automation → fan_bd_1
[DISPATCH] BLOCKED (manual_override): automation → fan_bd_1
[DISPATCH] BLOCKED (manual_override): automation → fan_bd_1
[DISPATCH] BLOCKED (manual_override): automation → fan_bd_1
[DISPATCH] BLOCKED (manual_override): automation → fan_bd_1
[DISPATCH] BLOCKED (manual_override): automation → fan_bd_1
[DISPATCH] BLOCKED (manual_override): automation → fan_bd_1
[DISPATCH] BLOCKED (manual_override): automation → fan_bd_1
[DISPATCH] BLOCKED (manual_override): automation → fan_bd_1
[DISPATCH] BLOCKED (manual_override): automation → fan_bd_1
[DISPATCH] BLOCKED (manual_override): automation → fan_bd_1
[DISPATCH] BLOCKED (manual_override): automation → fan_bd_1
[DISPATCH] BLOCKED (manual_override): automation → fan_bd_1
[DISPATCH] BLOCKED (manual_override): automation → fan_bd_1
[DISPATCH] BLOCKED (manual_override): automation → fan_bd_1
[DISPATCH] BLOCKED (manual_override): automation → fan_bd_1
[DISPATCH] BLOCKED (manual_override): automation → fan_bd_1
[DISPATCH] BLOCKED (manual_override): automation → fan_bd_1
[DISPATCH] BLOCKED (manual_override): automation → fan_bd_1
[DISPATCH] BLOCKED (manual_override): automation → fan_bd_1
[DISPATCH] BLOCKED (manual_override): automation → fan_bd_1
[DISPATCH] BLOCKED (manual_override): automation → fan_bd_1
[DISPATCH] BLOCKED (manual_override): automation → fan_bd_1
[DISPATCH] BLOCKED (manual_override): automation → fan_bd_1
[DISPATCH] BLOCKED (manual_override): automation → fan_bd_1
[DISPATCH] BLOCKED (manual_override): automation → fan_bd_1
[DISPATCH] BLOCKED (manual_override): automation → fan_bd_1
[DISPATCH] BLOCKED (manual_override): automation → fan_bd_1
[DISPATCH] BLOCKED (manual_override): automation → fan_bd_1
[DISPATCH] BLOCKED (manual_override): automation → fan_bd_1
[DISPATCH] BLOCKED (manual_override): automation → fan_bd_1
[DISPATCH] BLOCKED (manual_override): automation → fan_bd_1
[DISPATCH] BLOCKED (manual_override): automation → fan_bd_1
[DISPATCH] BLOCKED (manual_override): automation → fan_bd_1
[DISPATCH] BLOCKED (manual_override): automation → fan_bd_1
[DISPATCH] BLOCKED (manual_override): automation → fan_bd_1
[DISPATCH] BLOCKED (manual_override): automation → fan_bd_1
[DISPATCH] BLOCKED (manual_override): automation → fan_bd_1
[DISPATCH] BLOCKED (manual_override): automation → fan_bd_1
[DISPATCH] BLOCKED (manual_override): automation → fan_bd_1
[DISPATCH] BLOCKED (manual_override): automation → fan_bd_1
[DISPATCH] BLOCKED (manual_override): automation → fan_bd_1
[DISPATCH] BLOCKED (manual_override): automation → fan_bd_1
[DISPATCH] BLOCKED (manual_override): automation → fan_bd_1
[DISPATCH] BLOCKED (manual_override): automation → fan_bd_1
[DISPATCH] BLOCKED (manual_override): automation → fan_bd_1
[DISPATCH] BLOCKED (manual_override): automation → fan_bd_1
[DISPATCH] BLOCKED (manual_override): automation → fan_bd_1
[DISPATCH] BLOCKED (manual_override): automation → fan_bd_1
[DISPATCH] BLOCKED (manual_override): automation → fan_bd_1
[DISPATCH] BLOCKED (manual_override): automation → fan_bd_1
[DISPATCH] BLOCKED (manual_override): automation → fan_bd_1
[DISPATCH] BLOCKED (manual_override): automation → fan_bd_1
[DISPATCH] BLOCKED (manual_override): automation → fan_bd_1
[DISPATCH] BLOCKED (manual_override): automation → fan_bd_1
[DISPATCH] BLOCKED (manual_override): automation → fan_bd_1
[DISPATCH] BLOCKED (manual_override): automation → fan_bd_1
[DISPATCH] BLOCKED (manual_override): automation → fan_bd_1
[DISPATCH] BLOCKED (manual_override): automation → fan_bd_1
[DISPATCH] BLOCKED (manual_override): automation → fan_bd_1
[DISPATCH] BLOCKED (manual_override): automation → fan_bd_1
[DISPATCH] BLOCKED (manual_override): automation → fan_bd_1
[DISPATCH] BLOCKED (manual_override): automation → fan_bd_1
[DISPATCH] BLOCKED (manual_override): automation → fan_bd_1
[DISPATCH] BLOCKED (manual_override): automation → fan_bd_1
[DISPATCH] BLOCKED (manual_override): automation → fan_bd_1
[DISPATCH] BLOCKED (manual_override): automation → fan_bd_1
[DISPATCH] BLOCKED (manual_override): automation → fan_bd_1
[DISPATCH] BLOCKED (manual_override): automation → fan_bd_1
[DISPATCH] BLOCKED (manual_override): automation → fan_bd_1
[DISPATCH] BLOCKED (manual_override): automation → fan_bd_1
[DISPATCH] BLOCKED (manual_override): automation → fan_bd_1
[DISPATCH] BLOCKED (manual_override): automation → fan_bd_1
[DISPATCH] BLOCKED (manual_override): automation → fan_bd_1
[DISPATCH] BLOCKED (manual_override): automation → fan_bd_1
[DISPATCH] BLOCKED (manual_override): automation → fan_bd_1
[DISPATCH] BLOCKED (manual_override): automation → fan_bd_1
[DISPATCH] BLOCKED (manual_override): automation → fan_bd_1
[DISPATCH] BLOCKED (manual_override): automation → fan_bd_1
[DISPATCH] SENT [manual|p=1]: bedroom_01/fan_bd_1 → turn_on
[DISPATCH] SENT [manual|p=1]: bedroom_01/light_bd_1 → turn_on
[DISPATCH] BLOCKED (manual_override): automation → fan_bd_1
[DISPATCH] SENT [manual|p=1]: bedroom_01/light_bd_1 → turn_off
[DISPATCH] BLOCKED (manual_override): automation → fan_bd_1
[DISPATCH] SENT [manual|p=1]: bedroom_01/fan_bd_1 → turn_off
[DISPATCH] BLOCKED (manual_override): automation → fan_bd_1
[DISPATCH] BLOCKED (manual_override): automation → fan_bd_1
[DISPATCH] BLOCKED (manual_override): automation → fan_bd_1
[DISPATCH] BLOCKED (manual_override): automation → fan_bd_1
[DISPATCH] BLOCKED (manual_override): automation → fan_bd_1
[DISPATCH] BLOCKED (manual_override): automation → fan_bd_1
[DISPATCH] BLOCKED (manual_override): automation → fan_bd_1
[DISPATCH] BLOCKED (manual_override): automation → fan_bd_1
[DISPATCH] BLOCKED (manual_override): automation → fan_bd_1
[DISPATCH] BLOCKED (manual_override): automation → fan_bd_1
[DISPATCH] BLOCKED (manual_override): automation → fan_bd_1
[DISPATCH] BLOCKED (manual_override): automation → fan_bd_1
[DISPATCH] BLOCKED (manual_override): automation → fan_bd_1
[DISPATCH] BLOCKED (manual_override): automation → fan_bd_1
[DISPATCH] BLOCKED (manual_override): automation → fan_bd_1
[DISPATCH] BLOCKED (manual_override): automation → fan_bd_1
[DISPATCH] BLOCKED (manual_override): automation → fan_bd_1
[DISPATCH] BLOCKED (manual_override): automation → fan_bd_1
[DISPATCH] BLOCKED (manual_override): automation → fan_bd_1
[DISPATCH] BLOCKED (manual_override): automation → fan_bd_1
[DISPATCH] BLOCKED (manual_override): automation → fan_bd_1
[DISPATCH] BLOCKED (manual_override): automation → fan_bd_1
[DISPATCH] BLOCKED (manual_override): automation → fan_bd_1
[DISPATCH] BLOCKED (manual_override): automation → fan_bd_1
[DISPATCH] BLOCKED (manual_override): automation → fan_bd_1
[DISPATCH] BLOCKED (manual_override): automation → fan_bd_1
[DISPATCH] BLOCKED (manual_override): automation → fan_bd_1
[DISPATCH] BLOCKED (manual_override): automation → fan_bd_1
[DISPATCH] BLOCKED (manual_override): automation → fan_bd_1
[DISPATCH] BLOCKED (manual_override): automation → fan_bd_1
[DISPATCH] BLOCKED (manual_override): automation → fan_bd_1
[DISPATCH] BLOCKED (manual_override): automation → fan_bd_1
[DISPATCH] BLOCKED (manual_override): automation → fan_bd_1
[DISPATCH] BLOCKED (manual_override): automation → fan_bd_1
[DISPATCH] BLOCKED (manual_override): automation → fan_bd_1
[DISPATCH] BLOCKED (manual_override): automation → fan_bd_1
[DISPATCH] BLOCKED (manual_override): automation → fan_bd_1
2026-05-01 14:58:18 [INFO][SYNCER] Firestore: Batch flush 144 sensor history rows
2026-05-01 14:58:18 [INFO][SYNCER] Flushed 144 sensor history rows to Firestore
2026-05-01 15:01:10 [INFO][SYNCER] [Downlink] DISPATCH: 8Ixzitjta93fhwp4N1RA [turn_on] → Redis[device_commands]
2026-05-01 15:01:10 [INFO][SYNCER] [Downlink] CLEANUP: Đã xóa lệnh 8Ixzitjta93fhwp4N1RA
2026-05-01 15:01:13 [INFO][SYNCER] [Downlink] DISPATCH: r6HPJqNDkbliKZf96pA5 [turn_off] → Redis[device_commands]
2026-05-01 15:01:13 [INFO][SYNCER] [Downlink] CLEANUP: Đã xóa lệnh r6HPJqNDkbliKZf96pA5
2026-05-01 15:01:15 [INFO][SYNCER] [Downlink] DISPATCH: pAVHwXrH6nY0s9G4o1sU [turn_on] → Redis[device_commands]
2026-05-01 15:01:15 [INFO][SYNCER] [Downlink] CLEANUP: Đã xóa lệnh pAVHwXrH6nY0s9G4o1sU
2026-05-01 15:01:17 [INFO][SYNCER] [Downlink] DISPATCH: BNIAHSZqGBnEEU78B3dX [turn_off] → Redis[device_commands]
2026-05-01 15:01:17 [INFO][SYNCER] [Downlink] CLEANUP: Đã xóa lệnh BNIAHSZqGBnEEU78B3dX
2026-05-01 15:01:19 [INFO][SYNCER] Firestore: Batch flush 144 sensor history rows
2026-05-01 15:01:19 [INFO][SYNCER] Flushed 144 sensor history rows to Firestore
2026-05-01 15:04:25 [INFO][SYNCER] SyncWorker starting...
2026-05-01 15:04:25 [INFO][SYNCER] Waiting for SD2 (timeout 300s before degraded mode)...
2026-05-01 15:04:26 [INFO][SYNCER] ============================================================
2026-05-01 15:04:26 [INFO][SYNCER] firebase_sync v2.2 starting — project: nhathongminh-myhome
2026-05-01 15:04:26 [INFO][SYNCER] FIX A1: Single Writer RTDB (mqtt_inbound only)
2026-05-01 15:04:26 [INFO][SYNCER] FIX B1: No force_update — ESP32 feedback is source of truth
2026-05-01 15:04:26 [INFO][SYNCER] ============================================================
2026-05-01 15:04:26 [INFO][SYNCER] Sử dụng Service Account: /home/pi/smarthome_prj/GATEWAY/firebase-service-account.json
2026-05-01 15:04:26 [INFO][SYNCER] Redis connected at localhost:6379
2026-05-01 15:04:26 [INFO][SYNCER] Chạy auto-provisioning...
2026-05-01 15:04:26 [INFO][SYNCER] === AUTO-PROVISIONING BẮT ĐẦU ===
=======================================================
  SmartHome Gateway — Starting
=======================================================
[MAIN] DB schema applied
[MAIN] DB init complete
[BUS] MessageBus started
[BUS] MQTT connected & subscribed
[WATCHDOG] Safety watchdog started (thread-safe sensor read)
[BUS] Outbound loop started
[NET] Dual interface detected: Hotspot=wlan0, Uplink=p2p-dev-wlan0
[NET] Network watchdog started — Hotspot:wlan0 Uplink:p2p-dev-wlan0
[NET] Internet: ON
[MAIN] FirebaseSync worker started
[MAIN] All workers started
[NET] NTP already synchronized via systemd-timesyncd
[BRIDGE] Realtime bridge started
[AUTO] Cache loaded: 3 rules, 0 schedules
[SCHEDULER] Started
[API] Registered /api: auth
[API] Registered /api: sensors
[API] Registered /api: devices
[API] Registered /api: automation
[API] Registered /api: logs
[AUTO] Command listener started
[API] Registered /api: rfid
[API] Registered /api: wifi
[API] Registered /api: ota
[API] Registered /api: system
=======================================================
[MAIN] Gateway LIVE → http://0.0.0.0:5000/
[MAIN] API prefix:  http://0.0.0.0:5000/api/
=======================================================
 * Serving Flask app 'gateway_main'
 * Debug mode: off
2026-05-01 15:04:26 [INFO][SYNCER] [31m[1mWARNING: This is a development server. Do not use it in a production deployment. Use a production WSGI server instead.[0m
 * Running on all addresses (0.0.0.0)
 * Running on http://127.0.0.1:5000
 * Running on http://192.168.1.11:5000
2026-05-01 15:04:26 [INFO][SYNCER] [33mPress CTRL+C to quit[0m
2026-05-01 15:04:29 [INFO][SYNCER] === AUTO-PROVISIONING HOÀN TẤT (3 rooms) ===
2026-05-01 15:04:30 [INFO][SYNCER] Synced 3 rooms to Firestore (userId=aN2XKzWrzieBhBsOFhp7zFzHQaG3)
2026-05-01 15:04:30 [INFO][SYNCER] [Uplink] Stream started (FIX A1: mqtt_inbound only for RTDB sensor)
2026-05-01 15:04:30 [INFO][SYNCER] [Downlink] CommandDispatcher started — listening Firestore /commands
2026-05-01 15:04:30 [INFO][SYNCER] Sensor history flush loop started (interval: 180s)
2026-05-01 15:07:31 [INFO][SYNCER] Firestore: Batch flush 292 sensor history rows
2026-05-01 15:07:31 [INFO][SYNCER] Flushed 292 sensor history rows to Firestore
2026-05-01 15:09:07 [INFO][SYNCER] [Downlink] DISPATCH: wjWgSZ3XmEHOx7OsUkqN [turn_on] → Redis[device_commands]
2026-05-01 15:09:07 [INFO][SYNCER] [Downlink] CLEANUP: Đã xóa lệnh wjWgSZ3XmEHOx7OsUkqN
2026-05-01 15:09:10 [INFO][SYNCER] [Downlink] DISPATCH: c773LITJ5PblEkWubzAp [turn_off] → Redis[device_commands]
2026-05-01 15:09:10 [INFO][SYNCER] [Downlink] CLEANUP: Đã xóa lệnh c773LITJ5PblEkWubzAp
2026-05-01 15:09:13 [INFO][SYNCER] [Downlink] DISPATCH: najss9qOGSF6BWRC4EXN [turn_on] → Redis[device_commands]
2026-05-01 15:09:13 [INFO][SYNCER] [Downlink] CLEANUP: Đã xóa lệnh najss9qOGSF6BWRC4EXN
2026-05-01 15:09:14 [INFO][SYNCER] [Downlink] DISPATCH: xejx8WShPkZQeMXgVcCi [turn_off] → Redis[device_commands]
2026-05-01 15:09:15 [INFO][SYNCER] [Downlink] CLEANUP: Đã xóa lệnh xejx8WShPkZQeMXgVcCi
2026-05-01 15:09:25 [INFO][SYNCER] SyncWorker running (storage: sd2)
2026-05-01 15:09:25 [INFO][SYNCER] DB rotated → /mnt/sd2/data/data_2026-05-01.db (mode: sd2)
2026-05-01 15:10:31 [INFO][SYNCER] Firestore: Batch flush 144 sensor history rows
2026-05-01 15:10:31 [INFO][SYNCER] Flushed 144 sensor history rows to Firestore
2026-05-01 15:13:32 [INFO][SYNCER] Firestore: Batch flush 144 sensor history rows
2026-05-01 15:13:32 [INFO][SYNCER] Flushed 144 sensor history rows to Firestore
2026-05-01 15:16:32 [INFO][SYNCER] Firestore: Batch flush 148 sensor history rows
2026-05-01 15:16:32 [INFO][SYNCER] Flushed 148 sensor history rows to Firestore
[DISPATCH] SENT [automation|p=3]: bedroom_01/fan_bd_1 → turn_on
[DISPATCH] SENT [automation|p=3]: bedroom_01/fan_bd_1 → turn_off
[DISPATCH] SENT [automation|p=3]: bedroom_01/fan_bd_1 → turn_on
[DISPATCH] SENT [automation|p=3]: bedroom_01/fan_bd_1 → turn_off
[DISPATCH] SENT [automation|p=3]: bedroom_01/fan_bd_1 → turn_on
[DISPATCH] SENT [automation|p=3]: bedroom_01/fan_bd_1 → turn_off
[DISPATCH] SENT [automation|p=3]: bedroom_01/fan_bd_1 → turn_on
[DISPATCH] SENT [automation|p=3]: bedroom_01/fan_bd_1 → turn_off
[DISPATCH] SENT [automation|p=3]: bedroom_01/fan_bd_1 → turn_on
[DISPATCH] SENT [manual|p=1]: bedroom_01/fan_bd_1 → turn_on
[DISPATCH] SENT [manual|p=1]: bedroom_01/fan_bd_1 → turn_off
[DISPATCH] BLOCKED (manual_override): automation → fan_bd_1
[DISPATCH] SENT [manual|p=1]: bedroom_01/light_bd_1 → turn_on
[DISPATCH] SENT [manual|p=1]: bedroom_01/light_bd_1 → turn_off
[DISPATCH] BLOCKED (manual_override): automation → fan_bd_1
[DISPATCH] BLOCKED (manual_override): automation → fan_bd_1
[DISPATCH] BLOCKED (manual_override): automation → fan_bd_1
[DISPATCH] BLOCKED (manual_override): automation → fan_bd_1
[DISPATCH] BLOCKED (manual_override): automation → fan_bd_1
[DISPATCH] BLOCKED (manual_override): automation → fan_bd_1
[DISPATCH] BLOCKED (manual_override): automation → fan_bd_1
[DISPATCH] BLOCKED (manual_override): automation → fan_bd_1
[DISPATCH] BLOCKED (manual_override): automation → fan_bd_1
[DISPATCH] BLOCKED (manual_override): automation → fan_bd_1
[DISPATCH] BLOCKED (manual_override): automation → fan_bd_1
[DISPATCH] BLOCKED (manual_override): automation → fan_bd_1
[DISPATCH] BLOCKED (manual_override): automation → fan_bd_1
[DISPATCH] BLOCKED (manual_override): automation → fan_bd_1
[DISPATCH] BLOCKED (manual_override): automation → fan_bd_1
[DISPATCH] BLOCKED (manual_override): automation → fan_bd_1
[DISPATCH] BLOCKED (manual_override): automation → fan_bd_1
[DISPATCH] BLOCKED (manual_override): automation → fan_bd_1
[DISPATCH] BLOCKED (manual_override): automation → fan_bd_1
[DISPATCH] BLOCKED (manual_override): automation → fan_bd_1
[DISPATCH] BLOCKED (manual_override): automation → fan_bd_1
[DISPATCH] BLOCKED (manual_override): automation → fan_bd_1
[DISPATCH] BLOCKED (manual_override): automation → fan_bd_1
[DISPATCH] BLOCKED (manual_override): automation → fan_bd_1
[DISPATCH] BLOCKED (manual_override): automation → fan_bd_1
[DISPATCH] BLOCKED (manual_override): automation → fan_bd_1
[DISPATCH] BLOCKED (manual_override): automation → fan_bd_1
[DISPATCH] BLOCKED (manual_override): automation → fan_bd_1
[DISPATCH] BLOCKED (manual_override): automation → fan_bd_1
[DISPATCH] BLOCKED (manual_override): automation → fan_bd_1
[DISPATCH] BLOCKED (manual_override): automation → fan_bd_1
[DISPATCH] BLOCKED (manual_override): automation → fan_bd_1
[DISPATCH] BLOCKED (manual_override): automation → fan_bd_1
[DISPATCH] BLOCKED (manual_override): automation → fan_bd_1
[DISPATCH] BLOCKED (manual_override): automation → fan_bd_1
[DISPATCH] BLOCKED (manual_override): automation → fan_bd_1
[DISPATCH] BLOCKED (manual_override): automation → fan_bd_1
[DISPATCH] BLOCKED (manual_override): automation → fan_bd_1
[DISPATCH] BLOCKED (manual_override): automation → fan_bd_1
[DISPATCH] BLOCKED (manual_override): automation → fan_bd_1
[DISPATCH] BLOCKED (manual_override): automation → fan_bd_1
[DISPATCH] BLOCKED (manual_override): automation → fan_bd_1
[DISPATCH] BLOCKED (manual_override): automation → fan_bd_1
[DISPATCH] BLOCKED (manual_override): automation → fan_bd_1
[DISPATCH] BLOCKED (manual_override): automation → fan_bd_1
[DISPATCH] BLOCKED (manual_override): automation → fan_bd_1
[DISPATCH] BLOCKED (manual_override): automation → fan_bd_1
[DISPATCH] BLOCKED (manual_override): automation → fan_bd_1
[DISPATCH] BLOCKED (manual_override): automation → fan_bd_1
[DISPATCH] BLOCKED (manual_override): automation → fan_bd_1
[DISPATCH] BLOCKED (manual_override): automation → fan_bd_1
[DISPATCH] BLOCKED (manual_override): automation → fan_bd_1
[DISPATCH] BLOCKED (manual_override): automation → fan_bd_1
[DISPATCH] BLOCKED (manual_override): automation → fan_bd_1
[DISPATCH] BLOCKED (manual_override): automation → fan_bd_1
[DISPATCH] BLOCKED (manual_override): automation → fan_bd_1
[DISPATCH] BLOCKED (manual_override): automation → fan_bd_1
[DISPATCH] BLOCKED (manual_override): automation → fan_bd_1
[DISPATCH] BLOCKED (manual_override): automation → fan_bd_1
[DISPATCH] BLOCKED (manual_override): automation → fan_bd_1
[DISPATCH] BLOCKED (manual_override): automation → fan_bd_1
[DISPATCH] BLOCKED (manual_override): automation → fan_bd_1
[DISPATCH] BLOCKED (manual_override): automation → fan_bd_1
[DISPATCH] BLOCKED (manual_override): automation → fan_bd_1
[DISPATCH] BLOCKED (manual_override): automation → fan_bd_1
[DISPATCH] BLOCKED (manual_override): automation → fan_bd_1
[DISPATCH] BLOCKED (manual_override): automation → fan_bd_1
[DISPATCH] BLOCKED (manual_override): automation → fan_bd_1
[DISPATCH] BLOCKED (manual_override): automation → fan_bd_1
[DISPATCH] BLOCKED (manual_override): automation → fan_bd_1
[DISPATCH] BLOCKED (manual_override): automation → fan_bd_1
[DISPATCH] BLOCKED (manual_override): automation → fan_bd_1
[DISPATCH] BLOCKED (manual_override): automation → fan_bd_1
[DISPATCH] BLOCKED (manual_override): automation → fan_bd_1
[DISPATCH] BLOCKED (manual_override): automation → fan_bd_1
[DISPATCH] BLOCKED (manual_override): automation → fan_bd_1
[DISPATCH] BLOCKED (manual_override): automation → fan_bd_1
[DISPATCH] BLOCKED (manual_override): automation → fan_bd_1
[DISPATCH] BLOCKED (manual_override): automation → fan_bd_1
[DISPATCH] BLOCKED (manual_override): automation → fan_bd_1
[DISPATCH] BLOCKED (manual_override): automation → fan_bd_1
[DISPATCH] BLOCKED (manual_override): automation → fan_bd_1
[DISPATCH] BLOCKED (manual_override): automation → fan_bd_1
[DISPATCH] BLOCKED (manual_override): automation → fan_bd_1
[DISPATCH] BLOCKED (manual_override): automation → fan_bd_1
[DISPATCH] BLOCKED (manual_override): automation → fan_bd_1
[DISPATCH] BLOCKED (manual_override): automation → fan_bd_1
[DISPATCH] BLOCKED (manual_override): automation → fan_bd_1
[DISPATCH] BLOCKED (manual_override): automation → fan_bd_1
[DISPATCH] BLOCKED (manual_override): automation → fan_bd_1
[DISPATCH] BLOCKED (manual_override): automation → fan_bd_1
[DISPATCH] BLOCKED (manual_override): automation → fan_bd_1
[DISPATCH] BLOCKED (manual_override): automation → fan_bd_1
[DISPATCH] BLOCKED (manual_override): automation → fan_bd_1
[DISPATCH] BLOCKED (manual_override): automation → fan_bd_1
[DISPATCH] BLOCKED (manual_override): automation → fan_bd_1
[DISPATCH] BLOCKED (manual_override): automation → fan_bd_1
[DISPATCH] BLOCKED (manual_override): automation → fan_bd_1
[DISPATCH] BLOCKED (manual_override): automation → fan_bd_1
[DISPATCH] BLOCKED (manual_override): automation → fan_bd_1
[DISPATCH] BLOCKED (manual_override): automation → fan_bd_1
[DISPATCH] BLOCKED (manual_override): automation → fan_bd_1
[DISPATCH] BLOCKED (manual_override): automation → fan_bd_1
[DISPATCH] BLOCKED (manual_override): automation → fan_bd_1
[DISPATCH] BLOCKED (manual_override): automation → fan_bd_1
[DISPATCH] BLOCKED (manual_override): automation → fan_bd_1
[DISPATCH] BLOCKED (manual_override): automation → fan_bd_1
[DISPATCH] BLOCKED (manual_override): automation → fan_bd_1
[DISPATCH] BLOCKED (manual_override): automation → fan_bd_1
[DISPATCH] BLOCKED (manual_override): automation → fan_bd_1
[DISPATCH] BLOCKED (manual_override): automation → fan_bd_1
[DISPATCH] BLOCKED (manual_override): automation → fan_bd_1
[DISPATCH] BLOCKED (manual_override): automation → fan_bd_1
[DISPATCH] BLOCKED (manual_override): automation → fan_bd_1
[DISPATCH] BLOCKED (manual_override): automation → fan_bd_1
[DISPATCH] BLOCKED (manual_override): automation → fan_bd_1
[DISPATCH] BLOCKED (manual_override): automation → fan_bd_1
2026-05-01 15:19:33 [INFO][SYNCER] Firestore: Batch flush 144 sensor history rows
2026-05-01 15:19:33 [INFO][SYNCER] Flushed 144 sensor history rows to Firestore
2026-05-01 15:22:34 [INFO][SYNCER] Firestore: Batch flush 144 sensor history rows
2026-05-01 15:22:34 [INFO][SYNCER] Flushed 144 sensor history rows to Firestore
2026-05-01 15:25:34 [INFO][SYNCER] Firestore: Batch flush 144 sensor history rows
2026-05-01 15:25:34 [INFO][SYNCER] Flushed 144 sensor history rows to Firestore
2026-05-01 15:28:35 [INFO][SYNCER] Firestore: Batch flush 144 sensor history rows
2026-05-01 15:28:35 [INFO][SYNCER] Flushed 144 sensor history rows to Firestore
[DISPATCH] BLOCKED (manual_override): automation → fan_bd_1
[DISPATCH] BLOCKED (manual_override): automation → fan_bd_1
[DISPATCH] BLOCKED (manual_override): automation → fan_bd_1
[DISPATCH] BLOCKED (manual_override): automation → fan_bd_1
[DISPATCH] BLOCKED (manual_override): automation → fan_bd_1
[DISPATCH] BLOCKED (manual_override): automation → fan_bd_1
[DISPATCH] BLOCKED (manual_override): automation → fan_bd_1
[DISPATCH] BLOCKED (manual_override): automation → fan_bd_1
[DISPATCH] BLOCKED (manual_override): automation → fan_bd_1
[DISPATCH] BLOCKED (manual_override): automation → fan_bd_1
[DISPATCH] BLOCKED (manual_override): automation → fan_bd_1
[DISPATCH] BLOCKED (manual_override): automation → fan_bd_1
[DISPATCH] BLOCKED (manual_override): automation → fan_bd_1
[DISPATCH] BLOCKED (manual_override): automation → fan_bd_1
[DISPATCH] BLOCKED (manual_override): automation → fan_bd_1
[DISPATCH] BLOCKED (manual_override): automation → fan_bd_1
[DISPATCH] BLOCKED (manual_override): automation → fan_bd_1
[DISPATCH] BLOCKED (manual_override): automation → fan_bd_1
[DISPATCH] BLOCKED (manual_override): automation → fan_bd_1
[DISPATCH] BLOCKED (manual_override): automation → fan_bd_1
[DISPATCH] BLOCKED (manual_override): automation → fan_bd_1
[DISPATCH] BLOCKED (manual_override): automation → fan_bd_1
[DISPATCH] BLOCKED (manual_override): automation → fan_bd_1
[DISPATCH] BLOCKED (manual_override): automation → fan_bd_1
[DISPATCH] BLOCKED (manual_override): automation → fan_bd_1
[DISPATCH] BLOCKED (manual_override): automation → fan_bd_1
[DISPATCH] BLOCKED (manual_override): automation → fan_bd_1
[DISPATCH] BLOCKED (manual_override): automation → fan_bd_1
[DISPATCH] BLOCKED (manual_override): automation → fan_bd_1
[DISPATCH] BLOCKED (manual_override): automation → fan_bd_1
[DISPATCH] BLOCKED (manual_override): automation → fan_bd_1
[DISPATCH] BLOCKED (manual_override): automation → fan_bd_1
[DISPATCH] BLOCKED (manual_override): automation → fan_bd_1
[DISPATCH] BLOCKED (manual_override): automation → fan_bd_1
[DISPATCH] BLOCKED (manual_override): automation → fan_bd_1
[DISPATCH] BLOCKED (manual_override): automation → fan_bd_1
[DISPATCH] BLOCKED (manual_override): automation → fan_bd_1
[DISPATCH] BLOCKED (manual_override): automation → fan_bd_1
[DISPATCH] BLOCKED (manual_override): automation → fan_bd_1
[DISPATCH] BLOCKED (manual_override): automation → fan_bd_1
[DISPATCH] BLOCKED (manual_override): automation → fan_bd_1
[DISPATCH] BLOCKED (manual_override): automation → fan_bd_1
[DISPATCH] BLOCKED (manual_override): automation → fan_bd_1
[DISPATCH] BLOCKED (manual_override): automation → fan_bd_1
[DISPATCH] BLOCKED (manual_override): automation → fan_bd_1
[DISPATCH] BLOCKED (manual_override): automation → fan_bd_1
[DISPATCH] BLOCKED (manual_override): automation → fan_bd_1
[DISPATCH] BLOCKED (manual_override): automation → fan_bd_1
[DISPATCH] BLOCKED (manual_override): automation → fan_bd_1
[DISPATCH] BLOCKED (manual_override): automation → fan_bd_1
[DISPATCH] BLOCKED (manual_override): automation → fan_bd_1
[DISPATCH] BLOCKED (manual_override): automation → fan_bd_1
[DISPATCH] BLOCKED (manual_override): automation → fan_bd_1
[DISPATCH] BLOCKED (manual_override): automation → fan_bd_1
[DISPATCH] BLOCKED (manual_override): automation → fan_bd_1
[DISPATCH] BLOCKED (manual_override): automation → fan_bd_1
[DISPATCH] BLOCKED (manual_override): automation → fan_bd_1
[DISPATCH] BLOCKED (manual_override): automation → fan_bd_1
[DISPATCH] BLOCKED (manual_override): automation → fan_bd_1
[DISPATCH] BLOCKED (manual_override): automation → fan_bd_1
[DISPATCH] BLOCKED (manual_override): automation → fan_bd_1
[DISPATCH] BLOCKED (manual_override): automation → fan_bd_1
[DISPATCH] BLOCKED (manual_override): automation → fan_bd_1
[DISPATCH] BLOCKED (manual_override): automation → fan_bd_1
[DISPATCH] BLOCKED (manual_override): automation → fan_bd_1
[DISPATCH] BLOCKED (manual_override): automation → fan_bd_1
[DISPATCH] BLOCKED (manual_override): automation → fan_bd_1
[DISPATCH] BLOCKED (manual_override): automation → fan_bd_1
[DISPATCH] BLOCKED (manual_override): automation → fan_bd_1
[DISPATCH] BLOCKED (manual_override): automation → fan_bd_1
[DISPATCH] BLOCKED (manual_override): automation → fan_bd_1
[DISPATCH] BLOCKED (manual_override): automation → fan_bd_1
[DISPATCH] BLOCKED (manual_override): automation → fan_bd_1
[DISPATCH] BLOCKED (manual_override): automation → fan_bd_1
[DISPATCH] BLOCKED (manual_override): automation → fan_bd_1
[DISPATCH] BLOCKED (manual_override): automation → fan_bd_1
[DISPATCH] BLOCKED (manual_override): automation → fan_bd_1
[DISPATCH] BLOCKED (manual_override): automation → fan_bd_1
[DISPATCH] BLOCKED (manual_override): automation → fan_bd_1
[DISPATCH] BLOCKED (manual_override): automation → fan_bd_1
[DISPATCH] BLOCKED (manual_override): automation → fan_bd_1
[DISPATCH] BLOCKED (manual_override): automation → fan_bd_1
[DISPATCH] BLOCKED (manual_override): automation → fan_bd_1
[DISPATCH] BLOCKED (manual_override): automation → fan_bd_1
[DISPATCH] BLOCKED (manual_override): automation → fan_bd_1
[DISPATCH] BLOCKED (manual_override): automation → fan_bd_1
[DISPATCH] BLOCKED (manual_override): automation → fan_bd_1
[DISPATCH] BLOCKED (manual_override): automation → fan_bd_1
[DISPATCH] BLOCKED (manual_override): automation → fan_bd_1
[DISPATCH] BLOCKED (manual_override): automation → fan_bd_1
[DISPATCH] BLOCKED (manual_override): automation → fan_bd_1
[DISPATCH] BLOCKED (manual_override): automation → fan_bd_1
[DISPATCH] BLOCKED (manual_override): automation → fan_bd_1
[DISPATCH] BLOCKED (manual_override): automation → fan_bd_1
[DISPATCH] BLOCKED (manual_override): automation → fan_bd_1
[DISPATCH] BLOCKED (manual_override): automation → fan_bd_1
[DISPATCH] BLOCKED (manual_override): automation → fan_bd_1
[DISPATCH] BLOCKED (manual_override): automation → fan_bd_1
[DISPATCH] BLOCKED (manual_override): automation → fan_bd_1
[DISPATCH] BLOCKED (manual_override): automation → fan_bd_1
[DISPATCH] BLOCKED (manual_override): automation → fan_bd_1
[DISPATCH] BLOCKED (manual_override): automation → fan_bd_1
[DISPATCH] BLOCKED (manual_override): automation → fan_bd_1
[DISPATCH] BLOCKED (manual_override): automation → fan_bd_1
[DISPATCH] BLOCKED (manual_override): automation → fan_bd_1
[DISPATCH] BLOCKED (manual_override): automation → fan_bd_1
[DISPATCH] BLOCKED (manual_override): automation → fan_bd_1
[DISPATCH] BLOCKED (manual_override): automation → fan_bd_1
[DISPATCH] BLOCKED (manual_override): automation → fan_bd_1
[DISPATCH] BLOCKED (manual_override): automation → fan_bd_1
[DISPATCH] BLOCKED (manual_override): automation → fan_bd_1
[DISPATCH] BLOCKED (manual_override): automation → fan_bd_1
[DISPATCH] BLOCKED (manual_override): automation → fan_bd_1
[DISPATCH] BLOCKED (manual_override): automation → fan_bd_1
[DISPATCH] BLOCKED (manual_override): automation → fan_bd_1
[DISPATCH] BLOCKED (manual_override): automation → fan_bd_1
[DISPATCH] BLOCKED (manual_override): automation → fan_bd_1
[DISPATCH] BLOCKED (manual_override): automation → fan_bd_1
[DISPATCH] BLOCKED (manual_override): automation → fan_bd_1
[DISPATCH] BLOCKED (manual_override): automation → fan_bd_1
[DISPATCH] BLOCKED (manual_override): automation → fan_bd_1
[DISPATCH] BLOCKED (manual_override): automation → fan_bd_1
[DISPATCH] BLOCKED (manual_override): automation → fan_bd_1
[DISPATCH] BLOCKED (manual_override): automation → fan_bd_1
[DISPATCH] BLOCKED (manual_override): automation → fan_bd_1
[DISPATCH] BLOCKED (manual_override): automation → fan_bd_1
[DISPATCH] BLOCKED (manual_override): automation → fan_bd_1
[DISPATCH] BLOCKED (manual_override): automation → fan_bd_1
[DISPATCH] BLOCKED (manual_override): automation → fan_bd_1
[DISPATCH] BLOCKED (manual_override): automation → fan_bd_1
[DISPATCH] BLOCKED (manual_override): automation → fan_bd_1
[DISPATCH] BLOCKED (manual_override): automation → fan_bd_1
2026-05-01 15:31:05 [INFO][SYNCER] [Downlink] DISPATCH: 88aX1REyAi2LsYjfL8TI [turn_on] → Redis[device_commands]
2026-05-01 15:31:05 [INFO][SYNCER] [Downlink] CLEANUP: Đã xóa lệnh 88aX1REyAi2LsYjfL8TI
2026-05-01 15:31:07 [INFO][SYNCER] [Downlink] DISPATCH: MsPp2KdwPHqErM5LXpAi [turn_off] → Redis[device_commands]
2026-05-01 15:31:07 [INFO][SYNCER] [Downlink] CLEANUP: Đã xóa lệnh MsPp2KdwPHqErM5LXpAi
2026-05-01 15:31:08 [INFO][SYNCER] [Downlink] DISPATCH: X5HpKYvHGWI2CvYLAmIO [turn_on] → Redis[device_commands]
2026-05-01 15:31:08 [INFO][SYNCER] [Downlink] CLEANUP: Đã xóa lệnh X5HpKYvHGWI2CvYLAmIO
2026-05-01 15:31:11 [INFO][SYNCER] [Downlink] DISPATCH: R2xt7fj6s0sqK8Hj1vdA [turn_off] → Redis[device_commands]
2026-05-01 15:31:11 [INFO][SYNCER] [Downlink] CLEANUP: Đã xóa lệnh R2xt7fj6s0sqK8Hj1vdA
2026-05-01 15:31:14 [INFO][SYNCER] [Downlink] DISPATCH: rXGd17KAA7ZBxk6tBkjR [turn_on] → Redis[device_commands]
2026-05-01 15:31:14 [INFO][SYNCER] [Downlink] CLEANUP: Đã xóa lệnh rXGd17KAA7ZBxk6tBkjR
2026-05-01 15:31:30 [INFO][SYNCER] [Downlink] DISPATCH: zgouporuVNgzJyeA60w7 [turn_off] → Redis[device_commands]
2026-05-01 15:31:30 [INFO][SYNCER] [Downlink] CLEANUP: Đã xóa lệnh zgouporuVNgzJyeA60w7
2026-05-01 15:31:36 [INFO][SYNCER] Firestore: Batch flush 144 sensor history rows
2026-05-01 15:31:36 [INFO][SYNCER] Flushed 144 sensor history rows to Firestore
=======================================================
  SmartHome Gateway — Starting
=======================================================
[MAIN] DB schema applied
[MAIN] DB init complete
Traceback (most recent call last):
  File "/home/pi/smarthome_prj/GATEWAY/gateway_main.py", line 222, in <module>
    start_workers()
  File "/home/pi/smarthome_prj/GATEWAY/gateway_main.py", line 101, in start_workers
    from workers import safety_watchdog, automation_engine, data_syncer, network_watchdog
  File "/home/pi/smarthome_prj/GATEWAY/workers/automation_engine.py", line 670
    global CACHED_AUTOMATIONS
    ^^^^^^^^^^^^^^^^^^^^^^^^^
SyntaxError: name 'CACHED_AUTOMATIONS' is used prior to global declaration
2026-05-02 21:02:04 [INFO][SYNCER] SyncWorker starting...
2026-05-02 21:02:04 [INFO][SYNCER] Waiting for SD2 (timeout 300s before degraded mode)...
2026-05-02 21:02:05 [INFO][SYNCER] ============================================================
2026-05-02 21:02:05 [INFO][SYNCER] firebase_sync v2.2 starting — project: nhathongminh-myhome
2026-05-02 21:02:05 [INFO][SYNCER] FIX A1: Single Writer RTDB (mqtt_inbound only)
2026-05-02 21:02:05 [INFO][SYNCER] FIX B1: No force_update — ESP32 feedback is source of truth
2026-05-02 21:02:05 [INFO][SYNCER] ============================================================
2026-05-02 21:02:06 [INFO][SYNCER] Sử dụng Service Account: /home/pi/smarthome_prj/GATEWAY/firebase-service-account.json
2026-05-02 21:02:06 [INFO][SYNCER] Redis connected at localhost:6379
2026-05-02 21:02:06 [INFO][SYNCER] Chạy auto-provisioning...
2026-05-02 21:02:06 [INFO][SYNCER] === AUTO-PROVISIONING BẮT ĐẦU ===
=======================================================
  SmartHome Gateway — Starting
=======================================================
[MAIN] DB schema applied
[MAIN] DB init complete
[BUS] MQTT connected & subscribed
[BUS] MessageBus started
[WATCHDOG] Safety watchdog started (thread-safe sensor read)
[BUS] Outbound loop started
[NET] Dual interface detected: Hotspot=wlan0, Uplink=p2p-dev-wlan0
[NET] Network watchdog started — Hotspot:wlan0 Uplink:p2p-dev-wlan0
[NET] Internet: ON
[NET] NTP already synchronized via systemd-timesyncd
[MAIN] FirebaseSync worker started
[MAIN] All workers started
[BRIDGE] Realtime bridge started
[AUTO] Cache loaded: 3 rules, 0 schedules
[SCHEDULER] Started
[AUTO] Command listener started
[API] Registered /api: auth
[API] Registered /api: sensors
[API] Registered /api: devices
[API] Registered /api: automation
[API] Registered /api: logs
[API] Registered /api: rfid
[API] Registered /api: wifi
[API] Registered /api: ota
[API] Registered /api: system
=======================================================
[MAIN] Gateway LIVE → http://0.0.0.0:5000/
[MAIN] API prefix:  http://0.0.0.0:5000/api/
=======================================================
 * Serving Flask app 'gateway_main'
 * Debug mode: off
2026-05-02 21:02:06 [INFO][SYNCER] [31m[1mWARNING: This is a development server. Do not use it in a production deployment. Use a production WSGI server instead.[0m
 * Running on all addresses (0.0.0.0)
 * Running on http://127.0.0.1:5000
 * Running on http://192.168.1.11:5000
2026-05-02 21:02:06 [INFO][SYNCER] [33mPress CTRL+C to quit[0m
2026-05-02 21:02:10 [INFO][SYNCER] === AUTO-PROVISIONING HOÀN TẤT (3 rooms) ===
2026-05-02 21:02:10 [INFO][SYNCER] Synced 3 rooms to Firestore (userId=aN2XKzWrzieBhBsOFhp7zFzHQaG3)
2026-05-02 21:02:10 [INFO][SYNCER] [Downlink] CommandDispatcher started — listening Firestore /commands
2026-05-02 21:02:10 [INFO][SYNCER] Sensor history flush loop started (interval: 180s)
2026-05-02 21:02:10 [INFO][SYNCER] [Uplink] Stream started (FIX A1: mqtt_inbound only for RTDB sensor)
2026-05-02 21:02:10 [INFO][SYNCER] [AutoSync] Automation/Schedule sync loop started (interval: 30s)
2026-05-02 21:02:12 [INFO][SYNCER] Firestore device [bedroom_01/fan_bd_1] → ON (On-Change write)
2026-05-02 21:02:12 [INFO][SYNCER] Firestore device [bedroom_01/light_bd_1] → ON (On-Change write)
2026-05-02 21:02:40 [INFO][SYNCER] [AutoSync] Automation rules updated in SQLite from Firestore
2026-05-02 21:02:40 [INFO][SYNCER] [AutoSync] Schedules updated in SQLite from Firestore
2026-05-02 21:02:48 [INFO][SYNCER] [Downlink] DISPATCH: JiNOG1NE9zKioB0mHeiB [turn_off] → Redis[device_commands]
2026-05-02 21:02:48 [INFO][SYNCER] [Downlink] CLEANUP: Đã xóa lệnh JiNOG1NE9zKioB0mHeiB
2026-05-02 21:02:48 [INFO][SYNCER] Firestore device [bedroom_01/fan_bd_1] → OFF (On-Change write)
2026-05-02 21:02:52 [INFO][SYNCER] [Downlink] DISPATCH: V11096kOcfCbv7By1J0F [turn_on] → Redis[device_commands]
2026-05-02 21:02:53 [INFO][SYNCER] [Downlink] CLEANUP: Đã xóa lệnh V11096kOcfCbv7By1J0F
2026-05-02 21:02:53 [INFO][SYNCER] Firestore device [bedroom_01/fan_bd_1] → ON (On-Change write)
2026-05-02 21:02:59 [INFO][SYNCER] [Downlink] DISPATCH: CdmfB5panGcwsiKovVvy [turn_off] → Redis[device_commands]
2026-05-02 21:02:59 [INFO][SYNCER] [Downlink] CLEANUP: Đã xóa lệnh CdmfB5panGcwsiKovVvy
2026-05-02 21:03:00 [INFO][SYNCER] Firestore device [bedroom_01/light_bd_1] → OFF (On-Change write)
2026-05-02 21:03:02 [INFO][SYNCER] [Downlink] DISPATCH: B3wJ2vs8IFwbQHGGqkfq [turn_on] → Redis[device_commands]
2026-05-02 21:03:02 [INFO][SYNCER] [Downlink] CLEANUP: Đã xóa lệnh B3wJ2vs8IFwbQHGGqkfq
2026-05-02 21:03:02 [INFO][SYNCER] Firestore device [bedroom_01/light_bd_1] → ON (On-Change write)
2026-05-02 21:03:06 [INFO][SYNCER] [Downlink] DISPATCH: l7bB1rez0x09dwK2erHc [turn_off] → Redis[device_commands]
2026-05-02 21:03:06 [INFO][SYNCER] [Downlink] CLEANUP: Đã xóa lệnh l7bB1rez0x09dwK2erHc
2026-05-02 21:03:06 [INFO][SYNCER] Firestore device [bedroom_01/fan_bd_1] → OFF (On-Change write)
2026-05-02 21:03:10 [INFO][SYNCER] [Downlink] DISPATCH: i6L8ALoF2dADOT407Ux9 [turn_on] → Redis[device_commands]
2026-05-02 21:03:10 [INFO][SYNCER] [Downlink] CLEANUP: Đã xóa lệnh i6L8ALoF2dADOT407Ux9
2026-05-02 21:03:10 [INFO][SYNCER] Firestore device [bedroom_01/fan_bd_1] → ON (On-Change write)
2026-05-02 21:03:52 [INFO][SYNCER] Firestore device [living_room_01/light_lv_1] → OFF (On-Change write)
2026-05-02 21:03:52 [INFO][SYNCER] Firestore device [living_room_01/fan_lv_1] → OFF (On-Change write)
2026-05-02 21:03:52 [INFO][SYNCER] Firestore device [living_room_01/fan_lv_1] → ON (On-Change write)
2026-05-02 21:04:05 [INFO][SYNCER] [Downlink] DISPATCH: KyRanjMcJs3ToLKOU4fi [turn_off] → Redis[device_commands]
2026-05-02 21:04:06 [INFO][SYNCER] [Downlink] CLEANUP: Đã xóa lệnh KyRanjMcJs3ToLKOU4fi
2026-05-02 21:04:06 [INFO][SYNCER] Firestore device [living_room_01/fan_lv_1] → OFF (On-Change write)
2026-05-02 21:04:08 [INFO][SYNCER] [Downlink] DISPATCH: GbgJNjLuGQJ0JvGbS3SG [turn_on] → Redis[device_commands]
2026-05-02 21:04:08 [INFO][SYNCER] [Downlink] CLEANUP: Đã xóa lệnh GbgJNjLuGQJ0JvGbS3SG
2026-05-02 21:04:08 [INFO][SYNCER] Firestore device [living_room_01/light_lv_1] → ON (On-Change write)
2026-05-02 21:04:09 [INFO][SYNCER] [Downlink] DISPATCH: uOrlFRz7YjsygdT8FRwL [turn_off] → Redis[device_commands]
2026-05-02 21:04:09 [INFO][SYNCER] [Downlink] CLEANUP: Đã xóa lệnh uOrlFRz7YjsygdT8FRwL
2026-05-02 21:04:09 [INFO][SYNCER] Firestore device [living_room_01/light_lv_1] → OFF (On-Change write)
2026-05-02 21:05:02 [INFO][SYNCER] Firestore device [kitchen_01/fan_kt_1] → OFF (On-Change write)
2026-05-02 21:05:03 [INFO][SYNCER] [Downlink] DISPATCH: 9CYYlQC6fKhsuiTAinYf [turn_on] → Redis[device_commands]
2026-05-02 21:05:03 [INFO][SYNCER] [Downlink] CLEANUP: Đã xóa lệnh 9CYYlQC6fKhsuiTAinYf
2026-05-02 21:05:03 [INFO][SYNCER] Firestore device [kitchen_01/light_kt_1] → ON (On-Change write)
2026-05-02 21:05:04 [INFO][SYNCER] [Downlink] DISPATCH: GxOE5hbUPaKTAIeXMYIx [turn_off] → Redis[device_commands]
2026-05-02 21:05:04 [INFO][SYNCER] [Downlink] CLEANUP: Đã xóa lệnh GxOE5hbUPaKTAIeXMYIx
2026-05-02 21:05:04 [INFO][SYNCER] Firestore device [kitchen_01/light_kt_1] → OFF (On-Change write)
2026-05-02 21:05:10 [INFO][SYNCER] Firestore: Batch flush 120 sensor history rows
2026-05-02 21:05:11 [INFO][SYNCER] Flushed 120 sensor history rows to Firestore
2026-05-02 21:06:13 [INFO][SYNCER] Firestore device [bedroom_01/fan_bd_1] → OFF (On-Change write)
2026-05-02 21:06:13 [INFO][SYNCER] Firestore device [bedroom_01/light_bd_1] → OFF (On-Change write)
2026-05-02 21:06:17 [INFO][SYNCER] Firestore device [bedroom_01/light_bd_1] → ON (On-Change write)
2026-05-02 21:06:19 [INFO][SYNCER] Firestore device [bedroom_01/light_bd_1] → OFF (On-Change write)
2026-05-02 21:06:22 [INFO][SYNCER] Firestore device [bedroom_01/fan_bd_1] → ON (On-Change write)
2026-05-02 21:06:24 [INFO][SYNCER] Firestore device [bedroom_01/fan_bd_1] → OFF (On-Change write)
2026-05-02 21:06:25 [INFO][SYNCER] Firestore device [bedroom_01/fan_bd_1] → ON (On-Change write)
2026-05-02 21:06:27 [INFO][SYNCER] Firestore device [bedroom_01/fan_bd_1] → OFF (On-Change write)
2026-05-02 21:06:28 [INFO][SYNCER] Firestore device [bedroom_01/fan_bd_1] → ON (On-Change write)
2026-05-02 21:06:31 [INFO][SYNCER] Firestore device [bedroom_01/light_bd_1] → ON (On-Change write)
2026-05-02 21:06:32 [INFO][SYNCER] Firestore device [bedroom_01/light_bd_1] → OFF (On-Change write)
2026-05-02 21:06:33 [INFO][SYNCER] Firestore device [bedroom_01/fan_bd_1] → OFF (On-Change write)
2026-05-02 21:06:34 [INFO][SYNCER] Firestore device [bedroom_01/fan_bd_1] → ON (On-Change write)
2026-05-02 21:06:35 [INFO][SYNCER] Firestore device [bedroom_01/fan_bd_1] → OFF (On-Change write)
2026-05-02 21:06:36 [INFO][SYNCER] Firestore device [bedroom_01/fan_bd_1] → ON (On-Change write)
2026-05-02 21:06:39 [INFO][SYNCER] [Downlink] DISPATCH: gZ2Nv6HMNINyQ5YCedsB [turn_off] → Redis[device_commands]
2026-05-02 21:06:39 [INFO][SYNCER] [Downlink] CLEANUP: Đã xóa lệnh gZ2Nv6HMNINyQ5YCedsB
2026-05-02 21:06:39 [INFO][SYNCER] Firestore device [bedroom_01/fan_bd_1] → OFF (On-Change write)
2026-05-02 21:06:40 [INFO][SYNCER] [Downlink] DISPATCH: yto8arN1rdVNv6zxy9Ct [turn_on] → Redis[device_commands]
2026-05-02 21:06:41 [INFO][SYNCER] [Downlink] CLEANUP: Đã xóa lệnh yto8arN1rdVNv6zxy9Ct
2026-05-02 21:06:41 [INFO][SYNCER] Firestore device [bedroom_01/fan_bd_1] → ON (On-Change write)
2026-05-02 21:06:42 [INFO][SYNCER] [Downlink] DISPATCH: S0PiwUrmAYp3c2gNLpJ0 [turn_off] → Redis[device_commands]
2026-05-02 21:06:42 [INFO][SYNCER] [Downlink] CLEANUP: Đã xóa lệnh S0PiwUrmAYp3c2gNLpJ0
2026-05-02 21:06:42 [INFO][SYNCER] Firestore device [bedroom_01/fan_bd_1] → OFF (On-Change write)
2026-05-02 21:07:04 [INFO][SYNCER] Firestore device [bedroom_01/fan_bd_1] → ON (On-Change write)
2026-05-02 21:07:04 [INFO][SYNCER] SyncWorker running (storage: sd2)
2026-05-02 21:07:04 [INFO][SYNCER] DB rotated → /mnt/sd2/data/data_2026-05-02.db (mode: sd2)
2026-05-02 21:07:04 [INFO][SYNCER] Firestore device [bedroom_01/light_bd_1] → ON (On-Change write)
2026-05-02 21:07:48 [INFO][SYNCER] [Downlink] DISPATCH: G6ZuIqquEyztUfByYj29 [turn_off] → Redis[device_commands]
2026-05-02 21:07:48 [INFO][SYNCER] [Downlink] CLEANUP: Đã xóa lệnh G6ZuIqquEyztUfByYj29
2026-05-02 21:07:48 [INFO][SYNCER] Firestore device [bedroom_01/light_bd_1] → OFF (On-Change write)
2026-05-02 21:08:11 [INFO][SYNCER] Firestore: Batch flush 136 sensor history rows
2026-05-02 21:08:11 [INFO][SYNCER] Flushed 136 sensor history rows to Firestore
2026-05-02 21:08:43 [INFO][SYNCER] [AutoSync] Schedules updated in SQLite from Firestore
2026-05-02 21:08:50 [INFO][SYNCER] [Downlink] DISPATCH: N0PBWiPfkIvV2pXTTRuw [turn_off] → Redis[device_commands]
2026-05-02 21:08:50 [INFO][SYNCER] [Downlink] CLEANUP: Đã xóa lệnh N0PBWiPfkIvV2pXTTRuw
2026-05-02 21:08:50 [INFO][SYNCER] Firestore device [bedroom_01/fan_bd_1] → OFF (On-Change write)
2026-05-02 21:09:02 [INFO][SYNCER] Firestore device [bedroom_01/fan_bd_1] → ON (On-Change write)
2026-05-02 21:09:03 [INFO][SYNCER] Firestore device [bedroom_01/fan_bd_1] → OFF (On-Change write)
2026-05-02 21:09:04 [INFO][SYNCER] Firestore device [bedroom_01/fan_bd_1] → ON (On-Change write)
2026-05-02 21:09:10 [INFO][SYNCER] Firestore device [bedroom_01/fan_bd_1] → OFF (On-Change write)
2026-05-02 21:09:11 [INFO][SYNCER] Firestore device [bedroom_01/fan_bd_1] → ON (On-Change write)
2026-05-02 21:09:13 [INFO][SYNCER] Firestore device [bedroom_01/fan_bd_1] → OFF (On-Change write)
2026-05-02 21:09:15 [INFO][SYNCER] Firestore device [bedroom_01/fan_bd_1] → ON (On-Change write)
2026-05-02 21:09:16 [INFO][SYNCER] Firestore device [bedroom_01/fan_bd_1] → OFF (On-Change write)
2026-05-02 21:09:23 [INFO][SYNCER] Firestore device [bedroom_01/fan_bd_1] → ON (On-Change write)
2026-05-02 21:09:26 [INFO][SYNCER] Firestore device [bedroom_01/fan_bd_1] → OFF (On-Change write)
2026-05-02 21:11:12 [INFO][SYNCER] Firestore: Batch flush 144 sensor history rows
2026-05-02 21:11:12 [INFO][SYNCER] Flushed 144 sensor history rows to Firestore
2026-05-02 21:14:12 [INFO][SYNCER] Firestore: Batch flush 144 sensor history rows
2026-05-02 21:14:12 [INFO][SYNCER] Flushed 144 sensor history rows to Firestore
2026-05-02 21:17:13 [INFO][SYNCER] Firestore: Batch flush 144 sensor history rows
2026-05-02 21:17:13 [INFO][SYNCER] Flushed 144 sensor history rows to Firestore
2026-05-02 21:20:14 [INFO][SYNCER] Firestore: Batch flush 144 sensor history rows
2026-05-02 21:20:14 [INFO][SYNCER] Flushed 144 sensor history rows to Firestore
2026-05-02 21:23:14 [INFO][SYNCER] Firestore: Batch flush 148 sensor history rows
2026-05-02 21:23:14 [INFO][SYNCER] Flushed 148 sensor history rows to Firestore
2026-05-02 21:26:15 [INFO][SYNCER] Firestore: Batch flush 144 sensor history rows
2026-05-02 21:26:15 [INFO][SYNCER] Flushed 144 sensor history rows to Firestore
2026-05-02 21:29:16 [INFO][SYNCER] Firestore: Batch flush 144 sensor history rows
2026-05-02 21:29:16 [INFO][SYNCER] Flushed 144 sensor history rows to Firestore
2026-05-02 21:32:17 [INFO][SYNCER] Firestore: Batch flush 144 sensor history rows
2026-05-02 21:32:17 [INFO][SYNCER] Flushed 144 sensor history rows to Firestore
2026-05-02 21:35:17 [INFO][SYNCER] Firestore: Batch flush 144 sensor history rows
2026-05-02 21:35:17 [INFO][SYNCER] Flushed 144 sensor history rows to Firestore
2026-05-02 21:38:18 [INFO][SYNCER] Firestore: Batch flush 144 sensor history rows
2026-05-02 21:38:18 [INFO][SYNCER] Flushed 144 sensor history rows to Firestore
2026-05-02 21:41:04 [INFO][SYNCER] [Downlink] DISPATCH: aB5Suvp98UJ47tkU4A0X [turn_on] → Redis[device_commands]
[DISPATCH] SENT [automation|p=3]: bedroom_01/fan_bd_1 → turn_on
[DISPATCH] BLOCKED (manual_override): automation → fan_bd_1
[AUTO] CACHED_AUTOMATIONS reloaded: 3 rules
[AUTO] Schedules reloaded: 1
[DISPATCH] BLOCKED (manual_override): automation → light_bd_1
[DISPATCH] BLOCKED (manual_override): automation → light_bd_1
[DISPATCH] SENT [manual|p=1]: bedroom_01/fan_bd_1 → turn_off
[AUTO] ACK sent for cmd JiNOG1NE9zKioB0mHeiB: fan_bd_1 → False
[DISPATCH] BLOCKED (manual_override): automation → light_bd_1
[DISPATCH] SENT [manual|p=1]: bedroom_01/fan_bd_1 → turn_on
[AUTO] ACK sent for cmd V11096kOcfCbv7By1J0F: fan_bd_1 → True
[DISPATCH] BLOCKED (manual_override): automation → light_bd_1
[DISPATCH] SENT [manual|p=1]: bedroom_01/light_bd_1 → turn_off
[AUTO] ACK sent for cmd CdmfB5panGcwsiKovVvy: light_bd_1 → False
[DISPATCH] SENT [manual|p=1]: bedroom_01/light_bd_1 → turn_on
[AUTO] ACK sent for cmd B3wJ2vs8IFwbQHGGqkfq: light_bd_1 → True
[DISPATCH] BLOCKED (manual_override): automation → light_bd_1
[DISPATCH] SENT [manual|p=1]: bedroom_01/fan_bd_1 → turn_off
[AUTO] ACK sent for cmd l7bB1rez0x09dwK2erHc: fan_bd_1 → False
[DISPATCH] BLOCKED (manual_override): automation → light_bd_1
[DISPATCH] SENT [manual|p=1]: bedroom_01/fan_bd_1 → turn_on
[AUTO] ACK sent for cmd i6L8ALoF2dADOT407Ux9: fan_bd_1 → True
[DISPATCH] BLOCKED (manual_override): automation → light_bd_1
[DISPATCH] BLOCKED (manual_override): automation → light_bd_1
[DISPATCH] BLOCKED (manual_override): automation → light_bd_1
[DISPATCH] BLOCKED (manual_override): automation → light_bd_1
[DISPATCH] BLOCKED (manual_override): automation → light_bd_1
[DISPATCH] SENT [automation|p=3]: living_room_01/fan_lv_1 → turn_on
[DISPATCH] SENT [manual|p=1]: living_room_01/fan_lv_1 → turn_off
[AUTO] ACK sent for cmd KyRanjMcJs3ToLKOU4fi: fan_lv_1 → False
[DISPATCH] SENT [manual|p=1]: living_room_01/light_lv_1 → turn_on
[AUTO] ACK sent for cmd GbgJNjLuGQJ0JvGbS3SG: light_lv_1 → True
[DISPATCH] SENT [manual|p=1]: living_room_01/light_lv_1 → turn_off
[AUTO] ACK sent for cmd uOrlFRz7YjsygdT8FRwL: light_lv_1 → False
[DISPATCH] BLOCKED (manual_override): automation → fan_lv_1
[DISPATCH] BLOCKED (manual_override): automation → fan_lv_1
[DISPATCH] BLOCKED (manual_override): automation → fan_lv_1
[DISPATCH] BLOCKED (manual_override): automation → fan_lv_1
[DISPATCH] BLOCKED (manual_override): automation → fan_lv_1
[DISPATCH] BLOCKED (manual_override): automation → fan_lv_1
[DISPATCH] BLOCKED (manual_override): automation → fan_lv_1
[DISPATCH] BLOCKED (manual_override): automation → fan_lv_1
[DISPATCH] SENT [automation|p=3]: kitchen_01/fan_kt_1 → turn_off
[DISPATCH] SENT [manual|p=1]: kitchen_01/light_kt_1 → turn_on
[AUTO] ACK sent for cmd 9CYYlQC6fKhsuiTAinYf: light_kt_1 → True
[DISPATCH] SENT [manual|p=1]: kitchen_01/light_kt_1 → turn_off
[AUTO] ACK sent for cmd GxOE5hbUPaKTAIeXMYIx: light_kt_1 → False
[DISPATCH] BLOCKED (manual_override): automation → light_bd_1
[DISPATCH] BLOCKED (manual_override): automation → light_bd_1
[DISPATCH] SENT [manual|p=1]: bedroom_01/fan_bd_1 → turn_off
[AUTO] ACK sent for cmd gZ2Nv6HMNINyQ5YCedsB: fan_bd_1 → False
[DISPATCH] SENT [manual|p=1]: bedroom_01/fan_bd_1 → turn_on
[AUTO] ACK sent for cmd yto8arN1rdVNv6zxy9Ct: fan_bd_1 → True
[DISPATCH] SENT [manual|p=1]: bedroom_01/fan_bd_1 → turn_off
[AUTO] ACK sent for cmd S0PiwUrmAYp3c2gNLpJ0: fan_bd_1 → False
[DISPATCH] BLOCKED (manual_override): automation → light_bd_1
[DISPATCH] BLOCKED (manual_override): automation → light_bd_1
[DISPATCH] BLOCKED (manual_override): automation → light_bd_1
[DISPATCH] BLOCKED (manual_override): automation → light_bd_1
[DISPATCH] BLOCKED (manual_override): automation → light_bd_1
[DISPATCH] BLOCKED (manual_override): automation → light_bd_1
[DISPATCH] BLOCKED (manual_override): automation → light_bd_1
[DISPATCH] BLOCKED (manual_override): automation → light_bd_1
[DISPATCH] BLOCKED (manual_override): automation → light_bd_1
[DISPATCH] BLOCKED (manual_override): automation → light_bd_1
[DISPATCH] SENT [manual|p=1]: bedroom_01/light_bd_1 → turn_off
[AUTO] ACK sent for cmd G6ZuIqquEyztUfByYj29: light_bd_1 → False
[AUTO] Schedules reloaded: 2
[DISPATCH] SENT [manual|p=1]: bedroom_01/fan_bd_1 → turn_off
[AUTO] ACK sent for cmd N0PBWiPfkIvV2pXTTRuw: fan_bd_1 → False
[DISPATCH] BLOCKED (manual_override): schedule → light_bd_1
[DISPATCH] BLOCKED (manual_override): schedule → light_bd_1
[DISPATCH] BLOCKED (manual_override): schedule → light_bd_1
[DISPATCH] BLOCKED (manual_override): schedule → light_bd_1
[DISPATCH] BLOCKED (manual_override): schedule → light_bd_1
[DISPATCH] BLOCKED (manual_override): schedule → light_bd_1
[DISPATCH] BLOCKED (manual_override): schedule → light_bd_1
[DISPATCH] BLOCKED (manual_override): schedule → light_bd_1
[DISPATCH] BLOCKED (manual_override): schedule → light_bd_1
[DISPATCH] BLOCKED (manual_override): schedule → light_bd_1
[DISPATCH] BLOCKED (manual_override): schedule → light_bd_1
[DISPATCH] BLOCKED (manual_override): schedule → light_bd_1
[DISPATCH] BLOCKED (manual_override): schedule → light_bd_1
[DISPATCH] BLOCKED (manual_override): schedule → light_bd_1
[DISPATCH] BLOCKED (manual_override): schedule → light_bd_1
[DISPATCH] BLOCKED (manual_override): schedule → light_bd_1
[DISPATCH] BLOCKED (manual_override): schedule → light_bd_1
[DISPATCH] BLOCKED (manual_override): schedule → light_bd_1
[DISPATCH] BLOCKED (manual_override): schedule → light_bd_1
[DISPATCH] BLOCKED (manual_override): schedule → light_bd_1
[DISPATCH] BLOCKED (manual_override): schedule → light_bd_1
[DISPATCH] BLOCKED (manual_override): schedule → light_bd_1
[DISPATCH] BLOCKED (manual_override): schedule → light_bd_1
[DISPATCH] BLOCKED (manual_override): schedule → light_bd_1
[DISPATCH] BLOCKED (manual_override): schedule → light_bd_1
[DISPATCH] BLOCKED (manual_override): schedule → light_bd_1
[DISPATCH] BLOCKED (manual_override): schedule → light_bd_1
[DISPATCH] BLOCKED (manual_override): schedule → light_bd_1
[DISPATCH] BLOCKED (manual_override): schedule → light_bd_1
[DISPATCH] BLOCKED (manual_override): schedule → light_bd_1
[DISPATCH] BLOCKED (manual_override): schedule → light_bd_1
[DISPATCH] BLOCKED (manual_override): schedule → light_bd_1
[DISPATCH] BLOCKED (manual_override): schedule → light_bd_1
[DISPATCH] BLOCKED (manual_override): schedule → light_bd_1
[DISPATCH] BLOCKED (manual_override): schedule → light_bd_1
[DISPATCH] BLOCKED (manual_override): schedule → light_bd_1
[DISPATCH] BLOCKED (manual_override): schedule → light_bd_1
[DISPATCH] BLOCKED (manual_override): schedule → light_bd_1
[DISPATCH] BLOCKED (manual_override): schedule → light_bd_1
[DISPATCH] BLOCKED (manual_override): schedule → light_bd_1
[DISPATCH] BLOCKED (manual_override): schedule → light_bd_1
[DISPATCH] BLOCKED (manual_override): schedule → light_bd_1
[DISPATCH] BLOCKED (manual_override): schedule → light_bd_1
[DISPATCH] BLOCKED (manual_override): schedule → light_bd_1
[DISPATCH] BLOCKED (manual_override): schedule → light_bd_1
[DISPATCH] BLOCKED (manual_override): schedule → light_bd_1
[DISPATCH] BLOCKED (manual_override): schedule → light_bd_1
[DISPATCH] BLOCKED (manual_override): schedule → light_bd_1
[DISPATCH] BLOCKED (manual_override): schedule → light_bd_1
[DISPATCH] BLOCKED (manual_override): schedule → light_bd_1
[DISPATCH] BLOCKED (manual_override): schedule → light_bd_1
[DISPATCH] BLOCKED (manual_override): schedule → light_bd_1
[DISPATCH] BLOCKED (manual_override): schedule → light_bd_1
[DISPATCH] BLOCKED (manual_override): schedule → light_bd_1
[DISPATCH] BLOCKED (manual_override): schedule → light_bd_1
[DISPATCH] BLOCKED (manual_override): schedule → light_bd_1
[DISPATCH] BLOCKED (manual_override): schedule → light_bd_1
[DISPATCH] BLOCKED (manual_override): schedule → light_bd_1
[DISPATCH] BLOCKED (manual_override): schedule → light_bd_1
[DISPATCH] BLOCKED (manual_override): schedule → light_bd_1
[DISPATCH] SENT [manual|p=1]: bedroom_01/fan_bd_1 → turn_on2026-05-02 21:41:04 [INFO][SYNCER] [Downlink] CLEANUP: Đã xóa lệnh aB5Suvp98UJ47tkU4A0X
2026-05-02 21:41:04 [INFO][SYNCER] Firestore device [bedroom_01/fan_bd_1] → ON (On-Change write)
2026-05-02 21:41:05 [INFO][SYNCER] [Downlink] DISPATCH: bi5EfYW78M9zTvGiggPe [turn_off] → Redis[device_commands]
2026-05-02 21:41:05 [INFO][SYNCER] [Downlink] CLEANUP: Đã xóa lệnh bi5EfYW78M9zTvGiggPe
2026-05-02 21:41:05 [INFO][SYNCER] Firestore device [bedroom_01/fan_bd_1] → OFF (On-Change write)
2026-05-02 21:41:06 [INFO][SYNCER] [Downlink] DISPATCH: ye9k0d7DyzWjQKUqXsWY [turn_on] → Redis[device_commands]
2026-05-02 21:41:06 [INFO][SYNCER] [Downlink] CLEANUP: Đã xóa lệnh ye9k0d7DyzWjQKUqXsWY
2026-05-02 21:41:06 [INFO][SYNCER] Firestore device [bedroom_01/fan_bd_1] → ON (On-Change write)
2026-05-02 21:41:10 [INFO][SYNCER] Firestore device [bedroom_01/light_bd_1] → ON (On-Change write)
2026-05-02 21:41:11 [INFO][SYNCER] Firestore device [bedroom_01/light_bd_1] → OFF (On-Change write)
2026-05-02 21:41:11 [INFO][SYNCER] Firestore device [bedroom_01/fan_bd_1] → OFF (On-Change write)
2026-05-02 21:41:12 [INFO][SYNCER] Firestore device [bedroom_01/fan_bd_1] → ON (On-Change write)
2026-05-02 21:41:15 [INFO][SYNCER] Firestore device [bedroom_01/fan_bd_1] → OFF (On-Change write)
2026-05-02 21:41:16 [INFO][SYNCER] Firestore device [bedroom_01/fan_bd_1] → ON (On-Change write)
2026-05-02 21:41:19 [INFO][SYNCER] Firestore: Batch flush 144 sensor history rows
2026-05-02 21:41:19 [INFO][SYNCER] Flushed 144 sensor history rows to Firestore
2026-05-02 21:41:25 [INFO][SYNCER] Firestore device [bedroom_01/light_bd_1] → ON (On-Change write)
2026-05-02 21:41:33 [INFO][SYNCER] Firestore device [bedroom_01/light_bd_1] → OFF (On-Change write)
2026-05-02 21:41:34 [INFO][SYNCER] Firestore device [bedroom_01/light_bd_1] → ON (On-Change write)
2026-05-02 21:41:35 [INFO][SYNCER] Firestore device [bedroom_01/fan_bd_1] → OFF (On-Change write)
2026-05-02 21:41:36 [INFO][SYNCER] Firestore device [bedroom_01/fan_bd_1] → ON (On-Change write)
2026-05-02 21:41:38 [INFO][SYNCER] Firestore device [bedroom_01/fan_bd_1] → OFF (On-Change write)
2026-05-02 21:41:40 [INFO][SYNCER] Firestore device [bedroom_01/fan_bd_1] → ON (On-Change write)
2026-05-02 21:41:41 [INFO][SYNCER] Firestore device [bedroom_01/fan_bd_1] → OFF (On-Change write)
2026-05-02 21:41:43 [INFO][SYNCER] Firestore device [bedroom_01/light_bd_1] → OFF (On-Change write)
2026-05-02 21:42:51 [INFO][SYNCER] Firestore device [living_room_01/fan_lv_1] → ON (On-Change write)
2026-05-02 21:44:19 [INFO][SYNCER] Firestore: Batch flush 98 sensor history rows
2026-05-02 21:44:19 [INFO][SYNCER] Flushed 98 sensor history rows to Firestore
2026-05-02 21:44:26 [INFO][SYNCER] [Downlink] DISPATCH: B93hsAoD4C8zxrY6qd9F [turn_off] → Redis[device_commands]
2026-05-02 21:44:26 [INFO][SYNCER] [Downlink] CLEANUP: Đã xóa lệnh B93hsAoD4C8zxrY6qd9F
2026-05-02 21:44:26 [INFO][SYNCER] Firestore device [living_room_01/fan_lv_1] → OFF (On-Change write)
2026-05-02 21:45:11 [INFO][SYNCER] [Downlink] DISPATCH: OJfXtkzmJCbDMxBcIGJw [turn_on] → Redis[device_commands]
2026-05-02 21:45:11 [INFO][SYNCER] [Downlink] CLEANUP: Đã xóa lệnh OJfXtkzmJCbDMxBcIGJw
2026-05-02 21:45:11 [INFO][SYNCER] Firestore device [living_room_01/light_lv_1] → ON (On-Change write)
2026-05-02 21:45:13 [INFO][SYNCER] [Downlink] DISPATCH: o72s6qyrm9Hv5jL9UnGD [turn_off] → Redis[device_commands]
2026-05-02 21:45:13 [INFO][SYNCER] [Downlink] CLEANUP: Đã xóa lệnh o72s6qyrm9Hv5jL9UnGD
2026-05-02 21:45:13 [INFO][SYNCER] Firestore device [living_room_01/light_lv_1] → OFF (On-Change write)
2026-05-03 15:56:19 [INFO][SYNCER] SyncWorker starting...
2026-05-03 15:56:19 [INFO][SYNCER] Waiting for SD2 (timeout 300s before degraded mode)...
2026-05-03 15:56:20 [INFO][SYNCER] ============================================================
2026-05-03 15:56:20 [INFO][SYNCER] firebase_sync v2.2 starting — project: nhathongminh-myhome
2026-05-03 15:56:20 [INFO][SYNCER] FIX A1: Single Writer RTDB (mqtt_inbound only)
2026-05-03 15:56:20 [INFO][SYNCER] FIX B1: No force_update — ESP32 feedback is source of truth
2026-05-03 15:56:20 [INFO][SYNCER] ============================================================
2026-05-03 15:56:21 [INFO][SYNCER] Sử dụng Service Account: /home/pi/smarthome_prj/GATEWAY/firebase-service-account.json
2026-05-03 15:56:21 [INFO][SYNCER] Redis connected at localhost:6379
2026-05-03 15:56:21 [INFO][SYNCER] Chạy auto-provisioning...
2026-05-03 15:56:21 [INFO][SYNCER] === AUTO-PROVISIONING BẮT ĐẦU ===
2026-05-03 15:56:21 [WARNING][SYNCER] Retrying (Retry(total=2, connect=None, read=None, redirect=None, status=None)) after connection broken by 'NameResolutionError("HTTPSConnection(host='oauth2.googleapis.com', port=443): Failed to resolve 'oauth2.googleapis.com' ([Errno -3] Temporary failure in name resolution)")': /token
2026-05-03 15:56:21 [WARNING][SYNCER] Retrying (Retry(total=1, connect=None, read=None, redirect=None, status=None)) after connection broken by 'NameResolutionError("HTTPSConnection(host='oauth2.googleapis.com', port=443): Failed to resolve 'oauth2.googleapis.com' ([Errno -3] Temporary failure in name resolution)")': /token
2026-05-03 15:56:21 [WARNING][SYNCER] Retrying (Retry(total=0, connect=None, read=None, redirect=None, status=None)) after connection broken by 'NameResolutionError("HTTPSConnection(host='oauth2.googleapis.com', port=443): Failed to resolve 'oauth2.googleapis.com' ([Errno -3] Temporary failure in name resolution)")': /token
=======================================================
  SmartHome Gateway — Starting
=======================================================
[MAIN] DB schema applied
[MAIN] DB init complete
[BUS] MessageBus started
[BUS] MQTT connected & subscribed
[WATCHDOG] Safety watchdog started (thread-safe sensor read)
[BUS] Outbound loop started
[NET] Dual interface detected: Hotspot=wlan0, Uplink=p2p-dev-wlan0
[NET] Network watchdog started — Hotspot:wlan0 Uplink:p2p-dev-wlan0
[MAIN] FirebaseSync worker started
[MAIN] All workers started
[BRIDGE] Realtime bridge started
[AUTO] Cache loaded: 3 rules, 2 schedules
[SCHEDULER] Started
[API] Registered /api: auth
[API] Registered /api: sensors
[API] Registered /api: devices
[AUTO] Command listener started
[API] Registered /api: automation
[API] Registered /api: logs
[API] Registered /api: rfid
[API] Registered /api: wifi
[API] Registered /api: ota
[API] Registered /api: system
=======================================================
[MAIN] Gateway LIVE → http://0.0.0.0:5000/
[MAIN] API prefix:  http://0.0.0.0:5000/api/
=======================================================
 * Serving Flask app 'gateway_main'
 * Debug mode: off
2026-05-03 15:56:21 [ERROR][SYNCER] RTDB provision room bedroom_01 failed: HTTPSConnectionPool(host='oauth2.googleapis.com', port=443): Max retries exceeded with url: /token (Caused by NameResolutionError("HTTPSConnection(host='oauth2.googleapis.com', port=443): Failed to resolve 'oauth2.googleapis.com' ([Errno -3] Temporary failure in name resolution)"))
2026-05-03 15:56:21 [INFO][SYNCER] [31m[1mWARNING: This is a development server. Do not use it in a production deployment. Use a production WSGI server instead.[0m
 * Running on all addresses (0.0.0.0)
 * Running on http://127.0.0.1:5000
 * Running on http://127.0.0.1:5000
2026-05-03 15:56:21 [INFO][SYNCER] [33mPress CTRL+C to quit[0m
2026-05-03 15:57:54 [INFO][SYNCER] SyncWorker starting...
2026-05-03 15:57:54 [INFO][SYNCER] Waiting for SD2 (timeout 300s before degraded mode)...
2026-05-03 15:57:54 [INFO][SYNCER] ============================================================
2026-05-03 15:57:54 [INFO][SYNCER] firebase_sync v2.2 starting — project: nhathongminh-myhome
2026-05-03 15:57:54 [INFO][SYNCER] FIX A1: Single Writer RTDB (mqtt_inbound only)
2026-05-03 15:57:54 [INFO][SYNCER] FIX B1: No force_update — ESP32 feedback is source of truth
2026-05-03 15:57:54 [INFO][SYNCER] ============================================================
2026-05-03 15:57:55 [INFO][SYNCER] Sử dụng Service Account: /home/pi/smarthome_prj/GATEWAY/firebase-service-account.json
2026-05-03 15:57:55 [INFO][SYNCER] Redis connected at localhost:6379
2026-05-03 15:57:55 [INFO][SYNCER] Chạy auto-provisioning...
2026-05-03 15:57:55 [INFO][SYNCER] === AUTO-PROVISIONING BẮT ĐẦU ===
2026-05-03 15:57:55 [WARNING][SYNCER] Retrying (Retry(total=2, connect=None, read=None, redirect=None, status=None)) after connection broken by 'NameResolutionError("HTTPSConnection(host='oauth2.googleapis.com', port=443): Failed to resolve 'oauth2.googleapis.com' ([Errno -3] Temporary failure in name resolution)")': /token
2026-05-03 15:57:55 [WARNING][SYNCER] Retrying (Retry(total=1, connect=None, read=None, redirect=None, status=None)) after connection broken by 'NameResolutionError("HTTPSConnection(host='oauth2.googleapis.com', port=443): Failed to resolve 'oauth2.googleapis.com' ([Errno -3] Temporary failure in name resolution)")': /token
2026-05-03 15:57:55 [WARNING][SYNCER] Retrying (Retry(total=0, connect=None, read=None, redirect=None, status=None)) after connection broken by 'NameResolutionError("HTTPSConnection(host='oauth2.googleapis.com', port=443): Failed to resolve 'oauth2.googleapis.com' ([Errno -3] Temporary failure in name resolution)")': /token
2026-05-03 15:57:55 [ERROR][SYNCER] RTDB provision room bedroom_01 failed: HTTPSConnectionPool(host='oauth2.googleapis.com', port=443): Max retries exceeded with url: /token (Caused by NameResolutionError("HTTPSConnection(host='oauth2.googleapis.com', port=443): Failed to resolve 'oauth2.googleapis.com' ([Errno -3] Temporary failure in name resolution)"))
=======================================================
  SmartHome Gateway — Starting
=======================================================
[MAIN] DB schema applied
[MAIN] DB init complete
[BUS] MessageBus started
[BUS] MQTT connected & subscribed
[WATCHDOG] Safety watchdog started (thread-safe sensor read)
[BUS] Outbound loop started
[NET] Dual interface detected: Hotspot=wlan0, Uplink=p2p-dev-wlan0
[NET] Network watchdog started — Hotspot:wlan0 Uplink:p2p-dev-wlan0
[MAIN] FirebaseSync worker started
[MAIN] All workers started
[BRIDGE] Realtime bridge started
[AUTO] Cache loaded: 3 rules, 2 schedules
[SCHEDULER] Started
[API] Registered /api: auth
[API] Registered /api: sensors
[API] Registered /api: devices
[API] Registered /api: automation
[AUTO] Command listener started
[API] Registered /api: logs
[API] Registered /api: rfid
[API] Registered /api: wifi
[API] Registered /api: ota
[API] Registered /api: system
=======================================================
[MAIN] Gateway LIVE → http://0.0.0.0:5000/
[MAIN] API prefix:  http://0.0.0.0:5000/api/
=======================================================
 * Serving Flask app 'gateway_main'
 * Debug mode: off
2026-05-03 15:57:55 [INFO][SYNCER] [31m[1mWARNING: This is a development server. Do not use it in a production deployment. Use a production WSGI server instead.[0m
 * Running on all addresses (0.0.0.0)
 * Running on http://127.0.0.1:5000
 * Running on http://127.0.0.1:5000
2026-05-03 15:57:55 [INFO][SYNCER] [33mPress CTRL+C to quit[0m
2026-05-03 16:02:33 [INFO][SYNCER] SyncWorker starting...
2026-05-03 16:02:33 [INFO][SYNCER] Waiting for SD2 (timeout 300s before degraded mode)...
2026-05-03 16:02:33 [INFO][SYNCER] ============================================================
2026-05-03 16:02:33 [INFO][SYNCER] firebase_sync v2.2 starting — project: nhathongminh-myhome
2026-05-03 16:02:33 [INFO][SYNCER] FIX A1: Single Writer RTDB (mqtt_inbound only)
2026-05-03 16:02:33 [INFO][SYNCER] FIX B1: No force_update — ESP32 feedback is source of truth
2026-05-03 16:02:33 [INFO][SYNCER] ============================================================
2026-05-03 16:02:34 [INFO][SYNCER] Sử dụng Service Account: /home/pi/smarthome_prj/GATEWAY/firebase-service-account.json
2026-05-03 16:02:34 [INFO][SYNCER] Redis connected at localhost:6379
2026-05-03 16:02:34 [INFO][SYNCER] Chạy auto-provisioning...
2026-05-03 16:02:34 [INFO][SYNCER] === AUTO-PROVISIONING BẮT ĐẦU ===
2026-05-03 16:02:34 [WARNING][SYNCER] Retrying (Retry(total=2, connect=None, read=None, redirect=None, status=None)) after connection broken by 'NameResolutionError("HTTPSConnection(host='oauth2.googleapis.com', port=443): Failed to resolve 'oauth2.googleapis.com' ([Errno -3] Temporary failure in name resolution)")': /token
2026-05-03 16:02:34 [WARNING][SYNCER] Retrying (Retry(total=1, connect=None, read=None, redirect=None, status=None)) after connection broken by 'NameResolutionError("HTTPSConnection(host='oauth2.googleapis.com', port=443): Failed to resolve 'oauth2.googleapis.com' ([Errno -3] Temporary failure in name resolution)")': /token
2026-05-03 16:02:34 [WARNING][SYNCER] Retrying (Retry(total=0, connect=None, read=None, redirect=None, status=None)) after connection broken by 'NameResolutionError("HTTPSConnection(host='oauth2.googleapis.com', port=443): Failed to resolve 'oauth2.googleapis.com' ([Errno -3] Temporary failure in name resolution)")': /token
2026-05-03 16:02:34 [ERROR][SYNCER] RTDB provision room bedroom_01 failed: HTTPSConnectionPool(host='oauth2.googleapis.com', port=443): Max retries exceeded with url: /token (Caused by NameResolutionError("HTTPSConnection(host='oauth2.googleapis.com', port=443): Failed to resolve 'oauth2.googleapis.com' ([Errno -3] Temporary failure in name resolution)"))
=======================================================
  SmartHome Gateway — Starting
=======================================================
[MAIN] DB schema applied
[MAIN] DB init complete
[BUS] MessageBus started
[BUS] MQTT connected & subscribed
[WATCHDOG] Safety watchdog started (thread-safe sensor read)
[BUS] Outbound loop started
[NET] Dual interface detected: Hotspot=wlan0, Uplink=p2p-dev-wlan0
[NET] Network watchdog started — Hotspot:wlan0 Uplink:p2p-dev-wlan0
[MAIN] FirebaseSync worker started
[MAIN] All workers started
[BRIDGE] Realtime bridge started
[API] Registered /api: auth
[API] Registered /api: sensors
[API] Registered /api: devices
[AUTO] Cache loaded: 3 rules, 2 schedules
[SCHEDULER] Started
[API] Registered /api: automation
[API] Registered /api: logs
[API] Registered /api: rfid
[AUTO] Command listener started
[API] Registered /api: wifi
[API] Registered /api: ota
[API] Registered /api: system
=======================================================
[MAIN] Gateway LIVE → http://0.0.0.0:5000/
[MAIN] API prefix:  http://0.0.0.0:5000/api/
=======================================================
 * Serving Flask app 'gateway_main'
 * Debug mode: off
2026-05-03 16:02:34 [INFO][SYNCER] [31m[1mWARNING: This is a development server. Do not use it in a production deployment. Use a production WSGI server instead.[0m
 * Running on all addresses (0.0.0.0)
 * Running on http://127.0.0.1:5000
 * Running on http://127.0.0.1:5000
2026-05-03 16:02:34 [INFO][SYNCER] [33mPress CTRL+C to quit[0m
2026-05-03 16:48:01 [INFO][SYNCER] SyncWorker starting...
2026-05-03 16:48:01 [INFO][SYNCER] Waiting for SD2 (timeout 300s before degraded mode)...
2026-05-03 16:48:03 [INFO][SYNCER] ============================================================
2026-05-03 16:48:03 [INFO][SYNCER] firebase_sync v2.2 starting — project: nhathongminh-myhome
2026-05-03 16:48:03 [INFO][SYNCER] FIX A1: Single Writer RTDB (mqtt_inbound only)
2026-05-03 16:48:03 [INFO][SYNCER] FIX B1: No force_update — ESP32 feedback is source of truth
2026-05-03 16:48:03 [INFO][SYNCER] ============================================================
2026-05-03 16:48:03 [INFO][SYNCER] Sử dụng Service Account: /home/pi/smarthome_prj/GATEWAY/firebase-service-account.json
2026-05-03 16:48:03 [INFO][SYNCER] Redis connected at localhost:6379
2026-05-03 16:48:03 [INFO][SYNCER] Chạy auto-provisioning...
2026-05-03 16:48:03 [INFO][SYNCER] === AUTO-PROVISIONING BẮT ĐẦU ===
=======================================================
  SmartHome Gateway — Starting
=======================================================
[MAIN] DB schema applied
[MAIN] DB init complete
[BUS] MessageBus started
[BUS] MQTT connected & subscribed
[WATCHDOG] Safety watchdog started (thread-safe sensor read)
[BUS] Outbound loop started
[NET] Dual interface detected: Hotspot=wlan0, Uplink=p2p-dev-wlan0
[NET] Network watchdog started — Hotspot:wlan0 Uplink:p2p-dev-wlan0
[NET] Internet: ON
[NET] NTP already synchronized via systemd-timesyncd
[MAIN] FirebaseSync worker started
[MAIN] All workers started
[BRIDGE] Realtime bridge started
[AUTO] Cache loaded: 3 rules, 2 schedules
[SCHEDULER] Started
[AUTO] Command listener started
[API] Registered /api: auth
[API] Registered /api: sensors
[API] Registered /api: devices
[API] Registered /api: automation
[API] Registered /api: logs
[API] Registered /api: rfid
[API] Registered /api: wifi
[API] Registered /api: ota
[API] Registered /api: system
=======================================================
[MAIN] Gateway LIVE → http://0.0.0.0:5000/
[MAIN] API prefix:  http://0.0.0.0:5000/api/
=======================================================
 * Serving Flask app 'gateway_main'
 * Debug mode: off
2026-05-03 16:48:04 [INFO][SYNCER] [31m[1mWARNING: This is a development server. Do not use it in a production deployment. Use a production WSGI server instead.[0m
 * Running on all addresses (0.0.0.0)
 * Running on http://127.0.0.1:5000
 * Running on http://192.168.137.178:5000
2026-05-03 16:48:04 [INFO][SYNCER] [33mPress CTRL+C to quit[0m
2026-05-03 16:48:07 [INFO][SYNCER] === AUTO-PROVISIONING HOÀN TẤT (3 rooms) ===
2026-05-03 16:48:07 [INFO][SYNCER] Synced 3 rooms to Firestore (userId=aN2XKzWrzieBhBsOFhp7zFzHQaG3)
2026-05-03 16:48:07 [INFO][SYNCER] [Downlink] CommandDispatcher started — listening Firestore /commands
2026-05-03 16:48:07 [INFO][SYNCER] [Uplink] Stream started (FIX A1: mqtt_inbound only for RTDB sensor)
2026-05-03 16:48:07 [INFO][SYNCER] Sensor history flush loop started (interval: 60s)
2026-05-03 16:48:07 [INFO][SYNCER] [AutoSync] Automation/Schedule sync loop started (interval: 30s)
2026-05-03 16:48:07 [INFO][SYNCER] [Downlink] DISPATCH: ajHM1tOPKqzYNJb7XIOy [turn_on] → Redis[device_commands]
2026-05-03 16:48:07 [INFO][SYNCER] [Downlink] CLEANUP: Đã xóa lệnh ajHM1tOPKqzYNJb7XIOy
2026-05-03 16:48:07 [INFO][SYNCER] [Downlink] DISPATCH: entrance_register [start_register] → Redis[rfid_register]
2026-05-03 16:48:07 [INFO][SYNCER] Firestore device [bedroom_01/fan_bd_1] → ON (On-Change write)
2026-05-03 16:48:08 [INFO][SYNCER] [Downlink] RFID cmd entrance_register → dispatched (kept for onSnapshot)
2026-05-03 16:48:08 [INFO][SYNCER] [Downlink] DISPATCH: tajrFhOIvmcJULRCyng7 [turn_off] → Redis[device_commands]
2026-05-03 16:48:08 [INFO][SYNCER] [Downlink] CLEANUP: Đã xóa lệnh tajrFhOIvmcJULRCyng7
2026-05-03 16:48:08 [INFO][SYNCER] Firestore device [bedroom_01/fan_bd_1] → OFF (On-Change write)
2026-05-03 16:48:08 [INFO][SYNCER] Firestore device [bedroom_01/light_bd_1] → ON (On-Change write)
2026-05-03 16:48:38 [INFO][SYNCER] Firestore device [bedroom_01/fan_bd_1] → ON (On-Change write)
2026-05-03 16:48:44 [INFO][SYNCER] Firestore device [bedroom_01/fan_bd_1] → OFF (On-Change write)
2026-05-03 16:48:46 [INFO][SYNCER] Firestore device [bedroom_01/light_bd_1] → OFF (On-Change write)
2026-05-03 16:48:48 [INFO][SYNCER] Firestore device [bedroom_01/light_bd_1] → ON (On-Change write)
2026-05-03 16:48:49 [INFO][SYNCER] Firestore device [bedroom_01/fan_bd_1] → ON (On-Change write)
2026-05-03 16:49:08 [INFO][SYNCER] Firestore: Batch flush 424 sensor history rows
2026-05-03 16:49:08 [INFO][SYNCER] Flushed 424 sensor history rows to Firestore
2026-05-03 16:50:09 [INFO][SYNCER] Firestore: Batch flush 52 sensor history rows
2026-05-03 16:50:09 [INFO][SYNCER] Flushed 52 sensor history rows to Firestore
2026-05-03 16:51:09 [INFO][SYNCER] Firestore: Batch flush 48 sensor history rows
2026-05-03 16:51:09 [INFO][SYNCER] Flushed 48 sensor history rows to Firestore
2026-05-03 16:52:09 [INFO][SYNCER] Firestore: Batch flush 48 sensor history rows
2026-05-03 16:52:09 [INFO][SYNCER] Flushed 48 sensor history rows to Firestore
2026-05-03 16:53:01 [INFO][SYNCER] SyncWorker running (storage: sd2)
2026-05-03 16:53:01 [INFO][SYNCER] DB rotated → /mnt/sd2/data/data_2026-05-03.db (mode: sd2)
2026-05-03 16:53:09 [INFO][SYNCER] Firestore: Batch flush 48 sensor history rows
2026-05-03 16:53:09 [INFO][SYNCER] Flushed 48 sensor history rows to Firestore
2026-05-03 16:54:09 [INFO][SYNCER] Firestore: Batch flush 48 sensor history rows
2026-05-03 16:54:09 [INFO][SYNCER] Flushed 48 sensor history rows to Firestore
2026-05-03 16:55:10 [INFO][SYNCER] Firestore: Batch flush 48 sensor history rows
2026-05-03 16:55:10 [INFO][SYNCER] Flushed 48 sensor history rows to Firestore
2026-05-03 16:56:10 [INFO][SYNCER] Firestore: Batch flush 48 sensor history rows
2026-05-03 16:56:10 [INFO][SYNCER] Flushed 48 sensor history rows to Firestore
2026-05-03 16:56:32 [INFO][SYNCER] [Downlink] DISPATCH: uefdHXeItder4F5xJywH [turn_off] → Redis[device_commands]
2026-05-03 16:56:32 [INFO][SYNCER] [Downlink] CLEANUP: Đã xóa lệnh uefdHXeItder4F5xJywH
2026-05-03 16:56:32 [INFO][SYNCER] Firestore device [bedroom_01/fan_bd_1] → OFF (On-Change write)
2026-05-03 16:56:36 [INFO][SYNCER] [Downlink] DISPATCH: 6MnDTyzKACn1PP8sHjkR [turn_on] → Redis[device_commands]
2026-05-03 16:56:36 [INFO][SYNCER] [Downlink] CLEANUP: Đã xóa lệnh 6MnDTyzKACn1PP8sHjkR
2026-05-03 16:56:36 [INFO][SYNCER] Firestore device [bedroom_01/fan_bd_1] → ON (On-Change write)
2026-05-03 16:57:10 [INFO][SYNCER] Firestore: Batch flush 48 sensor history rows
2026-05-03 16:57:10 [INFO][SYNCER] Flushed 48 sensor history rows to Firestore
[DISPATCH] SENT [manual|p=1]: bedroom_01/fan_bd_1 → turn_on
[AUTO] ACK sent for cmd ajHM1tOPKqzYNJb7XIOy: fan_bd_1 → True
[AUTO] Enrollment started via Firebase command
[DISPATCH] SENT [manual|p=1]: bedroom_01/fan_bd_1 → turn_off
[AUTO] ACK sent for cmd tajrFhOIvmcJULRCyng7: fan_bd_1 → False
[DISPATCH] BLOCKED (manual_override): automation → light_bd_1
[DISPATCH] BLOCKED (manual_override): automation → light_bd_1
[DISPATCH] BLOCKED (manual_override): automation → light_bd_1
[DISPATCH] BLOCKED (manual_override): automation → light_bd_1
[DISPATCH] BLOCKED (manual_override): automation → light_bd_1
[DISPATCH] BLOCKED (manual_override): automation → light_bd_1
[DISPATCH] BLOCKED (manual_override): automation → light_bd_1
[DISPATCH] BLOCKED (manual_override): automation → light_bd_1
[DISPATCH] BLOCKED (manual_override): automation → light_bd_1
[DISPATCH] BLOCKED (manual_override): automation → light_bd_1
[DISPATCH] BLOCKED (manual_override): automation → light_bd_1
[DISPATCH] BLOCKED (manual_override): automation → light_bd_1
[DISPATCH] BLOCKED (manual_override): automation → light_bd_1
[DISPATCH] BLOCKED (manual_override): automation → light_bd_1
[DISPATCH] BLOCKED (manual_override): automation → light_bd_1
[DISPATCH] BLOCKED (manual_override): automation → light_bd_1
[DISPATCH] BLOCKED (manual_override): automation → light_bd_1
[DISPATCH] BLOCKED (manual_override): automation → light_bd_1
[DISPATCH] BLOCKED (manual_override): automation → light_bd_1
[DISPATCH] BLOCKED (manual_override): automation → light_bd_1
[DISPATCH] BLOCKED (manual_override): automation → light_bd_1
[DISPATCH] BLOCKED (manual_override): automation → light_bd_1
[DISPATCH] BLOCKED (manual_override): automation → light_bd_1
[DISPATCH] BLOCKED (manual_override): automation → light_bd_1
[DISPATCH] BLOCKED (manual_override): automation → light_bd_1
[DISPATCH] BLOCKED (manual_override): automation → light_bd_1
[DISPATCH] BLOCKED (manual_override): automation → light_bd_1
[DISPATCH] BLOCKED (manual_override): automation → light_bd_1
[DISPATCH] BLOCKED (manual_override): automation → light_bd_1
[DISPATCH] BLOCKED (manual_override): automation → light_bd_1
[DISPATCH] BLOCKED (manual_override): automation → light_bd_1
[DISPATCH] BLOCKED (manual_override): automation → light_bd_1
[DISPATCH] BLOCKED (manual_override): automation → light_bd_1
[DISPATCH] BLOCKED (manual_override): automation → light_bd_1
[DISPATCH] BLOCKED (manual_override): automation → light_bd_1
[DISPATCH] BLOCKED (manual_override): automation → light_bd_1
[DISPATCH] BLOCKED (manual_override): automation → light_bd_1
[DISPATCH] BLOCKED (manual_override): automation → light_bd_1
[DISPATCH] BLOCKED (manual_override): automation → light_bd_1
[DISPATCH] BLOCKED (manual_override): automation → light_bd_1
[DISPATCH] BLOCKED (manual_override): automation → light_bd_1
[DISPATCH] BLOCKED (manual_override): automation → light_bd_1
[DISPATCH] BLOCKED (manual_override): automation → light_bd_1
[DISPATCH] BLOCKED (manual_override): automation → light_bd_1
[DISPATCH] BLOCKED (manual_override): automation → light_bd_1
[DISPATCH] BLOCKED (manual_override): automation → light_bd_1
[DISPATCH] BLOCKED (manual_override): automation → light_bd_1
[DISPATCH] BLOCKED (manual_override): automation → light_bd_1
[DISPATCH] BLOCKED (manual_override): automation → light_bd_1
[DISPATCH] BLOCKED (manual_override): automation → light_bd_1
[DISPATCH] BLOCKED (manual_override): automation → light_bd_1
[DISPATCH] BLOCKED (manual_override): automation → light_bd_1
[DISPATCH] BLOCKED (manual_override): automation → light_bd_1
[DISPATCH] BLOCKED (manual_override): automation → light_bd_1
[DISPATCH] BLOCKED (manual_override): automation → light_bd_1
[DISPATCH] BLOCKED (manual_override): automation → light_bd_1
[DISPATCH] BLOCKED (manual_override): automation → light_bd_1
[DISPATCH] BLOCKED (manual_override): automation → light_bd_1
[DISPATCH] BLOCKED (manual_override): automation → light_bd_1
[DISPATCH] BLOCKED (manual_override): automation → light_bd_1
[DISPATCH] BLOCKED (manual_override): automation → light_bd_1
[DISPATCH] BLOCKED (manual_override): automation → light_bd_1
[DISPATCH] BLOCKED (manual_override): automation → light_bd_1
[DISPATCH] BLOCKED (manual_override): automation → light_bd_1
[DISPATCH] BLOCKED (manual_override): automation → light_bd_1
[DISPATCH] BLOCKED (manual_override): automation → light_bd_1
[DISPATCH] BLOCKED (manual_override): automation → light_bd_1
[DISPATCH] BLOCKED (manual_override): automation → light_bd_1
[DISPATCH] BLOCKED (manual_override): automation → light_bd_1
[DISPATCH] BLOCKED (manual_override): automation → light_bd_1
[DISPATCH] BLOCKED (manual_override): automation → light_bd_1
[DISPATCH] BLOCKED (manual_override): automation → light_bd_1
[DISPATCH] BLOCKED (manual_override): automation → light_bd_1
[DISPATCH] BLOCKED (manual_override): automation → light_bd_1
[DISPATCH] BLOCKED (manual_override): automation → light_bd_1
[DISPATCH] BLOCKED (manual_override): automation → light_bd_1
[DISPATCH] BLOCKED (manual_override): automation → light_bd_1
[DISPATCH] BLOCKED (manual_override): automation → light_bd_1
[DISPATCH] BLOCKED (manual_override): automation → light_bd_1
[DISPATCH] BLOCKED (manual_override): automation → light_bd_1
[DISPATCH] BLOCKED (manual_override): automation → light_bd_1
[DISPATCH] BLOCKED (manual_override): automation → light_bd_1
[DISPATCH] BLOCKED (manual_override): automation → light_bd_1
[DISPATCH] BLOCKED (manual_override): automation → light_bd_1
[DISPATCH] BLOCKED (manual_override): automation → light_bd_1
[DISPATCH] BLOCKED (manual_override): automation → light_bd_1
[DISPATCH] BLOCKED (manual_override): automation → light_bd_1
[DISPATCH] BLOCKED (manual_override): automation → light_bd_1
[DISPATCH] BLOCKED (manual_override): automation → light_bd_1
[DISPATCH] BLOCKED (manual_override): automation → light_bd_1
[DISPATCH] BLOCKED (manual_override): automation → light_bd_1
[DISPATCH] BLOCKED (manual_override): automation → light_bd_1
[DISPATCH] BLOCKED (manual_override): automation → light_bd_1
[DISPATCH] BLOCKED (manual_override): automation → light_bd_1
[DISPATCH] BLOCKED (manual_override): automation → light_bd_1
[DISPATCH] BLOCKED (manual_override): automation → light_bd_1
[DISPATCH] BLOCKED (manual_override): automation → light_bd_1
[DISPATCH] BLOCKED (manual_override): automation → light_bd_1
[DISPATCH] BLOCKED (manual_override): automation → light_bd_1
[DISPATCH] BLOCKED (manual_override): automation → light_bd_1
[DISPATCH] BLOCKED (manual_override): automation → light_bd_1
[DISPATCH] SENT [manual|p=1]: bedroom_01/fan_bd_1 → turn_off
[AUTO] ACK sent for cmd uefdHXeItder4F5xJywH: fan_bd_1 → False
[DISPATCH] BLOCKED (manual_override): automation → light_bd_1
[DISPATCH] SENT [manual|p=1]: bedroom_01/fan_bd_1 → turn_on
[AUTO] ACK sent for cmd 6MnDTyzKACn1PP8sHjkR: fan_bd_1 → True
[DISPATCH] BLOCKED (manual_override): automation → light_bd_1
[DISPATCH] BLOCKED (manual_override): automation → light_bd_1
[DISPATCH] BLOCKED (manual_override): automation → light_bd_1
[DISPATCH] BLOCKED (manual_override): automation → light_bd_1
[DISPATCH] BLOCKED (manual_override): automation → light_bd_1
[DISPATCH] BLOCKED (manual_override): automation → light_bd_1
[DISPATCH] BLOCKED (manual_override): automation → light_bd_1
[DISPATCH] BLOCKED (manual_override): automation → light_bd_1
[DISPATCH] BLOCKED (manual_override): automation → light_bd_1
[DISPATCH] BLOCKED (manual_override): automation → light_bd_1
[DISPATCH] BLOCKED (manual_override): automation → light_bd_1
[DISPATCH] BLOCKED (manual_override): automation → light_bd_1
[DISPATCH] BLOCKED (manual_override): automation → light_bd_1
[DISPATCH] BLOCKED (manual_override): automation → light_bd_1
[DISPATCH] BLOCKED (manual_override): automation → light_bd_1
[DISPATCH] BLOCKED (manual_override): automation → light_bd_1
[DISPATCH] BLOCKED (manual_override): automation → light_bd_1
2026-05-03 16:58:10 [INFO][SYNCER] Firestore: Batch flush 48 sensor history rows
2026-05-03 16:58:10 [INFO][SYNCER] Flushed 48 sensor history rows to Firestore
2026-05-03 17:16:29 [INFO][SYNCER] SyncWorker starting...
2026-05-03 17:16:29 [INFO][SYNCER] Waiting for SD2 (timeout 300s before degraded mode)...
2026-05-03 17:16:29 [INFO][SYNCER] ============================================================
2026-05-03 17:16:29 [INFO][SYNCER] firebase_sync v2.2 starting — project: nhathongminh-myhome
2026-05-03 17:16:29 [INFO][SYNCER] FIX A1: Single Writer RTDB (mqtt_inbound only)
2026-05-03 17:16:29 [INFO][SYNCER] FIX B1: No force_update — ESP32 feedback is source of truth
2026-05-03 17:16:29 [INFO][SYNCER] ============================================================
2026-05-03 17:16:30 [INFO][SYNCER] Sử dụng Service Account: /home/pi/smarthome_prj/GATEWAY/firebase-service-account.json
2026-05-03 17:16:30 [INFO][SYNCER] Redis connected at localhost:6379
2026-05-03 17:16:30 [INFO][SYNCER] Chạy auto-provisioning...
2026-05-03 17:16:30 [INFO][SYNCER] === AUTO-PROVISIONING BẮT ĐẦU ===
=======================================================
  SmartHome Gateway — Starting
=======================================================
[MAIN] DB schema applied
[MAIN] DB init complete
[BUS] MessageBus started
[BUS] MQTT connected & subscribed
[WATCHDOG] Safety watchdog started (thread-safe sensor read)
[BUS] Outbound loop started
[NET] Dual interface detected: Hotspot=wlan0, Uplink=p2p-dev-wlan0
[NET] Network watchdog started — Hotspot:wlan0 Uplink:p2p-dev-wlan0
[NET] Internet: ON
[MAIN] FirebaseSync worker started
[MAIN] All workers started
[NET] NTP already synchronized via systemd-timesyncd
[BRIDGE] Realtime bridge started
[AUTO] Cache loaded: 3 rules, 2 schedules
[SCHEDULER] Started
[AUTO] Command listener started
[API] Registered /api: auth
[API] Registered /api: sensors
[API] Registered /api: devices
[API] Registered /api: automation
[API] Registered /api: logs
[API] Registered /api: rfid
[API] Registered /api: wifi
[API] Registered /api: ota
[API] Registered /api: system
=======================================================
[MAIN] Gateway LIVE → http://0.0.0.0:5000/
[MAIN] API prefix:  http://0.0.0.0:5000/api/
=======================================================
 * Serving Flask app 'gateway_main'
 * Debug mode: off
2026-05-03 17:16:30 [INFO][SYNCER] [31m[1mWARNING: This is a development server. Do not use it in a production deployment. Use a production WSGI server instead.[0m
 * Running on all addresses (0.0.0.0)
 * Running on http://127.0.0.1:5000
 * Running on http://192.168.137.178:5000
2026-05-03 17:16:30 [INFO][SYNCER] [33mPress CTRL+C to quit[0m
2026-05-03 17:16:33 [INFO][SYNCER] === AUTO-PROVISIONING HOÀN TẤT (3 rooms) ===
2026-05-03 17:16:34 [INFO][SYNCER] Synced 3 rooms to Firestore (userId=aN2XKzWrzieBhBsOFhp7zFzHQaG3)
2026-05-03 17:16:34 [INFO][SYNCER] [Uplink] Stream started (FIX A1: mqtt_inbound only for RTDB sensor)
2026-05-03 17:16:34 [INFO][SYNCER] [Downlink] CommandDispatcher started — listening Firestore /commands
2026-05-03 17:16:34 [INFO][SYNCER] Sensor history flush loop started (interval: 60s)
2026-05-03 17:16:34 [INFO][SYNCER] [AutoSync] Automation/Schedule sync loop started (interval: 30s)
2026-05-03 17:16:35 [INFO][SYNCER] Firestore device [bedroom_01/light_bd_1] → ON (On-Change write)
2026-05-03 17:16:38 [INFO][SYNCER] Firestore device [bedroom_01/fan_bd_1] → ON (On-Change write)
2026-05-03 17:17:34 [INFO][SYNCER] Firestore: Batch flush 60 sensor history rows
2026-05-03 17:17:34 [INFO][SYNCER] Flushed 60 sensor history rows to Firestore
2026-05-03 17:18:16 [INFO][SYNCER] Firestore device [bedroom_01/fan_bd_1] → OFF (On-Change write)
2026-05-03 17:18:16 [INFO][SYNCER] Firestore device [bedroom_01/light_bd_1] → OFF (On-Change write)
2026-05-03 17:18:34 [INFO][SYNCER] Firestore: Batch flush 44 sensor history rows
2026-05-03 17:18:34 [INFO][SYNCER] Flushed 44 sensor history rows to Firestore
2026-05-03 17:19:35 [INFO][SYNCER] Firestore: Batch flush 48 sensor history rows
2026-05-03 17:19:35 [INFO][SYNCER] Flushed 48 sensor history rows to Firestore
2026-05-03 17:20:35 [INFO][SYNCER] Firestore: Batch flush 48 sensor history rows
2026-05-03 17:20:35 [INFO][SYNCER] Flushed 48 sensor history rows to Firestore
2026-05-03 17:21:29 [INFO][SYNCER] SyncWorker running (storage: sd2)
2026-05-03 17:21:29 [INFO][SYNCER] DB rotated → /mnt/sd2/data/data_2026-05-03.db (mode: sd2)
2026-05-03 17:21:35 [INFO][SYNCER] Firestore: Batch flush 48 sensor history rows
2026-05-03 17:21:35 [INFO][SYNCER] Flushed 48 sensor history rows to Firestore
2026-05-03 17:22:06 [INFO][SYNCER] [AutoSync] Schedules updated in SQLite from Firestore
2026-05-03 17:22:35 [INFO][SYNCER] Firestore: Batch flush 48 sensor history rows
2026-05-03 17:22:35 [INFO][SYNCER] Flushed 48 sensor history rows to Firestore
2026-05-03 17:23:36 [INFO][SYNCER] Firestore: Batch flush 48 sensor history rows
2026-05-03 17:23:36 [INFO][SYNCER] Flushed 48 sensor history rows to Firestore
2026-05-03 17:24:36 [INFO][SYNCER] Firestore: Batch flush 48 sensor history rows
2026-05-03 17:24:36 [INFO][SYNCER] Flushed 48 sensor history rows to Firestore
2026-05-03 17:25:36 [INFO][SYNCER] Firestore: Batch flush 48 sensor history rows
2026-05-03 17:25:36 [INFO][SYNCER] Flushed 48 sensor history rows to Firestore
2026-05-03 17:26:36 [INFO][SYNCER] Firestore: Batch flush 48 sensor history rows
2026-05-03 17:26:36 [INFO][SYNCER] Flushed 48 sensor history rows to Firestore
2026-05-03 17:27:37 [INFO][SYNCER] Firestore: Batch flush 48 sensor history rows
2026-05-03 17:27:37 [INFO][SYNCER] Flushed 48 sensor history rows to Firestore
2026-05-03 17:28:37 [INFO][SYNCER] Firestore: Batch flush 52 sensor history rows
2026-05-03 17:28:37 [INFO][SYNCER] Flushed 52 sensor history rows to Firestore
2026-05-03 17:29:37 [INFO][SYNCER] Firestore: Batch flush 48 sensor history rows
2026-05-03 17:29:37 [INFO][SYNCER] Flushed 48 sensor history rows to Firestore
2026-05-03 17:30:38 [INFO][SYNCER] Firestore: Batch flush 48 sensor history rows
2026-05-03 17:30:38 [INFO][SYNCER] Flushed 48 sensor history rows to Firestore
2026-05-03 17:31:38 [INFO][SYNCER] Firestore: Batch flush 48 sensor history rows
2026-05-03 17:31:38 [INFO][SYNCER] Flushed 48 sensor history rows to Firestore
2026-05-03 17:32:38 [INFO][SYNCER] Firestore: Batch flush 48 sensor history rows
2026-05-03 17:32:38 [INFO][SYNCER] Flushed 48 sensor history rows to Firestore
2026-05-03 17:33:39 [INFO][SYNCER] Firestore: Batch flush 48 sensor history rows
2026-05-03 17:33:39 [INFO][SYNCER] Flushed 48 sensor history rows to Firestore
2026-05-03 17:34:39 [INFO][SYNCER] Firestore: Batch flush 48 sensor history rows
2026-05-03 17:34:39 [INFO][SYNCER] Flushed 48 sensor history rows to Firestore
2026-05-03 17:35:39 [INFO][SYNCER] Firestore: Batch flush 48 sensor history rows
2026-05-03 17:35:39 [INFO][SYNCER] Flushed 48 sensor history rows to Firestore
2026-05-03 17:36:40 [INFO][SYNCER] Firestore: Batch flush 48 sensor history rows
2026-05-03 17:36:40 [INFO][SYNCER] Flushed 48 sensor history rows to Firestore
2026-05-03 17:37:40 [INFO][SYNCER] Firestore: Batch flush 48 sensor history rows
2026-05-03 17:37:40 [INFO][SYNCER] Flushed 48 sensor history rows to Firestore
2026-05-03 17:37:49 [INFO][SYNCER] [Downlink] DISPATCH: kDF99BbXher77RUCAUVn [turn_on] → Redis[device_commands]
2026-05-03 17:37:49 [INFO][SYNCER] [Downlink] CLEANUP: Đã xóa lệnh kDF99BbXher77RUCAUVn
2026-05-03 17:37:49 [INFO][SYNCER] Firestore device [bedroom_01/fan_bd_1] → ON (On-Change write)
2026-05-03 17:37:53 [INFO][SYNCER] [Downlink] DISPATCH: SSLi1mGcRSCtT7RfTlBk [turn_off] → Redis[device_commands]
2026-05-03 17:37:53 [INFO][SYNCER] [Downlink] CLEANUP: Đã xóa lệnh SSLi1mGcRSCtT7RfTlBk
2026-05-03 17:37:53 [INFO][SYNCER] Firestore device [bedroom_01/fan_bd_1] → OFF (On-Change write)
2026-05-03 17:38:40 [INFO][SYNCER] Firestore: Batch flush 48 sensor history rows
2026-05-03 17:38:40 [INFO][SYNCER] Flushed 48 sensor history rows to Firestore
2026-05-03 17:39:40 [INFO][SYNCER] Firestore: Batch flush 48 sensor history rows
2026-05-03 17:39:40 [INFO][SYNCER] Flushed 48 sensor history rows to Firestore
2026-05-03 17:40:41 [INFO][SYNCER] Firestore: Batch flush 48 sensor history rows
2026-05-03 17:40:41 [INFO][SYNCER] Flushed 48 sensor history rows to Firestore
2026-05-03 17:41:41 [INFO][SYNCER] Firestore: Batch flush 48 sensor history rows
2026-05-03 17:41:41 [INFO][SYNCER] Flushed 48 sensor history rows to Firestore
2026-05-03 17:42:41 [INFO][SYNCER] Firestore: Batch flush 48 sensor history rows
2026-05-03 17:42:41 [INFO][SYNCER] Flushed 48 sensor history rows to Firestore
2026-05-03 17:43:42 [INFO][SYNCER] Firestore: Batch flush 48 sensor history rows
2026-05-03 17:43:42 [INFO][SYNCER] Flushed 48 sensor history rows to Firestore
2026-05-03 17:44:42 [INFO][SYNCER] Firestore: Batch flush 52 sensor history rows
2026-05-03 17:44:42 [INFO][SYNCER] Flushed 52 sensor history rows to Firestore
2026-05-03 17:45:43 [INFO][SYNCER] Firestore: Batch flush 48 sensor history rows
2026-05-03 17:45:43 [INFO][SYNCER] Flushed 48 sensor history rows to Firestore
2026-05-03 17:46:43 [INFO][SYNCER] Firestore: Batch flush 48 sensor history rows
2026-05-03 17:46:43 [INFO][SYNCER] Flushed 48 sensor history rows to Firestore
2026-05-03 17:47:43 [INFO][SYNCER] Firestore: Batch flush 48 sensor history rows
2026-05-03 17:47:43 [INFO][SYNCER] Flushed 48 sensor history rows to Firestore
2026-05-03 17:48:43 [INFO][SYNCER] Firestore: Batch flush 48 sensor history rows
2026-05-03 17:48:43 [INFO][SYNCER] Flushed 48 sensor history rows to Firestore
2026-05-03 17:49:44 [INFO][SYNCER] Firestore: Batch flush 48 sensor history rows
2026-05-03 17:49:44 [INFO][SYNCER] Flushed 48 sensor history rows to Firestore
2026-05-03 17:50:44 [INFO][SYNCER] Firestore: Batch flush 48 sensor history rows
2026-05-03 17:50:44 [INFO][SYNCER] Flushed 48 sensor history rows to Firestore
2026-05-03 17:51:45 [INFO][SYNCER] Firestore: Batch flush 48 sensor history rows
2026-05-03 17:51:45 [INFO][SYNCER] Flushed 48 sensor history rows to Firestore
2026-05-03 17:52:45 [INFO][SYNCER] Firestore: Batch flush 48 sensor history rows
2026-05-03 17:52:45 [INFO][SYNCER] Flushed 48 sensor history rows to Firestore
2026-05-03 17:53:46 [INFO][SYNCER] Firestore: Batch flush 48 sensor history rows
2026-05-03 17:53:46 [INFO][SYNCER] Flushed 48 sensor history rows to Firestore
2026-05-03 17:54:46 [INFO][SYNCER] Firestore: Batch flush 48 sensor history rows
2026-05-03 17:54:46 [INFO][SYNCER] Flushed 48 sensor history rows to Firestore
2026-05-03 17:55:46 [INFO][SYNCER] Firestore: Batch flush 48 sensor history rows
2026-05-03 17:55:46 [INFO][SYNCER] Flushed 48 sensor history rows to Firestore
2026-05-03 17:56:46 [INFO][SYNCER] Firestore: Batch flush 48 sensor history rows
2026-05-03 17:56:46 [INFO][SYNCER] Flushed 48 sensor history rows to Firestore
2026-05-03 17:57:47 [INFO][SYNCER] Firestore: Batch flush 48 sensor history rows
2026-05-03 17:57:47 [INFO][SYNCER] Flushed 48 sensor history rows to Firestore
2026-05-03 17:58:47 [INFO][SYNCER] Firestore: Batch flush 48 sensor history rows
2026-05-03 17:58:47 [INFO][SYNCER] Flushed 48 sensor history rows to Firestore
2026-05-03 17:59:47 [INFO][SYNCER] Firestore: Batch flush 52 sensor history rows
2026-05-03 17:59:47 [INFO][SYNCER] Flushed 52 sensor history rows to Firestore
2026-05-03 18:00:47 [INFO][SYNCER] Firestore: Batch flush 48 sensor history rows
2026-05-03 18:00:47 [INFO][SYNCER] Flushed 48 sensor history rows to Firestore
2026-05-03 18:01:48 [INFO][SYNCER] Firestore: Batch flush 48 sensor history rows
2026-05-03 18:01:48 [INFO][SYNCER] Flushed 48 sensor history rows to Firestore
2026-05-03 18:02:48 [INFO][SYNCER] Firestore: Batch flush 48 sensor history rows
2026-05-03 18:02:48 [INFO][SYNCER] Flushed 48 sensor history rows to Firestore
2026-05-03 18:03:48 [INFO][SYNCER] Firestore: Batch flush 48 sensor history rows
2026-05-03 18:03:48 [INFO][SYNCER] Flushed 48 sensor history rows to Firestore
2026-05-03 18:04:48 [INFO][SYNCER] Firestore: Batch flush 48 sensor history rows
2026-05-03 18:04:48 [INFO][SYNCER] Flushed 48 sensor history rows to Firestore
2026-05-03 18:05:49 [INFO][SYNCER] Firestore: Batch flush 48 sensor history rows
2026-05-03 18:05:49 [INFO][SYNCER] Flushed 48 sensor history rows to Firestore
2026-05-03 18:06:49 [INFO][SYNCER] Firestore: Batch flush 48 sensor history rows
2026-05-03 18:06:50 [INFO][SYNCER] Flushed 48 sensor history rows to Firestore
2026-05-03 18:07:50 [INFO][SYNCER] Firestore: Batch flush 48 sensor history rows
2026-05-03 18:07:50 [INFO][SYNCER] Flushed 48 sensor history rows to Firestore
2026-05-03 18:08:50 [INFO][SYNCER] Firestore: Batch flush 48 sensor history rows
2026-05-03 18:08:50 [INFO][SYNCER] Flushed 48 sensor history rows to Firestore
2026-05-03 18:09:50 [INFO][SYNCER] Firestore: Batch flush 48 sensor history rows
2026-05-03 18:09:50 [INFO][SYNCER] Flushed 48 sensor history rows to Firestore
2026-05-03 18:10:51 [INFO][SYNCER] Firestore: Batch flush 48 sensor history rows
2026-05-03 18:10:51 [INFO][SYNCER] Flushed 48 sensor history rows to Firestore
2026-05-03 18:11:51 [INFO][SYNCER] Firestore: Batch flush 48 sensor history rows
2026-05-03 18:11:51 [INFO][SYNCER] Flushed 48 sensor history rows to Firestore
2026-05-03 18:12:51 [INFO][SYNCER] Firestore: Batch flush 48 sensor history rows
2026-05-03 18:12:51 [INFO][SYNCER] Flushed 48 sensor history rows to Firestore
2026-05-03 18:13:51 [INFO][SYNCER] Firestore: Batch flush 48 sensor history rows
2026-05-03 18:13:51 [INFO][SYNCER] Flushed 48 sensor history rows to Firestore
2026-05-03 18:14:52 [INFO][SYNCER] Firestore: Batch flush 48 sensor history rows
2026-05-03 18:14:52 [INFO][SYNCER] Flushed 48 sensor history rows to Firestore
2026-05-03 18:15:52 [INFO][SYNCER] Firestore: Batch flush 48 sensor history rows
2026-05-03 18:15:52 [INFO][SYNCER] Flushed 48 sensor history rows to Firestore
2026-05-03 18:15:59 [INFO][SYNCER] Firestore device [bedroom_01/fan_bd_1] → ON (On-Change write)
2026-05-03 18:16:08 [INFO][SYNCER] [Downlink] DISPATCH: vxTRghgZksbsYNDlMG40 [turn_off] → Redis[device_commands]
2026-05-03 18:16:08 [INFO][SYNCER] [Downlink] CLEANUP: Đã xóa lệnh vxTRghgZksbsYNDlMG40
2026-05-03 18:16:08 [INFO][SYNCER] Firestore device [bedroom_01/fan_bd_1] → OFF (On-Change write)
2026-05-03 18:16:52 [INFO][SYNCER] Firestore: Batch flush 52 sensor history rows
2026-05-03 18:16:52 [INFO][SYNCER] Flushed 52 sensor history rows to Firestore
2026-05-03 18:17:52 [INFO][SYNCER] Firestore: Batch flush 48 sensor history rows
2026-05-03 18:17:52 [INFO][SYNCER] Flushed 48 sensor history rows to Firestore
2026-05-03 18:18:53 [INFO][SYNCER] Firestore: Batch flush 48 sensor history rows
2026-05-03 18:18:53 [INFO][SYNCER] Flushed 48 sensor history rows to Firestore
2026-05-03 18:19:53 [INFO][SYNCER] Firestore: Batch flush 48 sensor history rows
2026-05-03 18:19:53 [INFO][SYNCER] Flushed 48 sensor history rows to Firestore
2026-05-03 18:21:02 [INFO][SYNCER] SyncWorker starting...
2026-05-03 18:21:02 [INFO][SYNCER] Waiting for SD2 (timeout 300s before degraded mode)...
2026-05-03 18:21:02 [INFO][SYNCER] ============================================================
2026-05-03 18:21:02 [INFO][SYNCER] firebase_sync v2.2 starting — project: nhathongminh-myhome
2026-05-03 18:21:02 [INFO][SYNCER] FIX A1: Single Writer RTDB (mqtt_inbound only)
2026-05-03 18:21:02 [INFO][SYNCER] FIX B1: No force_update — ESP32 feedback is source of truth
2026-05-03 18:21:02 [INFO][SYNCER] ============================================================
2026-05-03 18:21:03 [INFO][SYNCER] Sử dụng Service Account: /home/pi/smarthome_prj/GATEWAY/firebase-service-account.json
2026-05-03 18:21:03 [INFO][SYNCER] Redis connected at localhost:6379
2026-05-03 18:21:03 [INFO][SYNCER] Chạy auto-provisioning...
2026-05-03 18:21:03 [INFO][SYNCER] === AUTO-PROVISIONING BẮT ĐẦU ===
=======================================================
  SmartHome Gateway — Starting
=======================================================
[MAIN] DB schema applied
[MAIN] DB init complete
[BUS] MessageBus started
[BUS] MQTT connected & subscribed
[WATCHDOG] Safety watchdog started (thread-safe sensor read)
[BUS] Outbound loop started
[NET] Dual interface detected: Hotspot=wlan0, Uplink=p2p-dev-wlan0
[NET] Network watchdog started — Hotspot:wlan0 Uplink:p2p-dev-wlan0
[NET] Internet: ON
[MAIN] FirebaseSync worker started
[MAIN] All workers started
[NET] NTP already synchronized via systemd-timesyncd
[BRIDGE] Realtime bridge started
[AUTO] Cache loaded: 3 rules, 3 schedules
[API] Registered /api: auth
[SCHEDULER] Started
[API] Registered /api: sensors
[API] Registered /api: devices
[AUTO] Command listener started
[API] Registered /api: automation
[API] Registered /api: logs
[API] Registered /api: rfid
[API] Registered /api: wifi
[API] Registered /api: ota
[API] Registered /api: system
=======================================================
[MAIN] Gateway LIVE → http://0.0.0.0:5000/
[MAIN] API prefix:  http://0.0.0.0:5000/api/
=======================================================
 * Serving Flask app 'gateway_main'
 * Debug mode: off
2026-05-03 18:21:03 [INFO][SYNCER] [31m[1mWARNING: This is a development server. Do not use it in a production deployment. Use a production WSGI server instead.[0m
 * Running on all addresses (0.0.0.0)
 * Running on http://127.0.0.1:5000
 * Running on http://192.168.137.178:5000
2026-05-03 18:21:03 [INFO][SYNCER] [33mPress CTRL+C to quit[0m
2026-05-03 18:21:06 [INFO][SYNCER] === AUTO-PROVISIONING HOÀN TẤT (3 rooms) ===
2026-05-03 18:21:06 [INFO][SYNCER] Synced 3 rooms to Firestore (userId=aN2XKzWrzieBhBsOFhp7zFzHQaG3)
2026-05-03 18:21:06 [INFO][SYNCER] [Uplink] Stream started (FIX A1: mqtt_inbound only for RTDB sensor)
2026-05-03 18:21:06 [INFO][SYNCER] [Downlink] CommandDispatcher started — listening Firestore /commands
2026-05-03 18:21:06 [INFO][SYNCER] Sensor history flush loop started (interval: 60s)
2026-05-03 18:21:06 [INFO][SYNCER] [AutoSync] Automation/Schedule sync loop started (interval: 30s)
2026-05-03 18:21:06 [INFO][SYNCER] Firestore device [bedroom_01/fan_bd_1] → OFF (On-Change write)
2026-05-03 18:21:06 [INFO][SYNCER] Firestore device [bedroom_01/light_bd_1] → OFF (On-Change write)
2026-05-03 18:21:27 [INFO][SYNCER] [Downlink] DISPATCH: Oi6p0O65rtIYPyUysAgY [turn_on] → Redis[device_commands]
2026-05-03 18:21:27 [INFO][SYNCER] [Downlink] CLEANUP: Đã xóa lệnh Oi6p0O65rtIYPyUysAgY
2026-05-03 18:21:27 [INFO][SYNCER] Firestore device [bedroom_01/fan_bd_1] → ON (On-Change write)
2026-05-03 18:21:30 [INFO][SYNCER] [Downlink] DISPATCH: jNfum27duFcR849GkN4P [turn_off] → Redis[device_commands]
2026-05-03 18:21:30 [INFO][SYNCER] [Downlink] CLEANUP: Đã xóa lệnh jNfum27duFcR849GkN4P
2026-05-03 18:21:30 [INFO][SYNCER] Firestore device [bedroom_01/fan_bd_1] → OFF (On-Change write)
2026-05-03 18:21:32 [INFO][SYNCER] Firestore device [bedroom_01/fan_bd_1] → ON (On-Change write)
2026-05-03 18:21:36 [INFO][SYNCER] Firestore device [bedroom_01/fan_bd_1] → OFF (On-Change write)
2026-05-03 18:22:02 [INFO][SYNCER] [Downlink] DISPATCH: ovaJG3hl4fj4djuZw3He [turn_on] → Redis[device_commands]
2026-05-03 18:22:02 [INFO][SYNCER] [Downlink] CLEANUP: Đã xóa lệnh ovaJG3hl4fj4djuZw3He
2026-05-03 18:22:03 [INFO][SYNCER] [Downlink] DISPATCH: oFcakcgyZ7Dtu6JyTBWs [turn_off] → Redis[device_commands]
2026-05-03 18:22:03 [INFO][SYNCER] [Downlink] CLEANUP: Đã xóa lệnh oFcakcgyZ7Dtu6JyTBWs
2026-05-03 18:22:06 [INFO][SYNCER] Firestore: Batch flush 48 sensor history rows
2026-05-03 18:22:06 [INFO][SYNCER] Flushed 48 sensor history rows to Firestore
2026-05-03 18:22:58 [INFO][SYNCER] SyncWorker starting...
2026-05-03 18:22:58 [INFO][SYNCER] Waiting for SD2 (timeout 300s before degraded mode)...
2026-05-03 18:22:58 [INFO][SYNCER] ============================================================
2026-05-03 18:22:58 [INFO][SYNCER] firebase_sync v2.2 starting — project: nhathongminh-myhome
2026-05-03 18:22:58 [INFO][SYNCER] FIX A1: Single Writer RTDB (mqtt_inbound only)
2026-05-03 18:22:58 [INFO][SYNCER] FIX B1: No force_update — ESP32 feedback is source of truth
2026-05-03 18:22:58 [INFO][SYNCER] ============================================================
2026-05-03 18:22:59 [INFO][SYNCER] Sử dụng Service Account: /home/pi/smarthome_prj/GATEWAY/firebase-service-account.json
2026-05-03 18:22:59 [INFO][SYNCER] Redis connected at localhost:6379
2026-05-03 18:22:59 [INFO][SYNCER] Chạy auto-provisioning...
2026-05-03 18:22:59 [INFO][SYNCER] === AUTO-PROVISIONING BẮT ĐẦU ===
=======================================================
  SmartHome Gateway — Starting
=======================================================
[MAIN] DB schema applied
[MAIN] DB init complete
[BUS] MessageBus started
[BUS] MQTT connected & subscribed
[WATCHDOG] Safety watchdog started (thread-safe sensor read)
[BUS] Outbound loop started
[NET] Dual interface detected: Hotspot=wlan0, Uplink=p2p-dev-wlan0
[NET] Network watchdog started — Hotspot:wlan0 Uplink:p2p-dev-wlan0
[NET] Internet: ON
[MAIN] FirebaseSync worker started
[MAIN] All workers started
[NET] NTP already synchronized via systemd-timesyncd
[BRIDGE] Realtime bridge started
[AUTO] Cache loaded: 3 rules, 3 schedules
[API] Registered /api: auth
[SCHEDULER] Started
[API] Registered /api: sensors
[API] Registered /api: devices
[API] Registered /api: automation
[API] Registered /api: logs
[API] Registered /api: rfid
[API] Registered /api: wifi
[API] Registered /api: ota
[AUTO] Command listener started
[API] Registered /api: system
=======================================================
[MAIN] Gateway LIVE → http://0.0.0.0:5000/
[MAIN] API prefix:  http://0.0.0.0:5000/api/
=======================================================
 * Serving Flask app 'gateway_main'
 * Debug mode: off
2026-05-03 18:22:59 [INFO][SYNCER] [31m[1mWARNING: This is a development server. Do not use it in a production deployment. Use a production WSGI server instead.[0m
 * Running on all addresses (0.0.0.0)
 * Running on http://127.0.0.1:5000
 * Running on http://192.168.137.178:5000
2026-05-03 18:22:59 [INFO][SYNCER] [33mPress CTRL+C to quit[0m
2026-05-03 18:23:01 [INFO][SYNCER] === AUTO-PROVISIONING HOÀN TẤT (3 rooms) ===
2026-05-03 18:23:02 [INFO][SYNCER] Synced 3 rooms to Firestore (userId=aN2XKzWrzieBhBsOFhp7zFzHQaG3)
2026-05-03 18:23:02 [INFO][SYNCER] [Uplink] Stream started (FIX A1: mqtt_inbound only for RTDB sensor)
2026-05-03 18:23:02 [INFO][SYNCER] [Downlink] CommandDispatcher started — listening Firestore /commands
2026-05-03 18:23:02 [INFO][SYNCER] Sensor history flush loop started (interval: 60s)
2026-05-03 18:23:02 [INFO][SYNCER] [AutoSync] Automation/Schedule sync loop started (interval: 30s)
2026-05-03 18:23:06 [INFO][SYNCER] Firestore device [bedroom_01/fan_bd_1] → OFF (On-Change write)
2026-05-03 18:23:06 [INFO][SYNCER] Firestore device [bedroom_01/light_bd_1] → OFF (On-Change write)
2026-05-03 18:23:13 [INFO][SYNCER] [Downlink] DISPATCH: sjA6Di3AruY999AkfrUE [turn_on] → Redis[device_commands]
2026-05-03 18:23:13 [INFO][SYNCER] [Downlink] CLEANUP: Đã xóa lệnh sjA6Di3AruY999AkfrUE
2026-05-03 18:23:13 [INFO][SYNCER] Firestore device [bedroom_01/fan_bd_1] → ON (On-Change write)
2026-05-03 18:23:13 [INFO][SYNCER] Firestore device [bedroom_01/light_bd_1] → ON (On-Change write)
2026-05-03 18:23:15 [INFO][SYNCER] Firestore device [bedroom_01/light_bd_1] → OFF (On-Change write)
2026-05-03 18:23:17 [INFO][SYNCER] [Downlink] DISPATCH: PKzPTMVjJux6IxUtBxNb [turn_off] → Redis[device_commands]
2026-05-03 18:23:18 [INFO][SYNCER] [Downlink] CLEANUP: Đã xóa lệnh PKzPTMVjJux6IxUtBxNb
2026-05-03 18:23:18 [INFO][SYNCER] Firestore device [bedroom_01/fan_bd_1] → OFF (On-Change write)
2026-05-03 18:23:19 [INFO][SYNCER] [Downlink] DISPATCH: HBbFyod4Rp0V9Fx9bWjH [turn_on] → Redis[device_commands]
2026-05-03 18:23:19 [INFO][SYNCER] [Downlink] CLEANUP: Đã xóa lệnh HBbFyod4Rp0V9Fx9bWjH
2026-05-03 18:23:19 [INFO][SYNCER] Firestore device [bedroom_01/fan_bd_1] → ON (On-Change write)
2026-05-03 18:23:20 [INFO][SYNCER] [Downlink] DISPATCH: ev7xF65dyRLxL60BAjun [turn_off] → Redis[device_commands]
2026-05-03 18:23:20 [INFO][SYNCER] [Downlink] CLEANUP: Đã xóa lệnh ev7xF65dyRLxL60BAjun
2026-05-03 18:23:20 [INFO][SYNCER] Firestore device [bedroom_01/fan_bd_1] → OFF (On-Change write)
2026-05-03 18:23:23 [INFO][SYNCER] [Downlink] DISPATCH: t6uIVkxtu6yjHIZOnad3 [turn_on] → Redis[device_commands]
2026-05-03 18:23:23 [INFO][SYNCER] [Downlink] CLEANUP: Đã xóa lệnh t6uIVkxtu6yjHIZOnad3
2026-05-03 18:23:23 [INFO][SYNCER] Firestore device [bedroom_01/light_bd_1] → ON (On-Change write)
2026-05-03 18:23:24 [INFO][SYNCER] [Downlink] DISPATCH: DnVcyzxkPXSSunjtWBEY [turn_off] → Redis[device_commands]
2026-05-03 18:23:24 [INFO][SYNCER] [Downlink] CLEANUP: Đã xóa lệnh DnVcyzxkPXSSunjtWBEY
2026-05-03 18:23:24 [INFO][SYNCER] Firestore device [bedroom_01/light_bd_1] → OFF (On-Change write)
2026-05-03 18:24:02 [INFO][SYNCER] Firestore: Batch flush 84 sensor history rows
2026-05-03 18:24:02 [INFO][SYNCER] Flushed 84 sensor history rows to Firestore
2026-05-03 18:24:22 [INFO][SYNCER] SyncWorker starting...
2026-05-03 18:24:22 [INFO][SYNCER] Waiting for SD2 (timeout 300s before degraded mode)...
2026-05-03 18:24:23 [INFO][SYNCER] ============================================================
2026-05-03 18:24:23 [INFO][SYNCER] firebase_sync v2.2 starting — project: nhathongminh-myhome
2026-05-03 18:24:23 [INFO][SYNCER] FIX A1: Single Writer RTDB (mqtt_inbound only)
2026-05-03 18:24:23 [INFO][SYNCER] FIX B1: No force_update — ESP32 feedback is source of truth
2026-05-03 18:24:23 [INFO][SYNCER] ============================================================
2026-05-03 18:24:23 [INFO][SYNCER] Sử dụng Service Account: /home/pi/smarthome_prj/GATEWAY/firebase-service-account.json
2026-05-03 18:24:23 [INFO][SYNCER] Redis connected at localhost:6379
2026-05-03 18:24:23 [INFO][SYNCER] Chạy auto-provisioning...
2026-05-03 18:24:23 [INFO][SYNCER] === AUTO-PROVISIONING BẮT ĐẦU ===
=======================================================
  SmartHome Gateway — Starting
=======================================================
[MAIN] DB schema applied
[MAIN] DB init complete
[BUS] MessageBus started
[BUS] MQTT connected & subscribed
[WATCHDOG] Safety watchdog started (thread-safe sensor read)
[BUS] Outbound loop started
[NET] Dual interface detected: Hotspot=wlan0, Uplink=p2p-dev-wlan0
[NET] Network watchdog started — Hotspot:wlan0 Uplink:p2p-dev-wlan0
[NET] Internet: ON
[MAIN] FirebaseSync worker started
[MAIN] All workers started
[BRIDGE] Realtime bridge started
[NET] NTP already synchronized via systemd-timesyncd
[API] Registered /api: auth
[API] Registered /api: sensors
[AUTO] Cache loaded: 3 rules, 3 schedules
[API] Registered /api: devices
[SCHEDULER] Started
[API] Registered /api: automation
[API] Registered /api: logs
[API] Registered /api: rfid
[API] Registered /api: wifi
[API] Registered /api: ota
[AUTO] Command listener started
[API] Registered /api: system
=======================================================
[MAIN] Gateway LIVE → http://0.0.0.0:5000/
[MAIN] API prefix:  http://0.0.0.0:5000/api/
=======================================================
 * Serving Flask app 'gateway_main'
 * Debug mode: off
2026-05-03 18:24:23 [INFO][SYNCER] [31m[1mWARNING: This is a development server. Do not use it in a production deployment. Use a production WSGI server instead.[0m
 * Running on all addresses (0.0.0.0)
 * Running on http://127.0.0.1:5000
 * Running on http://192.168.137.178:5000
2026-05-03 18:24:23 [INFO][SYNCER] [33mPress CTRL+C to quit[0m
2026-05-03 18:24:26 [INFO][SYNCER] === AUTO-PROVISIONING HOÀN TẤT (3 rooms) ===
2026-05-03 18:24:27 [INFO][SYNCER] Synced 3 rooms to Firestore (userId=aN2XKzWrzieBhBsOFhp7zFzHQaG3)
2026-05-03 18:24:27 [INFO][SYNCER] [Uplink] Stream started (FIX A1: mqtt_inbound only for RTDB sensor)
2026-05-03 18:24:27 [INFO][SYNCER] [Downlink] CommandDispatcher started — listening Firestore /commands
2026-05-03 18:24:27 [INFO][SYNCER] Sensor history flush loop started (interval: 60s)
2026-05-03 18:24:27 [INFO][SYNCER] [AutoSync] Automation/Schedule sync loop started (interval: 30s)
2026-05-03 18:24:36 [INFO][SYNCER] Firestore device [bedroom_01/fan_bd_1] → OFF (On-Change write)
2026-05-03 18:24:37 [INFO][SYNCER] Firestore device [bedroom_01/light_bd_1] → OFF (On-Change write)
2026-05-03 18:25:27 [INFO][SYNCER] Firestore: Batch flush 64 sensor history rows
2026-05-03 18:25:27 [INFO][SYNCER] Flushed 64 sensor history rows to Firestore
2026-05-03 18:26:28 [INFO][SYNCER] Firestore: Batch flush 48 sensor history rows
2026-05-03 18:26:28 [INFO][SYNCER] Flushed 48 sensor history rows to Firestore
2026-05-03 18:27:28 [INFO][SYNCER] Firestore: Batch flush 48 sensor history rows
2026-05-03 18:27:28 [INFO][SYNCER] Flushed 48 sensor history rows to Firestore
2026-05-03 18:28:28 [INFO][SYNCER] Firestore: Batch flush 48 sensor history rows
2026-05-03 18:28:28 [INFO][SYNCER] Flushed 48 sensor history rows to Firestore
2026-05-03 18:29:22 [INFO][SYNCER] SyncWorker running (storage: sd2)
2026-05-03 18:29:22 [INFO][SYNCER] DB rotated → /mnt/sd2/data/data_2026-05-03.db (mode: sd2)
2026-05-03 18:29:28 [INFO][SYNCER] Firestore: Batch flush 48 sensor history rows
2026-05-03 18:29:28 [INFO][SYNCER] Flushed 48 sensor history rows to Firestore
2026-05-03 18:30:29 [INFO][SYNCER] Firestore: Batch flush 48 sensor history rows
2026-05-03 18:30:29 [INFO][SYNCER] Flushed 48 sensor history rows to Firestore
2026-05-03 18:31:29 [INFO][SYNCER] Firestore: Batch flush 48 sensor history rows
2026-05-03 18:31:29 [INFO][SYNCER] Flushed 48 sensor history rows to Firestore
2026-05-03 18:32:29 [INFO][SYNCER] Firestore: Batch flush 48 sensor history rows
2026-05-03 18:32:29 [INFO][SYNCER] Flushed 48 sensor history rows to Firestore
2026-05-03 18:33:29 [INFO][SYNCER] Firestore: Batch flush 48 sensor history rows
2026-05-03 18:33:29 [INFO][SYNCER] Flushed 48 sensor history rows to Firestore
2026-05-03 18:34:30 [INFO][SYNCER] Firestore: Batch flush 48 sensor history rows
2026-05-03 18:34:30 [INFO][SYNCER] Flushed 48 sensor history rows to Firestore
2026-05-03 18:35:30 [INFO][SYNCER] Firestore: Batch flush 48 sensor history rows
2026-05-03 18:35:30 [INFO][SYNCER] Flushed 48 sensor history rows to Firestore
2026-05-03 18:36:30 [INFO][SYNCER] Firestore: Batch flush 48 sensor history rows
2026-05-03 18:36:30 [INFO][SYNCER] Flushed 48 sensor history rows to Firestore
2026-05-03 18:37:31 [INFO][SYNCER] Firestore: Batch flush 48 sensor history rows
2026-05-03 18:37:31 [INFO][SYNCER] Flushed 48 sensor history rows to Firestore
2026-05-03 18:38:31 [INFO][SYNCER] Firestore: Batch flush 48 sensor history rows
2026-05-03 18:38:31 [INFO][SYNCER] Flushed 48 sensor history rows to Firestore
2026-05-03 18:39:31 [INFO][SYNCER] Firestore: Batch flush 48 sensor history rows
2026-05-03 18:39:31 [INFO][SYNCER] Flushed 48 sensor history rows to Firestore
2026-05-03 18:40:31 [INFO][SYNCER] Firestore: Batch flush 48 sensor history rows
2026-05-03 18:40:31 [INFO][SYNCER] Flushed 48 sensor history rows to Firestore
2026-05-03 18:41:32 [INFO][SYNCER] Firestore: Batch flush 48 sensor history rows
2026-05-03 18:41:32 [INFO][SYNCER] Flushed 48 sensor history rows to Firestore
2026-05-03 18:42:32 [INFO][SYNCER] Firestore: Batch flush 48 sensor history rows
2026-05-03 18:42:32 [INFO][SYNCER] Flushed 48 sensor history rows to Firestore
2026-05-03 18:43:32 [INFO][SYNCER] Firestore: Batch flush 52 sensor history rows
2026-05-03 18:43:32 [INFO][SYNCER] Flushed 52 sensor history rows to Firestore
2026-05-03 18:44:33 [INFO][SYNCER] Firestore: Batch flush 48 sensor history rows
2026-05-03 18:44:33 [INFO][SYNCER] Flushed 48 sensor history rows to Firestore
2026-05-03 18:45:33 [INFO][SYNCER] Firestore: Batch flush 48 sensor history rows
2026-05-03 18:45:33 [INFO][SYNCER] Flushed 48 sensor history rows to Firestore
2026-05-03 18:46:33 [INFO][SYNCER] Firestore: Batch flush 48 sensor history rows
2026-05-03 18:46:33 [INFO][SYNCER] Flushed 48 sensor history rows to Firestore
2026-05-03 18:47:33 [INFO][SYNCER] Firestore: Batch flush 48 sensor history rows
2026-05-03 18:47:33 [INFO][SYNCER] Flushed 48 sensor history rows to Firestore
2026-05-03 18:48:34 [INFO][SYNCER] Firestore: Batch flush 48 sensor history rows
2026-05-03 18:48:34 [INFO][SYNCER] Flushed 48 sensor history rows to Firestore
2026-05-03 18:49:34 [INFO][SYNCER] Firestore: Batch flush 48 sensor history rows
2026-05-03 18:49:34 [INFO][SYNCER] Flushed 48 sensor history rows to Firestore
2026-05-03 18:50:34 [INFO][SYNCER] Firestore: Batch flush 48 sensor history rows
2026-05-03 18:50:34 [INFO][SYNCER] Flushed 48 sensor history rows to Firestore
2026-05-03 18:51:35 [INFO][SYNCER] Firestore: Batch flush 48 sensor history rows
2026-05-03 18:51:35 [INFO][SYNCER] Flushed 48 sensor history rows to Firestore
2026-05-03 18:52:35 [INFO][SYNCER] Firestore: Batch flush 48 sensor history rows
2026-05-03 18:52:35 [INFO][SYNCER] Flushed 48 sensor history rows to Firestore
2026-05-03 18:53:35 [INFO][SYNCER] Firestore: Batch flush 48 sensor history rows
2026-05-03 18:53:35 [INFO][SYNCER] Flushed 48 sensor history rows to Firestore
2026-05-03 18:54:18 [INFO][SYNCER] SyncWorker starting...
2026-05-03 18:54:18 [INFO][SYNCER] Waiting for SD2 (timeout 300s before degraded mode)...
2026-05-03 18:54:19 [INFO][SYNCER] ============================================================
2026-05-03 18:54:19 [INFO][SYNCER] firebase_sync v2.2 starting — project: nhathongminh-myhome
2026-05-03 18:54:19 [INFO][SYNCER] FIX A1: Single Writer RTDB (mqtt_inbound only)
2026-05-03 18:54:19 [INFO][SYNCER] FIX B1: No force_update — ESP32 feedback is source of truth
2026-05-03 18:54:19 [INFO][SYNCER] ============================================================
2026-05-03 18:54:19 [INFO][SYNCER] Sử dụng Service Account: /home/pi/smarthome_prj/GATEWAY/firebase-service-account.json
2026-05-03 18:54:19 [INFO][SYNCER] Redis connected at localhost:6379
2026-05-03 18:54:19 [INFO][SYNCER] Chạy auto-provisioning...
2026-05-03 18:54:19 [INFO][SYNCER] === AUTO-PROVISIONING BẮT ĐẦU ===
=======================================================
  SmartHome Gateway — Starting
=======================================================
[MAIN] DB schema applied
[MAIN] DB init complete
[BUS] MessageBus started
[BUS] MQTT connected & subscribed
[WATCHDOG] Safety watchdog started (thread-safe sensor read)
[BUS] Outbound loop started
[NET] Dual interface detected: Hotspot=wlan0, Uplink=p2p-dev-wlan0
[NET] Network watchdog started — Hotspot:wlan0 Uplink:p2p-dev-wlan0
[NET] Internet: ON
[MAIN] FirebaseSync worker started
[MAIN] All workers started
[NET] NTP already synchronized via systemd-timesyncd
[BRIDGE] Realtime bridge started
[AUTO] Cache loaded: 3 rules, 3 schedules
[API] Registered /api: auth
[SCHEDULER] Started
[API] Registered /api: sensors
[API] Registered /api: devices
[API] Registered /api: automation
[API] Registered /api: logs
[API] Registered /api: rfid
[API] Registered /api: wifi
[API] Registered /api: ota
[API] Registered /api: system
=======================================================
[MAIN] Gateway LIVE → http://0.0.0.0:5000/
[MAIN] API prefix:  http://0.0.0.0:5000/api/
=======================================================
[AUTO] Command listener started
 * Serving Flask app 'gateway_main'
 * Debug mode: off
2026-05-03 18:54:19 [INFO][SYNCER] [31m[1mWARNING: This is a development server. Do not use it in a production deployment. Use a production WSGI server instead.[0m
 * Running on all addresses (0.0.0.0)
 * Running on http://127.0.0.1:5000
 * Running on http://192.168.137.178:5000
2026-05-03 18:54:19 [INFO][SYNCER] [33mPress CTRL+C to quit[0m
2026-05-03 18:54:22 [INFO][SYNCER] === AUTO-PROVISIONING HOÀN TẤT (3 rooms) ===
2026-05-03 18:54:23 [INFO][SYNCER] Synced 3 rooms to Firestore (userId=aN2XKzWrzieBhBsOFhp7zFzHQaG3)
2026-05-03 18:54:23 [INFO][SYNCER] [Uplink] Stream started (FIX A1: mqtt_inbound only for RTDB sensor)
2026-05-03 18:54:23 [INFO][SYNCER] [Downlink] CommandDispatcher started — listening Firestore /commands
2026-05-03 18:54:23 [INFO][SYNCER] Sensor history flush loop started (interval: 60s)
2026-05-03 18:54:23 [INFO][SYNCER] [AutoSync] Automation/Schedule sync loop started (interval: 30s)
2026-05-03 18:54:26 [INFO][SYNCER] Firestore device [bedroom_01/fan_bd_1] → OFF | Name: fan_bd_1 | Type: fan (Fixed)
2026-05-03 18:54:27 [INFO][SYNCER] Firestore device [bedroom_01/light_bd_1] → OFF | Name: light_bd_1 | Type: light (Fixed)
2026-05-03 18:55:09 [INFO][SYNCER] SyncWorker starting...
2026-05-03 18:55:09 [INFO][SYNCER] Waiting for SD2 (timeout 300s before degraded mode)...
2026-05-03 18:55:10 [INFO][SYNCER] ============================================================
2026-05-03 18:55:10 [INFO][SYNCER] firebase_sync v2.2 starting — project: nhathongminh-myhome
2026-05-03 18:55:10 [INFO][SYNCER] FIX A1: Single Writer RTDB (mqtt_inbound only)
2026-05-03 18:55:10 [INFO][SYNCER] FIX B1: No force_update — ESP32 feedback is source of truth
2026-05-03 18:55:10 [INFO][SYNCER] ============================================================
2026-05-03 18:55:10 [INFO][SYNCER] Sử dụng Service Account: /home/pi/smarthome_prj/GATEWAY/firebase-service-account.json
2026-05-03 18:55:10 [INFO][SYNCER] Redis connected at localhost:6379
2026-05-03 18:55:10 [INFO][SYNCER] Chạy auto-provisioning...
2026-05-03 18:55:10 [INFO][SYNCER] === AUTO-PROVISIONING BẮT ĐẦU ===
=======================================================
  SmartHome Gateway — Starting
=======================================================
[MAIN] DB schema applied
[MAIN] DB init complete
[BUS] MessageBus started
[BUS] MQTT connected & subscribed
[WATCHDOG] Safety watchdog started (thread-safe sensor read)
[BUS] Outbound loop started
[NET] Dual interface detected: Hotspot=wlan0, Uplink=p2p-dev-wlan0
[NET] Network watchdog started — Hotspot:wlan0 Uplink:p2p-dev-wlan0
[NET] Internet: ON
[MAIN] FirebaseSync worker started
[MAIN] All workers started
[NET] NTP already synchronized via systemd-timesyncd
[BRIDGE] Realtime bridge started
[API] Registered /api: auth
[API] Registered /api: sensors
[API] Registered /api: devices
[API] Registered /api: automation
[API] Registered /api: logs
[AUTO] Cache loaded: 3 rules, 3 schedules
[SCHEDULER] Started
[API] Registered /api: rfid
[API] Registered /api: wifi
[API] Registered /api: ota
[API] Registered /api: system
=======================================================
[MAIN] Gateway LIVE → http://0.0.0.0:5000/
[MAIN] API prefix:  http://0.0.0.0:5000/api/
=======================================================
[AUTO] Command listener started
 * Serving Flask app 'gateway_main'
 * Debug mode: off
2026-05-03 18:55:10 [INFO][SYNCER] [31m[1mWARNING: This is a development server. Do not use it in a production deployment. Use a production WSGI server instead.[0m
 * Running on all addresses (0.0.0.0)
 * Running on http://127.0.0.1:5000
 * Running on http://192.168.137.178:5000
2026-05-03 18:55:10 [INFO][SYNCER] [33mPress CTRL+C to quit[0m
2026-05-03 18:55:13 [INFO][SYNCER] === AUTO-PROVISIONING HOÀN TẤT (3 rooms) ===
2026-05-03 18:55:13 [INFO][SYNCER] Synced 3 rooms to Firestore (userId=aN2XKzWrzieBhBsOFhp7zFzHQaG3)
2026-05-03 18:55:13 [INFO][SYNCER] [Uplink] Stream started (FIX A1: mqtt_inbound only for RTDB sensor)
2026-05-03 18:55:13 [INFO][SYNCER] [Downlink] CommandDispatcher started — listening Firestore /commands
2026-05-03 18:55:13 [INFO][SYNCER] Sensor history flush loop started (interval: 60s)
2026-05-03 18:55:13 [INFO][SYNCER] [AutoSync] Automation/Schedule sync loop started (interval: 30s)
2026-05-03 18:55:16 [INFO][SYNCER] Firestore device [bedroom_01/fan_bd_1] → OFF | Name: fan_bd_1 | Type: fan (Fixed)
2026-05-03 18:55:17 [INFO][SYNCER] Firestore device [bedroom_01/light_bd_1] → OFF | Name: light_bd_1 | Type: light (Fixed)
2026-05-03 18:56:14 [INFO][SYNCER] Firestore: Batch flush 96 sensor history rows
2026-05-03 18:56:14 [INFO][SYNCER] Flushed 96 sensor history rows to Firestore
2026-05-03 18:57:14 [INFO][SYNCER] Firestore: Batch flush 48 sensor history rows
2026-05-03 18:57:14 [INFO][SYNCER] Flushed 48 sensor history rows to Firestore
2026-05-03 18:58:14 [INFO][SYNCER] Firestore: Batch flush 48 sensor history rows
2026-05-03 18:58:14 [INFO][SYNCER] Flushed 48 sensor history rows to Firestore
2026-05-03 18:59:14 [INFO][SYNCER] Firestore: Batch flush 48 sensor history rows
2026-05-03 18:59:14 [INFO][SYNCER] Flushed 48 sensor history rows to Firestore
2026-05-03 19:00:09 [INFO][SYNCER] SyncWorker running (storage: sd2)
2026-05-03 19:00:09 [INFO][SYNCER] DB rotated → /mnt/sd2/data/data_2026-05-03.db (mode: sd2)
2026-05-03 19:00:15 [INFO][SYNCER] Firestore: Batch flush 48 sensor history rows
2026-05-03 19:00:15 [INFO][SYNCER] Flushed 48 sensor history rows to Firestore
2026-05-03 19:00:47 [INFO][SYNCER] SyncWorker starting...
2026-05-03 19:00:47 [INFO][SYNCER] Waiting for SD2 (timeout 300s before degraded mode)...
2026-05-03 19:00:48 [INFO][SYNCER] ============================================================
2026-05-03 19:00:48 [INFO][SYNCER] firebase_sync v2.2 starting — project: nhathongminh-myhome
2026-05-03 19:00:48 [INFO][SYNCER] FIX A1: Single Writer RTDB (mqtt_inbound only)
2026-05-03 19:00:48 [INFO][SYNCER] FIX B1: No force_update — ESP32 feedback is source of truth
2026-05-03 19:00:48 [INFO][SYNCER] ============================================================
2026-05-03 19:00:48 [INFO][SYNCER] Sử dụng Service Account: /home/pi/smarthome_prj/GATEWAY/firebase-service-account.json
2026-05-03 19:00:48 [INFO][SYNCER] Redis connected at localhost:6379
2026-05-03 19:00:48 [INFO][SYNCER] Chạy auto-provisioning...
2026-05-03 19:00:48 [INFO][SYNCER] === AUTO-PROVISIONING BẮT ĐẦU ===
=======================================================
  SmartHome Gateway — Starting
=======================================================
[MAIN] DB schema applied
[MAIN] DB init complete
[BUS] MessageBus started
[BUS] MQTT connected & subscribed
[WATCHDOG] Safety watchdog started (thread-safe sensor read)
[BUS] Outbound loop started
[NET] Dual interface detected: Hotspot=wlan0, Uplink=p2p-dev-wlan0
[NET] Network watchdog started — Hotspot:wlan0 Uplink:p2p-dev-wlan0
[NET] Internet: ON
[MAIN] FirebaseSync worker started
[MAIN] All workers started
[NET] NTP already synchronized via systemd-timesyncd
[BRIDGE] Realtime bridge started
[API] Registered /api: auth
[API] Registered /api: sensors
[API] Registered /api: devices
[API] Registered /api: automation
[API] Registered /api: logs
[API] Registered /api: rfid
[AUTO] Cache loaded: 3 rules, 3 schedules
[API] Registered /api: wifi
[SCHEDULER] Started
[API] Registered /api: ota
[API] Registered /api: system
=======================================================
[MAIN] Gateway LIVE → http://0.0.0.0:5000/
[MAIN] API prefix:  http://0.0.0.0:5000/api/
=======================================================
[AUTO] Command listener started
 * Serving Flask app 'gateway_main'
 * Debug mode: off
2026-05-03 19:00:49 [INFO][SYNCER] [31m[1mWARNING: This is a development server. Do not use it in a production deployment. Use a production WSGI server instead.[0m
 * Running on all addresses (0.0.0.0)
 * Running on http://127.0.0.1:5000
 * Running on http://192.168.137.178:5000
2026-05-03 19:00:49 [INFO][SYNCER] [33mPress CTRL+C to quit[0m
2026-05-03 19:00:55 [INFO][SYNCER] === AUTO-PROVISIONING HOÀN TẤT (3 rooms) ===
2026-05-03 19:00:55 [INFO][SYNCER] Synced 3 rooms to Firestore (userId=aN2XKzWrzieBhBsOFhp7zFzHQaG3)
2026-05-03 19:00:55 [INFO][SYNCER] [Uplink] Stream started (FIX A1: mqtt_inbound only for RTDB sensor)
2026-05-03 19:00:55 [INFO][SYNCER] [Downlink] CommandDispatcher started — listening Firestore /commands
2026-05-03 19:00:55 [INFO][SYNCER] Sensor history flush loop started (interval: 60s)
2026-05-03 19:00:55 [INFO][SYNCER] [AutoSync] Automation/Schedule sync loop started (interval: 30s)
2026-05-03 19:00:56 [INFO][SYNCER] Firestore sync [bedroom_01/fan_bd_1] -> OFF | Name: Quạt | Type: fan
2026-05-03 19:00:57 [INFO][SYNCER] Firestore sync [bedroom_01/light_bd_1] -> OFF | Name: Đèn | Type: light
2026-05-03 19:01:38 [INFO][SYNCER] [Downlink] DISPATCH: LX5RmYa42FjgbUkF3plU [turn_on] → Redis[device_commands]
2026-05-03 19:01:38 [INFO][SYNCER] [Downlink] CLEANUP: Đã xóa lệnh LX5RmYa42FjgbUkF3plU
2026-05-03 19:01:38 [INFO][SYNCER] Firestore sync [bedroom_01/fan_bd_1] -> ON | Name: Quạt | Type: fan
2026-05-03 19:01:40 [INFO][SYNCER] [Downlink] DISPATCH: EFavkQIHpRKMrOzlEEiX [turn_off] → Redis[device_commands]
2026-05-03 19:01:40 [INFO][SYNCER] [Downlink] CLEANUP: Đã xóa lệnh EFavkQIHpRKMrOzlEEiX
2026-05-03 19:01:40 [INFO][SYNCER] Firestore sync [bedroom_01/fan_bd_1] -> OFF | Name: Quạt | Type: fan
2026-05-03 19:01:42 [INFO][SYNCER] Firestore sync [bedroom_01/fan_bd_1] -> ON | Name: Quạt | Type: fan
2026-05-03 19:01:44 [INFO][SYNCER] Firestore sync [bedroom_01/fan_bd_1] -> OFF | Name: Quạt | Type: fan
2026-05-03 19:01:45 [INFO][SYNCER] Firestore sync [bedroom_01/light_bd_1] -> ON | Name: Đèn | Type: light
2026-05-03 19:01:46 [INFO][SYNCER] Firestore sync [bedroom_01/light_bd_1] -> OFF | Name: Đèn | Type: light
2026-05-03 19:01:56 [INFO][SYNCER] Firestore: Batch flush 72 sensor history rows
2026-05-03 19:01:56 [INFO][SYNCER] Flushed 72 sensor history rows to Firestore
2026-05-03 19:02:26 [ERROR][SYNCER] [AutoSync] Sync loop error: 429 Quota exceeded.
2026-05-03 19:02:56 [INFO][SYNCER] Firestore: Batch flush 48 sensor history rows
2026-05-03 19:02:56 [INFO][SYNCER] Flushed 48 sensor history rows to Firestore
2026-05-03 19:03:56 [INFO][SYNCER] Firestore: Batch flush 48 sensor history rows
2026-05-03 19:03:56 [INFO][SYNCER] Flushed 48 sensor history rows to Firestore
2026-05-03 19:03:56 [ERROR][SYNCER] [AutoSync] Sync loop error: 429 Quota exceeded.
2026-05-04 17:25:36 [INFO][SYNCER] SyncWorker starting...
2026-05-04 17:25:36 [INFO][SYNCER] Waiting for SD2 (timeout 300s before degraded mode)...
2026-05-04 17:25:37 [INFO][SYNCER] ============================================================
2026-05-04 17:25:37 [INFO][SYNCER] firebase_sync v2.2 starting — project: nhathongminh-myhome
2026-05-04 17:25:37 [INFO][SYNCER] FIX A1: Single Writer RTDB (mqtt_inbound only)
2026-05-04 17:25:37 [INFO][SYNCER] FIX B1: No force_update — ESP32 feedback is source of truth
2026-05-04 17:25:37 [INFO][SYNCER] ============================================================
2026-05-04 17:25:37 [INFO][SYNCER] Sử dụng Service Account: /home/pi/smarthome_prj/GATEWAY/firebase-service-account.json
2026-05-04 17:25:37 [INFO][SYNCER] Redis connected at localhost:6379
2026-05-04 17:25:37 [INFO][SYNCER] Chạy auto-provisioning...
2026-05-04 17:25:37 [INFO][SYNCER] === AUTO-PROVISIONING BẮT ĐẦU ===
=======================================================
  SmartHome Gateway — Starting
=======================================================
[MAIN] DB schema applied
[MAIN] DB init complete
[BUS] MessageBus started
[BUS] MQTT connected & subscribed
[WATCHDOG] Safety watchdog started (thread-safe sensor read)
[BUS] Outbound loop started
[NET] Dual interface detected: Hotspot=wlan0, Uplink=p2p-dev-wlan0
[NET] Network watchdog started — Hotspot:wlan0 Uplink:p2p-dev-wlan0
[NET] Internet: ON
[NET] NTP already synchronized via systemd-timesyncd
[MAIN] FirebaseSync worker started
[MAIN] All workers started
[BRIDGE] Realtime bridge started
[AUTO] Cache loaded: 3 rules, 3 schedules
[SCHEDULER] Started
[AUTO] Command listener started
[API] Registered /api: auth
[API] Registered /api: sensors
[API] Registered /api: devices
[API] Registered /api: automation
[API] Registered /api: logs
[API] Registered /api: rfid
[API] Registered /api: wifi
[API] Registered /api: ota
[API] Registered /api: system
=======================================================
[MAIN] Gateway LIVE → http://0.0.0.0:5000/
[MAIN] API prefix:  http://0.0.0.0:5000/api/
=======================================================
 * Serving Flask app 'gateway_main'
 * Debug mode: off
2026-05-04 17:25:38 [INFO][SYNCER] [31m[1mWARNING: This is a development server. Do not use it in a production deployment. Use a production WSGI server instead.[0m
 * Running on all addresses (0.0.0.0)
 * Running on http://127.0.0.1:5000
 * Running on http://192.168.137.2:5000
2026-05-04 17:25:38 [INFO][SYNCER] [33mPress CTRL+C to quit[0m
2026-05-04 17:25:42 [INFO][SYNCER] === AUTO-PROVISIONING HOÀN TẤT (3 rooms) ===
2026-05-04 17:25:42 [INFO][SYNCER] Synced 3 rooms to Firestore (userId=aN2XKzWrzieBhBsOFhp7zFzHQaG3)
2026-05-04 17:25:42 [INFO][SYNCER] [Downlink] CommandDispatcher started — listening Firestore /commands
2026-05-04 17:25:42 [INFO][SYNCER] [Uplink] Stream started (FIX A1: mqtt_inbound only for RTDB sensor)
2026-05-04 17:25:42 [INFO][SYNCER] Sensor history flush loop started (interval: 60s)
2026-05-04 17:25:42 [INFO][SYNCER] [AutoSync] Automation/Schedule sync loop started (interval: 30s)
2026-05-04 17:26:42 [INFO][SYNCER] Firestore: Batch flush 16 sensor history rows
2026-05-04 17:26:42 [INFO][SYNCER] Flushed 16 sensor history rows to Firestore
2026-05-04 17:27:05 [INFO][SYNCER] Firestore sync [bedroom_01/light_bd_1] -> OFF | Name: Đèn | Type: light
2026-05-04 17:27:10 [INFO][SYNCER] Firestore sync [bedroom_01/fan_bd_1] -> ON | Name: Quạt | Type: fan
2026-05-04 17:27:16 [INFO][SYNCER] [Downlink] DISPATCH: NCyxXEBQsTEEfqsCXwAK [turn_off] → Redis[device_commands]
2026-05-04 17:27:16 [INFO][SYNCER] [Downlink] CLEANUP: Đã xóa lệnh NCyxXEBQsTEEfqsCXwAK
2026-05-04 17:27:16 [INFO][SYNCER] Firestore sync [bedroom_01/fan_bd_1] -> OFF | Name: Quạt | Type: fan
2026-05-04 17:27:17 [INFO][SYNCER] [Downlink] DISPATCH: dJAlyOqygijyVNtcuU4U [turn_on] → Redis[device_commands]
2026-05-04 17:27:17 [INFO][SYNCER] [Downlink] CLEANUP: Đã xóa lệnh dJAlyOqygijyVNtcuU4U
2026-05-04 17:27:17 [INFO][SYNCER] Firestore sync [bedroom_01/fan_bd_1] -> ON | Name: Quạt | Type: fan
2026-05-04 17:27:23 [INFO][SYNCER] [Downlink] DISPATCH: vSJwZRQfwzr3WDPmyzZx [turn_off] → Redis[device_commands]
2026-05-04 17:27:23 [INFO][SYNCER] [Downlink] CLEANUP: Đã xóa lệnh vSJwZRQfwzr3WDPmyzZx
2026-05-04 17:27:23 [INFO][SYNCER] Firestore sync [bedroom_01/fan_bd_1] -> OFF | Name: Quạt | Type: fan
2026-05-04 17:27:42 [INFO][SYNCER] Firestore: Batch flush 32 sensor history rows
2026-05-04 17:27:42 [INFO][SYNCER] Flushed 32 sensor history rows to Firestore
2026-05-04 17:28:13 [INFO][SYNCER] [AutoSync] Automation rules updated in SQLite from Firestore
2026-05-04 17:28:43 [INFO][SYNCER] Firestore: Batch flush 48 sensor history rows
2026-05-04 17:28:43 [INFO][SYNCER] Flushed 48 sensor history rows to Firestore
2026-05-04 17:28:44 [INFO][SYNCER] [AutoSync] Schedules updated in SQLite from Firestore
2026-05-04 17:29:43 [INFO][SYNCER] Firestore: Batch flush 48 sensor history rows
2026-05-04 17:29:43 [INFO][SYNCER] Flushed 48 sensor history rows to Firestore
2026-05-04 17:30:36 [INFO][SYNCER] SyncWorker running (storage: sd2)
2026-05-04 17:30:36 [INFO][SYNCER] DB rotated → /mnt/sd2/data/data_2026-05-04.db (mode: sd2)
2026-05-04 17:30:43 [INFO][SYNCER] Firestore: Batch flush 48 sensor history rows
2026-05-04 17:30:43 [INFO][SYNCER] Flushed 48 sensor history rows to Firestore
2026-05-04 17:31:43 [INFO][SYNCER] Firestore: Batch flush 48 sensor history rows
2026-05-04 17:31:43 [INFO][SYNCER] Flushed 48 sensor history rows to Firestore
2026-05-04 17:32:44 [INFO][SYNCER] Firestore: Batch flush 48 sensor history rows
2026-05-04 17:32:44 [INFO][SYNCER] Flushed 48 sensor history rows to Firestore
[DISPATCH] SENT [automation|p=3]: bedroom_01/light_bd_1 → turn_off
[DISPATCH] SENT [manual|p=1]: bedroom_01/fan_bd_1 → turn_off
[AUTO] ACK sent for cmd NCyxXEBQsTEEfqsCXwAK: fan_bd_1 → False
[DISPATCH] SENT [manual|p=1]: bedroom_01/fan_bd_1 → turn_on
[AUTO] ACK sent for cmd dJAlyOqygijyVNtcuU4U: fan_bd_1 → True
[DISPATCH] SENT [manual|p=1]: bedroom_01/fan_bd_1 → turn_off
[AUTO] ACK sent for cmd vSJwZRQfwzr3WDPmyzZx: fan_bd_1 → False
[AUTO] CACHED_AUTOMATIONS reloaded: 3 rules
[DISPATCH] BLOCKED (manual_override): automation → light_bd_1
[DISPATCH] BLOCKED (manual_override): automation → light_bd_1
[DISPATCH] BLOCKED (manual_override): automation → light_bd_1
[DISPATCH] BLOCKED (manual_override): automation → light_bd_1
[DISPATCH] BLOCKED (manual_override): automation → light_bd_1
[DISPATCH] BLOCKED (manual_override): automation → light_bd_1
[AUTO] Schedules reloaded: 4
[DISPATCH] BLOCKED (manual_override): automation → light_bd_1
[DISPATCH] BLOCKED (manual_override): automation → light_bd_1
[DISPATCH] BLOCKED (manual_override): automation → light_bd_1
[DISPATCH] BLOCKED (manual_override): automation → light_bd_1
[DISPATCH] BLOCKED (manual_override): automation → light_bd_1
[DISPATCH] BLOCKED (manual_override): automation → light_bd_1
[DISPATCH] BLOCKED (manual_override): automation → light_bd_1
[DISPATCH] BLOCKED (manual_override): automation → light_bd_1
[DISPATCH] BLOCKED (manual_override): automation → light_bd_1
[DISPATCH] BLOCKED (manual_override): automation → light_bd_1
[DISPATCH] BLOCKED (manual_override): automation → light_bd_1
[DISPATCH] BLOCKED (manual_override): automation → light_bd_1
[DISPATCH] BLOCKED (manual_override): automation → light_bd_1
[DISPATCH] BLOCKED (manual_override): automation → light_bd_1
[DISPATCH] BLOCKED (manual_override): automation → light_bd_1
[DISPATCH] BLOCKED (manual_override): schedule → fan_bd_1
[DISPATCH] BLOCKED (manual_override): automation → light_bd_1
[DISPATCH] BLOCKED (manual_override): schedule → fan_bd_1
[DISPATCH] BLOCKED (manual_override): schedule → fan_bd_1
[DISPATCH] BLOCKED (manual_override): schedule → fan_bd_1
[DISPATCH] BLOCKED (manual_override): schedule → fan_bd_1
[DISPATCH] BLOCKED (manual_override): schedule → fan_bd_1
[DISPATCH] BLOCKED (manual_override): automation → light_bd_1
[DISPATCH] BLOCKED (manual_override): schedule → fan_bd_1
[DISPATCH] BLOCKED (manual_override): schedule → fan_bd_1
[DISPATCH] BLOCKED (manual_override): schedule → fan_bd_1
[DISPATCH] BLOCKED (manual_override): schedule → fan_bd_1
[DISPATCH] BLOCKED (manual_override): schedule → fan_bd_1
[DISPATCH] BLOCKED (manual_override): automation → light_bd_1
[DISPATCH] BLOCKED (manual_override): schedule → fan_bd_1
[DISPATCH] BLOCKED (manual_override): schedule → fan_bd_1
[DISPATCH] BLOCKED (manual_override): schedule → fan_bd_1
[DISPATCH] BLOCKED (manual_override): schedule → fan_bd_1
[DISPATCH] BLOCKED (manual_override): schedule → fan_bd_1
[DISPATCH] BLOCKED (manual_override): automation → light_bd_1
[DISPATCH] BLOCKED (manual_override): schedule → fan_bd_1
[DISPATCH] BLOCKED (manual_override): schedule → fan_bd_1
[DISPATCH] BLOCKED (manual_override): schedule → fan_bd_1
[DISPATCH] BLOCKED (manual_override): schedule → fan_bd_1
[DISPATCH] BLOCKED (manual_override): schedule → fan_bd_1
[DISPATCH] BLOCKED (manual_override): automation → light_bd_1
[DISPATCH] BLOCKED (manual_override): schedule → fan_bd_1
[DISPATCH] BLOCKED (manual_override): schedule → fan_bd_1
[DISPATCH] BLOCKED (manual_override): schedule → fan_bd_1
[DISPATCH] BLOCKED (manual_override): schedule → fan_bd_1
[DISPATCH] BLOCKED (manual_override): schedule → fan_bd_1
[DISPATCH] BLOCKED (manual_override): automation → light_bd_1
[DISPATCH] BLOCKED (manual_override): schedule → fan_bd_1
[DISPATCH] BLOCKED (manual_override): schedule → fan_bd_1
[DISPATCH] BLOCKED (manual_override): schedule → fan_bd_1
[DISPATCH] BLOCKED (manual_override): schedule → fan_bd_1
[DISPATCH] BLOCKED (manual_override): schedule → fan_bd_1
[DISPATCH] BLOCKED (manual_override): automation → light_bd_1
[DISPATCH] BLOCKED (manual_override): schedule → fan_bd_1
[DISPATCH] BLOCKED (manual_override): schedule → fan_bd_1
[DISPATCH] BLOCKED (manual_override): schedule → fan_bd_1
[DISPATCH] BLOCKED (manual_override): schedule → fan_bd_1
[DISPATCH] BLOCKED (manual_override): schedule → fan_bd_1
[DISPATCH] BLOCKED (manual_override): automation → light_bd_1
[DISPATCH] BLOCKED (manual_override): schedule → fan_bd_1
[DISPATCH] BLOCKED (manual_override): schedule → fan_bd_1
[DISPATCH] BLOCKED (manual_override): schedule → fan_bd_1
[DISPATCH] BLOCKED (manual_override): schedule → fan_bd_1
[DISPATCH] BLOCKED (manual_override): schedule → fan_bd_1
[DISPATCH] BLOCKED (manual_override): automation → light_bd_1
[DISPATCH] BLOCKED (manual_override): schedule → fan_bd_1
[DISPATCH] BLOCKED (manual_override): schedule → fan_bd_1
[DISPATCH] BLOCKED (manual_override): schedule → fan_bd_1
[DISPATCH] BLOCKED (manual_override): schedule → fan_bd_1
[DISPATCH] BLOCKED (manual_override): schedule → fan_bd_1
[DISPATCH] BLOCKED (manual_override): automation → light_bd_1
[DISPATCH] BLOCKED (manual_override): schedule → fan_bd_1
[DISPATCH] BLOCKED (manual_override): schedule → fan_bd_1
[DISPATCH] BLOCKED (manual_override): schedule → fan_bd_1
[DISPATCH] BLOCKED (manual_override): schedule → fan_bd_1
[DISPATCH] BLOCKED (manual_override): schedule → fan_bd_1
[DISPATCH] BLOCKED (manual_override): automation → light_bd_1
[DISPATCH] BLOCKED (manual_override): schedule → fan_bd_1
[DISPATCH] BLOCKED (manual_override): schedule → fan_bd_1
[DISPATCH] BLOCKED (manual_override): schedule → fan_bd_1
[DISPATCH] BLOCKED (manual_override): schedule → fan_bd_1
[DISPATCH] BLOCKED (manual_override): schedule → fan_bd_1
[DISPATCH] BLOCKED (manual_override): automation → light_bd_1
[DISPATCH] BLOCKED (manual_override): schedule → fan_bd_1
[DISPATCH] BLOCKED (manual_override): schedule → fan_bd_1
[DISPATCH] BLOCKED (manual_override): schedule → fan_bd_1
[DISPATCH] BLOCKED (manual_override): schedule → fan_bd_1
[DISPATCH] BLOCKED (manual_override): automation → light_bd_1
[DISPATCH] BLOCKED (manual_override): automation → light_bd_1
[DISPATCH] BLOCKED (manual_override): automation → light_bd_1
[DISPATCH] BLOCKED (manual_override): automation → light_bd_1
[DISPATCH] BLOCKED (manual_override): automation → light_bd_1
[DISPATCH] BLOCKED (manual_override): automation → light_bd_1
[DISPATCH] BLOCKED (manual_override): automation → light_bd_1
[DISPATCH] BLOCKED (manual_override): automation → light_bd_1
[DISPATCH] BLOCKED (manual_override): automation → light_bd_1
[DISPATCH] BLOCKED (manual_override): automation → light_bd_1
[DISPATCH] BLOCKED (manual_override): automation → light_bd_1
[DISPATCH] BLOCKED (manual_override): automation → light_bd_1
[DISPATCH] BLOCKED (manual_override): automation → light_bd_1
[DISPATCH] BLOCKED (manual_override): automation → light_bd_1
[DISPATCH] BLOCKED (manual_override): automation → light_bd_1
[DISPATCH] BLOCKED (manual_override): automation → light_bd_1
[DISPATCH] BLOCKED (manual_override): automation → light_bd_1
[DISPATCH] BLOCKED (manual_override): automation → light_bd_1
[DISPATCH] BLOCKED (manual_override): automation → light_bd_1
[DISPATCH] BLOCKED (manual_override): automation → light_bd_1
[DISPATCH] BLOCKED (manual_override): automation → light_bd_1
[DISPATCH] BLOCKED (manual_override): automation → light_bd_1
[DISPATCH] BLOCKED (manual_override): automation → light_bd_1
[DISPATCH] BLOCKED (manual_override): automation → light_bd_1
[DISPATCH] BLOCKED (manual_override): automation → light_bd_1
[DISPATCH] BLOCKED (manual_override): automation → light_bd_1
[DISPATCH] BLOCKED (manual_override): automation → light_bd_1
[DISPATCH] BLOCKED (manual_override): automation → light_bd_1
[DISPATCH] BLOCKED (manual_override): automation → light_bd_1
[DISPATCH] BLOCKED (manual_override): automation → light_bd_1
2026-05-04 17:33:44 [INFO][SYNCER] Firestore: Batch flush 48 sensor history rows
2026-05-04 17:33:44 [INFO][SYNCER] Flushed 48 sensor history rows to Firestore
2026-05-04 17:34:44 [INFO][SYNCER] Firestore: Batch flush 48 sensor history rows
2026-05-04 17:34:44 [INFO][SYNCER] Flushed 48 sensor history rows to Firestore
2026-05-04 17:35:44 [INFO][SYNCER] Firestore: Batch flush 48 sensor history rows
2026-05-04 17:35:44 [INFO][SYNCER] Flushed 48 sensor history rows to Firestore
2026-05-04 17:36:45 [INFO][SYNCER] Firestore: Batch flush 48 sensor history rows
2026-05-04 17:36:45 [INFO][SYNCER] Flushed 48 sensor history rows to Firestore
2026-05-04 17:37:45 [INFO][SYNCER] Firestore: Batch flush 52 sensor history rows
2026-05-04 17:37:45 [INFO][SYNCER] Flushed 52 sensor history rows to Firestore
2026-05-04 17:38:45 [INFO][SYNCER] Firestore: Batch flush 48 sensor history rows
2026-05-04 17:38:45 [INFO][SYNCER] Flushed 48 sensor history rows to Firestore
2026-05-04 17:39:46 [INFO][SYNCER] Firestore: Batch flush 48 sensor history rows
2026-05-04 17:39:46 [INFO][SYNCER] Flushed 48 sensor history rows to Firestore
[DISPATCH] BLOCKED (manual_override): automation → light_bd_1
[DISPATCH] BLOCKED (manual_override): automation → light_bd_1
[DISPATCH] BLOCKED (manual_override): automation → light_bd_1
[DISPATCH] BLOCKED (manual_override): automation → light_bd_1
[DISPATCH] BLOCKED (manual_override): automation → light_bd_1
[DISPATCH] BLOCKED (manual_override): automation → light_bd_1
[DISPATCH] BLOCKED (manual_override): automation → light_bd_1
[DISPATCH] BLOCKED (manual_override): automation → light_bd_1
[DISPATCH] BLOCKED (manual_override): automation → light_bd_1
[DISPATCH] BLOCKED (manual_override): automation → light_bd_1
[DISPATCH] BLOCKED (manual_override): automation → light_bd_1
[DISPATCH] BLOCKED (manual_override): automation → light_bd_1
[DISPATCH] BLOCKED (manual_override): automation → light_bd_1
[DISPATCH] BLOCKED (manual_override): automation → light_bd_1
[DISPATCH] BLOCKED (manual_override): automation → light_bd_1
[DISPATCH] BLOCKED (manual_override): automation → light_bd_1
[DISPATCH] BLOCKED (manual_override): automation → light_bd_1
[DISPATCH] BLOCKED (manual_override): automation → light_bd_1
[DISPATCH] BLOCKED (manual_override): automation → light_bd_1
[DISPATCH] BLOCKED (manual_override): automation → light_bd_1
[DISPATCH] BLOCKED (manual_override): automation → light_bd_1
[DISPATCH] BLOCKED (manual_override): automation → light_bd_1
[DISPATCH] BLOCKED (manual_override): automation → light_bd_1
[DISPATCH] BLOCKED (manual_override): automation → light_bd_1
[DISPATCH] BLOCKED (manual_override): automation → light_bd_1
[DISPATCH] BLOCKED (manual_override): automation → light_bd_1
[DISPATCH] BLOCKED (manual_override): automation → light_bd_1
[DISPATCH] BLOCKED (manual_override): automation → light_bd_1
[DISPATCH] BLOCKED (manual_override): automation → light_bd_1
[DISPATCH] BLOCKED (manual_override): automation → light_bd_1
[DISPATCH] BLOCKED (manual_override): automation → light_bd_1
[DISPATCH] BLOCKED (manual_override): automation → light_bd_1
[DISPATCH] BLOCKED (manual_override): automation → light_bd_1
[DISPATCH] BLOCKED (manual_override): automation → light_bd_1
[DISPATCH] BLOCKED (manual_override): automation → light_bd_1
[DISPATCH] BLOCKED (manual_override): automation → light_bd_1
[DISPATCH] BLOCKED (manual_override): automation → light_bd_1
[DISPATCH] BLOCKED (manual_override): automation → light_bd_1
[DISPATCH] BLOCKED (manual_override): automation → light_bd_1
[DISPATCH] BLOCKED (manual_override): automation → light_bd_1
[DISPATCH] BLOCKED (manual_override): automation → light_bd_1
[DISPATCH] BLOCKED (manual_override): automation → light_bd_1
[DISPATCH] BLOCKED (manual_override): automation → light_bd_1
[DISPATCH] BLOCKED (manual_override): automation → light_bd_1
[DISPATCH] BLOCKED (manual_override): automation → light_bd_1
[DISPATCH] BLOCKED (manual_override): automation → light_bd_1
[DISPATCH] BLOCKED (manual_override): automation → light_bd_1
[DISPATCH] BLOCKED (manual_override): automation → light_bd_1
[DISPATCH] BLOCKED (manual_override): automation → light_bd_1
[DISPATCH] BLOCKED (manual_override): automation → light_bd_1
[DISPATCH] BLOCKED (manual_override): automation → light_bd_1
[DISPATCH] BLOCKED (manual_override): automation → light_bd_1
[DISPATCH] BLOCKED (manual_override): automation → light_bd_1
[DISPATCH] BLOCKED (manual_override): automation → light_bd_1
[DISPATCH] BLOCKED (manual_override): automation → light_bd_1
[DISPATCH] BLOCKED (manual_override): automation → light_bd_1
[DISPATCH] BLOCKED (manual_override): automation → light_bd_1
[DISPATCH] BLOCKED (manual_override): automation → light_bd_1
[DISPATCH] BLOCKED (manual_override): automation → light_bd_1
[DISPATCH] BLOCKED (manual_override): automation → light_bd_1
[DISPATCH] BLOCKED (manual_override): automation → light_bd_1
[DISPATCH] BLOCKED (manual_override): automation → light_bd_1
[DISPATCH] BLOCKED (manual_override): automation → light_bd_1
[DISPATCH] BLOCKED (manual_override): automation → light_bd_1
[DISPATCH] BLOCKED (manual_override): automation → light_bd_1
[DISPATCH] BLOCKED (manual_override): automation → light_bd_1
[DISPATCH] BLOCKED (manual_override): automation → light_bd_1
[DISPATCH] BLOCKED (manual_override): automation → light_bd_1
[DISPATCH] BLOCKED (manual_override): automation → light_bd_1
[DISPATCH] BLOCKED (manual_override): automation → light_bd_1
[DISPATCH] BLOCKED (manual_override): automation → light_bd_1
[DISPATCH] BLOCKED (manual_override): automation → light_bd_1
[DISPATCH] BLOCKED (manual_override): automation → light_bd_1
[DISPATCH] BLOCKED (manual_override): automation → light_bd_1
[DISPATCH] BLOCKED (manual_override): automation → light_bd_1
[DISPATCH] BLOCKED (manual_override): automation → light_bd_1
[DISPATCH] BLOCKED (manual_override): automation → light_bd_1
[DISPATCH] BLOCKED (manual_override): automation → light_bd_1
[DISPATCH] BLOCKED (manual_override): schedule → fan_bd_1
[DISPATCH] BLOCKED (manual_override): automation → light_bd_1
[DISPATCH] BLOCKED (manual_override): schedule → fan_bd_1
[DISPATCH] BLOCKED (manual_override): schedule → fan_bd_1
[DISPATCH] BLOCKED (manual_override): schedule → fan_bd_1
[DISPATCH] BLOCKED (manual_override): schedule → fan_bd_1
[DISPATCH] BLOCKED (manual_override): schedule → fan_bd_1
[DISPATCH] BLOCKED (manual_override): automation → light_bd_1
[DISPATCH] BLOCKED (manual_override): schedule → fan_bd_1
[DISPATCH] BLOCKED (manual_override): schedule → fan_bd_1
[DISPATCH] BLOCKED (manual_override): schedule → fan_bd_1
[DISPATCH] BLOCKED (manual_override): schedule → fan_bd_1
[DISPATCH] BLOCKED (manual_override): schedule → fan_bd_1
[DISPATCH] BLOCKED (manual_override): automation → light_bd_1
[DISPATCH] BLOCKED (manual_override): schedule → fan_bd_1
[DISPATCH] BLOCKED (manual_override): schedule → fan_bd_1
[DISPATCH] BLOCKED (manual_override): schedule → fan_bd_1
[DISPATCH] BLOCKED (manual_override): schedule → fan_bd_1
[DISPATCH] BLOCKED (manual_override): schedule → fan_bd_1
[DISPATCH] BLOCKED (manual_override): automation → light_bd_1
[DISPATCH] BLOCKED (manual_override): schedule → fan_bd_1
[DISPATCH] BLOCKED (manual_override): schedule → fan_bd_1
[DISPATCH] BLOCKED (manual_override): schedule → fan_bd_1
[DISPATCH] BLOCKED (manual_override): schedule → fan_bd_1
[DISPATCH] BLOCKED (manual_override): schedule → fan_bd_1
[DISPATCH] BLOCKED (manual_override): automation → light_bd_1
[DISPATCH] BLOCKED (manual_override): schedule → fan_bd_1
[DISPATCH] BLOCKED (manual_override): schedule → fan_bd_1
[DISPATCH] BLOCKED (manual_override): schedule → fan_bd_1
[DISPATCH] BLOCKED (manual_override): schedule → fan_bd_1
[DISPATCH] BLOCKED (manual_override): schedule → fan_bd_1
[DISPATCH] BLOCKED (manual_override): automation → light_bd_1
[DISPATCH] BLOCKED (manual_override): schedule → fan_bd_1
[DISPATCH] BLOCKED (manual_override): schedule → fan_bd_1
[DISPATCH] BLOCKED (manual_override): schedule → fan_bd_1
[DISPATCH] BLOCKED (manual_override): schedule → fan_bd_1
[DISPATCH] BLOCKED (manual_override): schedule → fan_bd_1
[DISPATCH] BLOCKED (manual_override): automation → light_bd_1
[DISPATCH] BLOCKED (manual_override): schedule → fan_bd_1
[DISPATCH] BLOCKED (manual_override): schedule → fan_bd_1
[DISPATCH] BLOCKED (manual_override): schedule → fan_bd_1
[DISPATCH] BLOCKED (manual_override): schedule → fan_bd_1
[DISPATCH] BLOCKED (manual_override): schedule → fan_bd_1
[DISPATCH] BLOCKED (manual_override): automation → light_bd_1
[DISPATCH] BLOCKED (manual_override): schedule → fan_bd_1
[DISPATCH] BLOCKED (manual_override): schedule → fan_bd_1
[DISPATCH] BLOCKED (manual_override): schedule → fan_bd_1
[DISPATCH] BLOCKED (manual_override): schedule → fan_bd_1
[DISPATCH] BLOCKED (manual_override): schedule → fan_bd_1
[DISPATCH] BLOCKED (manual_override): automation → light_bd_1
[DISPATCH] BLOCKED (manual_override): schedule → fan_bd_1
[DISPATCH] BLOCKED (manual_override): schedule → fan_bd_1
2026-05-04 17:40:46 [INFO][SYNCER] Firestore: Batch flush 48 sensor history rows
2026-05-04 17:40:46 [INFO][SYNCER] Flushed 48 sensor history rows to Firestore
2026-05-04 17:41:46 [INFO][SYNCER] Firestore: Batch flush 48 sensor history rows
2026-05-04 17:41:46 [INFO][SYNCER] Flushed 48 sensor history rows to Firestore
2026-05-04 17:42:47 [INFO][SYNCER] Firestore: Batch flush 48 sensor history rows
2026-05-04 17:42:47 [INFO][SYNCER] Flushed 48 sensor history rows to Firestore
2026-05-04 17:43:47 [INFO][SYNCER] Firestore: Batch flush 48 sensor history rows
2026-05-04 17:43:47 [INFO][SYNCER] Flushed 48 sensor history rows to Firestore
2026-05-04 17:44:47 [INFO][SYNCER] Firestore: Batch flush 48 sensor history rows
2026-05-04 17:44:47 [INFO][SYNCER] Flushed 48 sensor history rows to Firestore
2026-05-04 17:45:47 [INFO][SYNCER] Firestore: Batch flush 48 sensor history rows
2026-05-04 17:45:47 [INFO][SYNCER] Flushed 48 sensor history rows to Firestore
2026-05-04 17:46:48 [INFO][SYNCER] Firestore: Batch flush 48 sensor history rows
2026-05-04 17:46:48 [INFO][SYNCER] Flushed 48 sensor history rows to Firestore
2026-05-04 17:47:48 [INFO][SYNCER] Firestore: Batch flush 48 sensor history rows
2026-05-04 17:47:48 [INFO][SYNCER] Flushed 48 sensor history rows to Firestore
2026-05-04 17:48:48 [INFO][SYNCER] Firestore: Batch flush 48 sensor history rows
2026-05-04 17:48:48 [INFO][SYNCER] Flushed 48 sensor history rows to Firestore
2026-05-04 17:49:48 [INFO][SYNCER] Firestore: Batch flush 48 sensor history rows
2026-05-04 17:49:48 [INFO][SYNCER] Flushed 48 sensor history rows to Firestore
[DISPATCH] BLOCKED (manual_override): schedule → fan_bd_1
[DISPATCH] BLOCKED (manual_override): schedule → fan_bd_1
[DISPATCH] BLOCKED (manual_override): schedule → fan_bd_1
[DISPATCH] BLOCKED (manual_override): automation → light_bd_1
[DISPATCH] BLOCKED (manual_override): schedule → fan_bd_1
[DISPATCH] BLOCKED (manual_override): schedule → fan_bd_1
[DISPATCH] BLOCKED (manual_override): schedule → fan_bd_1
[DISPATCH] BLOCKED (manual_override): schedule → fan_bd_1
[DISPATCH] BLOCKED (manual_override): schedule → fan_bd_1
[DISPATCH] BLOCKED (manual_override): automation → light_bd_1
[DISPATCH] BLOCKED (manual_override): schedule → fan_bd_1
[DISPATCH] BLOCKED (manual_override): schedule → fan_bd_1
[DISPATCH] BLOCKED (manual_override): schedule → fan_bd_1
[DISPATCH] BLOCKED (manual_override): schedule → fan_bd_1
[DISPATCH] BLOCKED (manual_override): schedule → fan_bd_1
[DISPATCH] BLOCKED (manual_override): automation → light_bd_1
[DISPATCH] BLOCKED (manual_override): schedule → fan_bd_1
[DISPATCH] BLOCKED (manual_override): schedule → fan_bd_1
[DISPATCH] BLOCKED (manual_override): schedule → fan_bd_1
[DISPATCH] BLOCKED (manual_override): schedule → fan_bd_1
[DISPATCH] BLOCKED (manual_override): automation → light_bd_1
[DISPATCH] BLOCKED (manual_override): automation → light_bd_1
[DISPATCH] BLOCKED (manual_override): automation → light_bd_1
[DISPATCH] BLOCKED (manual_override): automation → light_bd_1
[DISPATCH] BLOCKED (manual_override): automation → light_bd_1
[DISPATCH] BLOCKED (manual_override): automation → light_bd_1
[DISPATCH] BLOCKED (manual_override): automation → light_bd_1
[DISPATCH] BLOCKED (manual_override): automation → light_bd_1
[DISPATCH] BLOCKED (manual_override): automation → light_bd_1
[DISPATCH] BLOCKED (manual_override): automation → light_bd_1
[DISPATCH] BLOCKED (manual_override): automation → light_bd_1
[DISPATCH] BLOCKED (manual_override): automation → light_bd_1
[DISPATCH] BLOCKED (manual_override): automation → light_bd_1
[DISPATCH] BLOCKED (manual_override): automation → light_bd_1
[DISPATCH] BLOCKED (manual_override): automation → light_bd_1
[DISPATCH] BLOCKED (manual_override): automation → light_bd_1
[DISPATCH] BLOCKED (manual_override): automation → light_bd_1
[DISPATCH] BLOCKED (manual_override): automation → light_bd_1
[DISPATCH] BLOCKED (manual_override): automation → light_bd_1
[DISPATCH] BLOCKED (manual_override): automation → light_bd_1
[DISPATCH] BLOCKED (manual_override): automation → light_bd_1
[DISPATCH] BLOCKED (manual_override): automation → light_bd_1
[DISPATCH] BLOCKED (manual_override): automation → light_bd_1
[DISPATCH] BLOCKED (manual_override): automation → light_bd_1
[DISPATCH] BLOCKED (manual_override): automation → light_bd_1
[DISPATCH] BLOCKED (manual_override): automation → light_bd_1
[DISPATCH] BLOCKED (manual_override): automation → light_bd_1
[DISPATCH] BLOCKED (manual_override): automation → light_bd_1
[DISPATCH] BLOCKED (manual_override): automation → light_bd_1
[DISPATCH] BLOCKED (manual_override): automation → light_bd_1
[DISPATCH] BLOCKED (manual_override): automation → light_bd_1
[DISPATCH] BLOCKED (manual_override): automation → light_bd_1
[DISPATCH] BLOCKED (manual_override): automation → light_bd_1
[DISPATCH] BLOCKED (manual_override): automation → light_bd_1
[DISPATCH] BLOCKED (manual_override): automation → light_bd_1
[DISPATCH] BLOCKED (manual_override): automation → light_bd_1
[DISPATCH] BLOCKED (manual_override): automation → light_bd_1
[DISPATCH] BLOCKED (manual_override): automation → light_bd_1
[DISPATCH] BLOCKED (manual_override): automation → light_bd_1
[DISPATCH] BLOCKED (manual_override): automation → light_bd_1
[DISPATCH] BLOCKED (manual_override): automation → light_bd_1
[DISPATCH] BLOCKED (manual_override): automation → light_bd_1
[DISPATCH] BLOCKED (manual_override): automation → light_bd_1
[DISPATCH] BLOCKED (manual_override): automation → light_bd_1
[DISPATCH] BLOCKED (manual_override): automation → light_bd_1
[DISPATCH] BLOCKED (manual_override): automation → light_bd_1
[DISPATCH] BLOCKED (manual_override): automation → light_bd_1
[DISPATCH] BLOCKED (manual_override): automation → light_bd_1
[DISPATCH] BLOCKED (manual_override): automation → light_bd_1
[DISPATCH] BLOCKED (manual_override): automation → light_bd_1
[DISPATCH] BLOCKED (manual_override): automation → light_bd_1
[DISPATCH] BLOCKED (manual_override): automation → light_bd_1
[DISPATCH] BLOCKED (manual_override): automation → light_bd_1
[DISPATCH] BLOCKED (manual_override): automation → light_bd_1
[DISPATCH] BLOCKED (manual_override): automation → light_bd_1
[DISPATCH] BLOCKED (manual_override): automation → light_bd_1
[DISPATCH] BLOCKED (manual_override): automation → light_bd_1
[DISPATCH] BLOCKED (manual_override): automation → light_bd_1
[DISPATCH] BLOCKED (manual_override): automation → light_bd_1
[DISPATCH] BLOCKED (manual_override): automation → light_bd_1
[DISPATCH] BLOCKED (manual_override): automation → light_bd_1
[DISPATCH] BLOCKED (manual_override): automation → light_bd_1
[DISPATCH] BLOCKED (manual_override): automation → light_bd_1
[DISPATCH] BLOCKED (manual_override): automation → light_bd_1
[DISPATCH] BLOCKED (manual_override): automation → light_bd_1
[DISPATCH] BLOCKED (manual_override): automation → light_bd_1
[DISPATCH] BLOCKED (manual_override): automation → light_bd_1
[DISPATCH] BLOCKED (manual_override): automation → light_bd_1
[DISPATCH] BLOCKED (manual_override): automation → light_bd_1
[DISPATCH] BLOCKED (manual_override): automation → light_bd_1
[DISPATCH] BLOCKED (manual_override): automation → light_bd_1
[DISPATCH] BLOCKED (manual_override): automation → light_bd_1
[DISPATCH] BLOCKED (manual_override): automation → light_bd_1
[DISPATCH] BLOCKED (manual_override): automation → light_bd_1
[DISPATCH] BLOCKED (manual_override): automation → light_bd_1
[DISPATCH] BLOCKED (manual_override): automation → light_bd_1
[DISPATCH] BLOCKED (manual_override): automation → light_bd_1
[DISPATCH] BLOCKED (manual_override): automation → light_bd_1
[DISPATCH] BLOCKED (manual_override): automation → light_bd_1
[DISPATCH] BLOCKED (manual_override): automation → light_bd_1
[DISPATCH] BLOCKED (manual_override): automation → light_bd_1
[DISPATCH] BLOCKED (manual_override): automation → light_bd_1
[DISPATCH] BLOCKED (manual_override): automation → light_bd_1
[DISPATCH] BLOCKED (manual_override): automation → light_bd_1
[DISPATCH] BLOCKED (manual_override): automation → light_bd_1
[DISPATCH] BLOCKED (manual_override): automation → light_bd_1
[DISPATCH] BLOCKED (manual_override): automation → light_bd_1
[DISPATCH] BLOCKED (manual_override): automation → light_bd_1
[DISPATCH] BLOCKED (manual_override): automation → light_bd_1
[DISPATCH] BLOCKED (manual_override): automation → light_bd_1
[DISPATCH] BLOCKED (manual_override): automation → light_bd_1
[DISPATCH] BLOCKED (manual_override): automation → light_bd_1
[DISPATCH] BLOCKED (manual_override): automation → light_bd_1
[DISPATCH] BLOCKED (manual_override): automation → light_bd_1
[DISPATCH] BLOCKED (manual_override): automation → light_bd_1
[DISPATCH] BLOCKED (manual_override): automation → light_bd_1
[DISPATCH] BLOCKED (manual_override): automation → light_bd_1
[DISPATCH] BLOCKED (manual_override): automation → light_bd_1
[DISPATCH] BLOCKED (manual_override): automation → light_bd_1
[DISPATCH] BLOCKED (manual_override): automation → light_bd_1
[DISPATCH] BLOCKED (manual_override): automation → light_bd_1
[DISPATCH] BLOCKED (manual_override): automation → light_bd_1
[DISPATCH] BLOCKED (manual_override): automation → light_bd_1
[DISPATCH] BLOCKED (manual_override): automation → light_bd_1
[DISPATCH] BLOCKED (manual_override): automation → light_bd_1
[DISPATCH] BLOCKED (manual_override): automation → light_bd_1
[DISPATCH] BLOCKED (manual_override): automation → light_bd_1
[DISPATCH] BLOCKED (manual_override): automation → light_bd_1
[DISPATCH] BLOCKED (manual_override): automation → light_bd_1
2026-05-04 17:50:49 [INFO][SYNCER] Firestore: Batch flush 48 sensor history rows
2026-05-04 17:50:49 [INFO][SYNCER] Flushed 48 sensor history rows to Firestore
2026-05-04 17:51:49 [INFO][SYNCER] Firestore: Batch flush 48 sensor history rows
2026-05-04 17:51:49 [INFO][SYNCER] Flushed 48 sensor history rows to Firestore
2026-05-04 17:52:49 [INFO][SYNCER] Firestore: Batch flush 48 sensor history rows
2026-05-04 17:52:49 [INFO][SYNCER] Flushed 48 sensor history rows to Firestore
2026-05-04 17:53:42 [INFO][SYNCER] [Downlink] DISPATCH: geNY2sjrL8pV8dCRld0T [turn_on] → Redis[device_commands]
2026-05-04 17:53:42 [INFO][SYNCER] [Downlink] CLEANUP: Đã xóa lệnh geNY2sjrL8pV8dCRld0T
2026-05-04 17:53:42 [INFO][SYNCER] Firestore sync [bedroom_01/fan_bd_1] -> ON | Name: Quạt | Type: fan
2026-05-04 17:53:47 [INFO][SYNCER] [Downlink] DISPATCH: pEpJilxgwXQ5413415Xd [turn_off] → Redis[device_commands]
2026-05-04 17:53:47 [INFO][SYNCER] Firestore sync [bedroom_01/fan_bd_1] -> OFF | Name: Quạt | Type: fan
2026-05-04 17:53:47 [INFO][SYNCER] [Downlink] CLEANUP: Đã xóa lệnh pEpJilxgwXQ5413415Xd
2026-05-04 17:53:48 [INFO][SYNCER] [Downlink] DISPATCH: DBhHV8NntEGEjiEBDAi2 [turn_on] → Redis[device_commands]
2026-05-04 17:53:48 [INFO][SYNCER] [Downlink] CLEANUP: Đã xóa lệnh DBhHV8NntEGEjiEBDAi2
2026-05-04 17:53:48 [INFO][SYNCER] Firestore sync [bedroom_01/fan_bd_1] -> ON | Name: Quạt | Type: fan
2026-05-04 17:53:50 [INFO][SYNCER] Firestore: Batch flush 48 sensor history rows
2026-05-04 17:53:50 [INFO][SYNCER] Flushed 48 sensor history rows to Firestore
2026-05-04 17:53:50 [INFO][SYNCER] [Downlink] DISPATCH: HCA786NiwZZ5p06ngIj5 [turn_off] → Redis[device_commands]
2026-05-04 17:53:50 [INFO][SYNCER] [Downlink] CLEANUP: Đã xóa lệnh HCA786NiwZZ5p06ngIj5
2026-05-04 17:53:50 [INFO][SYNCER] Firestore sync [bedroom_01/fan_bd_1] -> OFF | Name: Quạt | Type: fan
2026-05-04 17:53:52 [INFO][SYNCER] [Downlink] DISPATCH: CPHdsSWkd8JUDOvZ695b [turn_on] → Redis[device_commands]
2026-05-04 17:53:52 [INFO][SYNCER] [Downlink] CLEANUP: Đã xóa lệnh CPHdsSWkd8JUDOvZ695b
2026-05-04 17:53:52 [INFO][SYNCER] Firestore sync [bedroom_01/light_bd_1] -> ON | Name: Đèn | Type: light
2026-05-04 17:53:53 [INFO][SYNCER] [Downlink] DISPATCH: H2u9rQCnfei8ka6rJgVp [turn_off] → Redis[device_commands]
2026-05-04 17:53:53 [INFO][SYNCER] [Downlink] CLEANUP: Đã xóa lệnh H2u9rQCnfei8ka6rJgVp
2026-05-04 17:53:53 [INFO][SYNCER] Firestore sync [bedroom_01/light_bd_1] -> OFF | Name: Đèn | Type: light
2026-05-04 17:53:54 [INFO][SYNCER] [Downlink] DISPATCH: TJSqe5d18ACOyd67Gtvo [turn_on] → Redis[device_commands]
2026-05-04 17:53:54 [INFO][SYNCER] [Downlink] CLEANUP: Đã xóa lệnh TJSqe5d18ACOyd67Gtvo
2026-05-04 17:53:54 [INFO][SYNCER] Firestore sync [bedroom_01/fan_bd_1] -> ON | Name: Quạt | Type: fan
2026-05-04 17:53:58 [INFO][SYNCER] [Downlink] DISPATCH: u5AEqGPaiSKMZrcVirhL [turn_off] → Redis[device_commands]
2026-05-04 17:53:58 [INFO][SYNCER] [Downlink] CLEANUP: Đã xóa lệnh u5AEqGPaiSKMZrcVirhL
2026-05-04 17:53:59 [INFO][SYNCER] Firestore sync [bedroom_01/fan_bd_1] -> OFF | Name: Quạt | Type: fan
2026-05-04 17:54:17 [INFO][SYNCER] [Downlink] DISPATCH: goiR3iAajqvSOkVTJUya [turn_on] → Redis[device_commands]
2026-05-04 17:54:17 [INFO][SYNCER] [Downlink] CLEANUP: Đã xóa lệnh goiR3iAajqvSOkVTJUya
2026-05-04 17:54:20 [INFO][SYNCER] [Downlink] DISPATCH: OGK0SrWq5B8vKCGaUC5S [turn_off] → Redis[device_commands]
2026-05-04 17:54:20 [INFO][SYNCER] [Downlink] CLEANUP: Đã xóa lệnh OGK0SrWq5B8vKCGaUC5S
2026-05-04 17:54:26 [INFO][SYNCER] [Downlink] DISPATCH: yuUEypOm7VGDEakOotCB [turn_on] → Redis[device_commands]
2026-05-04 17:54:27 [INFO][SYNCER] [Downlink] CLEANUP: Đã xóa lệnh yuUEypOm7VGDEakOotCB
2026-05-04 17:54:27 [INFO][SYNCER] Firestore sync [bedroom_01/fan_bd_1] -> ON | Name: Quạt | Type: fan
2026-05-04 17:54:29 [INFO][SYNCER] [Downlink] DISPATCH: zv8bvA6usERSphODUDE7 [turn_off] → Redis[device_commands]
2026-05-04 17:54:29 [INFO][SYNCER] [Downlink] CLEANUP: Đã xóa lệnh zv8bvA6usERSphODUDE7
2026-05-04 17:54:29 [INFO][SYNCER] Firestore sync [bedroom_01/fan_bd_1] -> OFF | Name: Quạt | Type: fan
2026-05-04 17:54:31 [INFO][SYNCER] [Downlink] DISPATCH: gUDpeeDP7ImHj8mFc01r [turn_on] → Redis[device_commands]
2026-05-04 17:54:31 [INFO][SYNCER] [Downlink] CLEANUP: Đã xóa lệnh gUDpeeDP7ImHj8mFc01r
2026-05-04 17:54:31 [INFO][SYNCER] Firestore sync [bedroom_01/light_bd_1] -> ON | Name: Đèn | Type: light
2026-05-04 17:54:32 [INFO][SYNCER] [Downlink] DISPATCH: gJTlvuibjRZaljtg8a0n [turn_off] → Redis[device_commands]
2026-05-04 17:54:32 [INFO][SYNCER] [Downlink] CLEANUP: Đã xóa lệnh gJTlvuibjRZaljtg8a0n
2026-05-04 17:54:32 [INFO][SYNCER] Firestore sync [bedroom_01/light_bd_1] -> OFF | Name: Đèn | Type: light
2026-05-04 17:54:34 [INFO][SYNCER] Firestore sync [bedroom_01/fan_bd_1] -> ON | Name: Quạt | Type: fan
2026-05-04 17:54:35 [INFO][SYNCER] Firestore sync [bedroom_01/fan_bd_1] -> OFF | Name: Quạt | Type: fan
2026-05-04 17:54:37 [INFO][SYNCER] Firestore sync [bedroom_01/light_bd_1] -> ON | Name: Đèn | Type: light
2026-05-04 17:54:38 [INFO][SYNCER] Firestore sync [bedroom_01/light_bd_1] -> OFF | Name: Đèn | Type: light
2026-05-04 17:54:50 [INFO][SYNCER] Firestore: Batch flush 44 sensor history rows
2026-05-04 17:54:50 [INFO][SYNCER] Flushed 44 sensor history rows to Firestore
2026-05-04 17:55:50 [INFO][SYNCER] Firestore: Batch flush 48 sensor history rows
2026-05-04 17:55:50 [INFO][SYNCER] Flushed 48 sensor history rows to Firestore
2026-05-04 17:56:50 [INFO][SYNCER] Firestore: Batch flush 48 sensor history rows
2026-05-04 17:56:50 [INFO][SYNCER] Flushed 48 sensor history rows to Firestore
2026-05-04 17:57:51 [INFO][SYNCER] Firestore: Batch flush 48 sensor history rows
2026-05-04 17:57:51 [INFO][SYNCER] Flushed 48 sensor history rows to Firestore
[DISPATCH] BLOCKED (manual_override): automation → light_bd_1
[DISPATCH] BLOCKED (manual_override): automation → light_bd_1
[DISPATCH] BLOCKED (manual_override): automation → light_bd_1
[DISPATCH] BLOCKED (manual_override): automation → light_bd_1
[DISPATCH] BLOCKED (manual_override): automation → light_bd_1
[DISPATCH] BLOCKED (manual_override): automation → light_bd_1
[DISPATCH] BLOCKED (manual_override): automation → light_bd_1
[DISPATCH] BLOCKED (manual_override): automation → light_bd_1
[DISPATCH] BLOCKED (manual_override): automation → light_bd_1
[DISPATCH] BLOCKED (manual_override): automation → light_bd_1
[DISPATCH] BLOCKED (manual_override): automation → light_bd_1
[DISPATCH] BLOCKED (manual_override): automation → light_bd_1
[DISPATCH] BLOCKED (manual_override): automation → light_bd_1
[DISPATCH] BLOCKED (manual_override): automation → light_bd_1
[DISPATCH] BLOCKED (manual_override): automation → light_bd_1
[DISPATCH] BLOCKED (manual_override): automation → light_bd_1
[DISPATCH] BLOCKED (manual_override): automation → light_bd_1
[DISPATCH] BLOCKED (manual_override): automation → light_bd_1
[DISPATCH] BLOCKED (manual_override): automation → light_bd_1
[DISPATCH] BLOCKED (manual_override): automation → light_bd_1
[DISPATCH] BLOCKED (manual_override): automation → light_bd_1
[DISPATCH] BLOCKED (manual_override): automation → light_bd_1
[DISPATCH] BLOCKED (manual_override): automation → light_bd_1
[DISPATCH] BLOCKED (manual_override): automation → light_bd_1
[DISPATCH] BLOCKED (manual_override): automation → light_bd_1
[DISPATCH] BLOCKED (manual_override): automation → light_bd_1
[DISPATCH] BLOCKED (manual_override): automation → light_bd_1
[DISPATCH] BLOCKED (manual_override): automation → light_bd_1
[DISPATCH] BLOCKED (manual_override): automation → light_bd_1
[DISPATCH] BLOCKED (manual_override): automation → light_bd_1
[DISPATCH] BLOCKED (manual_override): automation → light_bd_1
[DISPATCH] BLOCKED (manual_override): automation → light_bd_1
[DISPATCH] BLOCKED (manual_override): automation → light_bd_1
[DISPATCH] BLOCKED (manual_override): automation → light_bd_1
[DISPATCH] BLOCKED (manual_override): automation → light_bd_1
[DISPATCH] BLOCKED (manual_override): automation → light_bd_1
[DISPATCH] BLOCKED (manual_override): automation → light_bd_1
[DISPATCH] BLOCKED (manual_override): automation → light_bd_1
[DISPATCH] BLOCKED (manual_override): automation → light_bd_1
[DISPATCH] BLOCKED (manual_override): automation → light_bd_1
[DISPATCH] BLOCKED (manual_override): automation → light_bd_1
[DISPATCH] BLOCKED (manual_override): automation → light_bd_1
[DISPATCH] BLOCKED (manual_override): automation → light_bd_1
[DISPATCH] BLOCKED (manual_override): automation → light_bd_1
[DISPATCH] SENT [manual|p=1]: bedroom_01/fan_bd_1 → turn_on
[AUTO] ACK sent for cmd geNY2sjrL8pV8dCRld0T: fan_bd_1 → True
[DISPATCH] BLOCKED (manual_override): automation → light_bd_1
[DISPATCH] SENT [manual|p=1]: bedroom_01/fan_bd_1 → turn_off
[AUTO] ACK sent for cmd pEpJilxgwXQ5413415Xd: fan_bd_1 → False
[DISPATCH] SENT [manual|p=1]: bedroom_01/fan_bd_1 → turn_on
[AUTO] ACK sent for cmd DBhHV8NntEGEjiEBDAi2: fan_bd_1 → True
[DISPATCH] BLOCKED (manual_override): automation → light_bd_1
[DISPATCH] SENT [manual|p=1]: bedroom_01/fan_bd_1 → turn_off
[AUTO] ACK sent for cmd HCA786NiwZZ5p06ngIj5: fan_bd_1 → False
[DISPATCH] SENT [manual|p=1]: bedroom_01/light_bd_1 → turn_on
[AUTO] ACK sent for cmd CPHdsSWkd8JUDOvZ695b: light_bd_1 → True
[DISPATCH] SENT [manual|p=1]: bedroom_01/light_bd_1 → turn_off
[AUTO] ACK sent for cmd H2u9rQCnfei8ka6rJgVp: light_bd_1 → False
[DISPATCH] SENT [manual|p=1]: bedroom_01/fan_bd_1 → turn_on
[AUTO] ACK sent for cmd TJSqe5d18ACOyd67Gtvo: fan_bd_1 → True
[DISPATCH] BLOCKED (manual_override): automation → light_bd_1
[DISPATCH] SENT [manual|p=1]: bedroom_01/fan_bd_1 → turn_off
[AUTO] ACK sent for cmd u5AEqGPaiSKMZrcVirhL: fan_bd_1 → False
[DISPATCH] BLOCKED (manual_override): automation → light_bd_1
[DISPATCH] BLOCKED (manual_override): automation → light_bd_1
[DISPATCH] SENT [manual|p=1]: bedroom_01/fan_bd_1 → turn_on
[DISPATCH] SENT [manual|p=1]: bedroom_01/fan_bd_1 → turn_off
[AUTO] ACK sent for cmd OGK0SrWq5B8vKCGaUC5S: fan_bd_1 → False
[DISPATCH] BLOCKED (manual_override): automation → light_bd_1
[DISPATCH] BLOCKED (manual_override): automation → light_bd_1
[DISPATCH] SENT [manual|p=1]: bedroom_01/fan_bd_1 → turn_on
[AUTO] ACK sent for cmd yuUEypOm7VGDEakOotCB: fan_bd_1 → True
[DISPATCH] BLOCKED (manual_override): automation → light_bd_1
[DISPATCH] SENT [manual|p=1]: bedroom_01/fan_bd_1 → turn_off
[AUTO] ACK sent for cmd zv8bvA6usERSphODUDE7: fan_bd_1 → False
[DISPATCH] SENT [manual|p=1]: bedroom_01/light_bd_1 → turn_on
[AUTO] ACK sent for cmd gUDpeeDP7ImHj8mFc01r: light_bd_1 → True
[DISPATCH] SENT [manual|p=1]: bedroom_01/light_bd_1 → turn_off
[AUTO] ACK sent for cmd gJTlvuibjRZaljtg8a0n: light_bd_1 → False
[DISPATCH] BLOCKED (manual_override): automation → light_bd_1
[DISPATCH] BLOCKED (manual_override): automation → light_bd_1
[DISPATCH] BLOCKED (manual_override): automation → light_bd_1
[DISPATCH] BLOCKED (manual_override): automation → light_bd_1
[DISPATCH] BLOCKED (manual_override): automation → light_bd_1
[DISPATCH] BLOCKED (manual_override): automation → light_bd_1
[DISPATCH] BLOCKED (manual_override): automation → light_bd_1
[DISPATCH] BLOCKED (manual_override): automation → light_bd_1
[DISPATCH] BLOCKED (manual_override): automation → light_bd_1
[DISPATCH] BLOCKED (manual_override): automation → light_bd_1
[DISPATCH] BLOCKED (manual_override): automation → light_bd_1
[DISPATCH] BLOCKED (manual_override): automation → light_bd_1
[DISPATCH] BLOCKED (manual_override): automation → light_bd_1
[DISPATCH] BLOCKED (manual_override): automation → light_bd_1
[DISPATCH] BLOCKED (manual_override): automation → light_bd_1
[DISPATCH] BLOCKED (manual_override): automation → light_bd_1
[DISPATCH] BLOCKED (manual_override): automation → light_bd_1
[DISPATCH] BLOCKED (manual_override): automation → light_bd_1
[DISPATCH] BLOCKED (manual_override): automation → light_bd_1
[DISPATCH] BLOCKED (manual_override): automation → light_bd_1
[DISPATCH] BLOCKED (manual_override): automation → light_bd_1
[DISPATCH] BLOCKED (manual_override): automation → light_bd_1
[DISPATCH] BLOCKED (manual_override): automation → light_bd_1
[DISPATCH] BLOCKED (manual_override): automation → light_bd_1
[DISPATCH] BLOCKED (manual_override): automation → light_bd_1
[DISPATCH] BLOCKED (manual_override): automation → light_bd_1
[DISPATCH] BLOCKED (manual_override): automation → light_bd_1
[DISPATCH] BLOCKED (manual_override): automation → light_bd_1
[DISPATCH] BLOCKED (manual_override): automation → light_bd_1
[DISPATCH] BLOCKED (manual_override): automation → light_bd_1
[DISPATCH] BLOCKED (manual_override): automation → light_bd_1
[DISPATCH] BLOCKED (manual_override): automation → light_bd_1
[DISPATCH] BLOCKED (manual_override): automation → light_bd_1
[DISPATCH] BLOCKED (manual_override): automation → light_bd_1
[DISPATCH] BLOCKED (manual_override): automation → light_bd_1
[DISPATCH] BLOCKED (manual_override): automation → light_bd_1
[DISPATCH] BLOCKED (manual_override): automation → light_bd_1
[DISPATCH] BLOCKED (manual_override): automation → light_bd_1
[DISPATCH] BLOCKED (manual_override): automation → light_bd_1
[DISPATCH] BLOCKED (manual_override): automation → light_bd_1
[DISPATCH] BLOCKED (manual_override): automation → light_bd_1
[DISPATCH] BLOCKED (manual_override): automation → light_bd_1
[DISPATCH] BLOCKED (manual_override): automation → light_bd_1
[DISPATCH] BLOCKED (manual_override): automation → light_bd_1
[DISPATCH] BLOCKED (manual_override): automation → light_bd_1
[DISPATCH] BLOCKED (manual_override): automation → light_bd_1
[DISPATCH] BLOCKED (manual_override): automation → light_bd_1
[DISPATCH] BLOCKED (manual_override): automation → light_bd_1
2026-05-04 17:58:51 [INFO][SYNCER] Firestore: Batch flush 48 sensor history rows
2026-05-04 17:58:51 [INFO][SYNCER] Flushed 48 sensor history rows to Firestore
2026-05-04 17:59:51 [INFO][SYNCER] Firestore: Batch flush 48 sensor history rows
2026-05-04 17:59:51 [INFO][SYNCER] Flushed 48 sensor history rows to Firestore
2026-05-04 18:00:52 [INFO][SYNCER] Firestore: Batch flush 48 sensor history rows
2026-05-04 18:00:52 [INFO][SYNCER] Flushed 48 sensor history rows to Firestore
2026-05-04 18:01:52 [INFO][SYNCER] Firestore: Batch flush 48 sensor history rows
2026-05-04 18:01:52 [INFO][SYNCER] Flushed 48 sensor history rows to Firestore
2026-05-04 18:02:52 [INFO][SYNCER] Firestore: Batch flush 48 sensor history rows
2026-05-04 18:02:52 [INFO][SYNCER] Flushed 48 sensor history rows to Firestore
2026-05-04 18:03:52 [INFO][SYNCER] Firestore: Batch flush 48 sensor history rows
2026-05-04 18:03:52 [INFO][SYNCER] Flushed 48 sensor history rows to Firestore
2026-05-04 18:04:53 [INFO][SYNCER] Firestore: Batch flush 48 sensor history rows
2026-05-04 18:04:53 [INFO][SYNCER] Flushed 48 sensor history rows to Firestore
2026-05-04 18:05:53 [INFO][SYNCER] Firestore: Batch flush 48 sensor history rows
2026-05-04 18:05:53 [INFO][SYNCER] Flushed 48 sensor history rows to Firestore
2026-05-04 18:06:53 [INFO][SYNCER] Firestore: Batch flush 48 sensor history rows
2026-05-04 18:06:53 [INFO][SYNCER] Flushed 48 sensor history rows to Firestore
2026-05-04 18:07:53 [INFO][SYNCER] Firestore: Batch flush 52 sensor history rows
2026-05-04 18:07:53 [INFO][SYNCER] Flushed 52 sensor history rows to Firestore
2026-05-04 18:08:54 [INFO][SYNCER] Firestore: Batch flush 48 sensor history rows
2026-05-04 18:08:54 [INFO][SYNCER] Flushed 48 sensor history rows to Firestore
[DISPATCH] BLOCKED (manual_override): automation → light_bd_1
[DISPATCH] BLOCKED (manual_override): automation → light_bd_1
[DISPATCH] BLOCKED (manual_override): automation → light_bd_1
[DISPATCH] BLOCKED (manual_override): automation → light_bd_1
[DISPATCH] BLOCKED (manual_override): automation → light_bd_1
[DISPATCH] BLOCKED (manual_override): automation → light_bd_1
[DISPATCH] BLOCKED (manual_override): automation → light_bd_1
[DISPATCH] BLOCKED (manual_override): automation → light_bd_1
[DISPATCH] BLOCKED (manual_override): automation → light_bd_1
[DISPATCH] BLOCKED (manual_override): automation → light_bd_1
[DISPATCH] BLOCKED (manual_override): automation → light_bd_1
[DISPATCH] BLOCKED (manual_override): automation → light_bd_1
[DISPATCH] BLOCKED (manual_override): automation → light_bd_1
[DISPATCH] BLOCKED (manual_override): automation → light_bd_1
[DISPATCH] BLOCKED (manual_override): automation → light_bd_1
[DISPATCH] BLOCKED (manual_override): automation → light_bd_1
[DISPATCH] BLOCKED (manual_override): automation → light_bd_1
[DISPATCH] BLOCKED (manual_override): automation → light_bd_1
[DISPATCH] BLOCKED (manual_override): automation → light_bd_1
[DISPATCH] BLOCKED (manual_override): automation → light_bd_1
[DISPATCH] BLOCKED (manual_override): automation → light_bd_1
[DISPATCH] BLOCKED (manual_override): automation → light_bd_1
[DISPATCH] BLOCKED (manual_override): automation → light_bd_1
[DISPATCH] BLOCKED (manual_override): automation → light_bd_1
[DISPATCH] BLOCKED (manual_override): automation → light_bd_1
[DISPATCH] BLOCKED (manual_override): automation → light_bd_1
[DISPATCH] BLOCKED (manual_override): automation → light_bd_1
[DISPATCH] BLOCKED (manual_override): automation → light_bd_1
[DISPATCH] BLOCKED (manual_override): automation → light_bd_1
[DISPATCH] BLOCKED (manual_override): automation → light_bd_1
[DISPATCH] BLOCKED (manual_override): automation → light_bd_1
[DISPATCH] BLOCKED (manual_override): automation → light_bd_1
[DISPATCH] BLOCKED (manual_override): automation → light_bd_1
[DISPATCH] BLOCKED (manual_override): automation → light_bd_1
[DISPATCH] BLOCKED (manual_override): automation → light_bd_1
[DISPATCH] BLOCKED (manual_override): automation → light_bd_1
[DISPATCH] BLOCKED (manual_override): automation → light_bd_1
[DISPATCH] BLOCKED (manual_override): automation → light_bd_1
[DISPATCH] BLOCKED (manual_override): automation → light_bd_1
[DISPATCH] BLOCKED (manual_override): automation → light_bd_1
[DISPATCH] BLOCKED (manual_override): automation → light_bd_1
[DISPATCH] BLOCKED (manual_override): automation → light_bd_1
[DISPATCH] BLOCKED (manual_override): automation → light_bd_1
[DISPATCH] BLOCKED (manual_override): automation → light_bd_1
[DISPATCH] BLOCKED (manual_override): automation → light_bd_1
[DISPATCH] BLOCKED (manual_override): automation → light_bd_1
[DISPATCH] BLOCKED (manual_override): automation → light_bd_1
[DISPATCH] BLOCKED (manual_override): automation → light_bd_1
[DISPATCH] BLOCKED (manual_override): automation → light_bd_1
[DISPATCH] BLOCKED (manual_override): automation → light_bd_1
[DISPATCH] BLOCKED (manual_override): automation → light_bd_1
[DISPATCH] BLOCKED (manual_override): automation → light_bd_1
[DISPATCH] BLOCKED (manual_override): automation → light_bd_1
[DISPATCH] BLOCKED (manual_override): automation → light_bd_1
[DISPATCH] BLOCKED (manual_override): automation → light_bd_1
[DISPATCH] BLOCKED (manual_override): automation → light_bd_1
[DISPATCH] BLOCKED (manual_override): automation → light_bd_1
[DISPATCH] BLOCKED (manual_override): automation → light_bd_1
[DISPATCH] BLOCKED (manual_override): automation → light_bd_1
[DISPATCH] BLOCKED (manual_override): automation → light_bd_1
[DISPATCH] BLOCKED (manual_override): automation → light_bd_1
[DISPATCH] BLOCKED (manual_override): automation → light_bd_1
[DISPATCH] BLOCKED (manual_override): automation → light_bd_1
[DISPATCH] BLOCKED (manual_override): automation → light_bd_1
[DISPATCH] BLOCKED (manual_override): automation → light_bd_1
[DISPATCH] BLOCKED (manual_override): automation → light_bd_1
[DISPATCH] BLOCKED (manual_override): automation → light_bd_1
[DISPATCH] BLOCKED (manual_override): automation → light_bd_1
[DISPATCH] BLOCKED (manual_override): automation → light_bd_1
[DISPATCH] BLOCKED (manual_override): automation → light_bd_1
[DISPATCH] BLOCKED (manual_override): automation → light_bd_1
[DISPATCH] BLOCKED (manual_override): automation → light_bd_1
[DISPATCH] BLOCKED (manual_override): automation → light_bd_1
[DISPATCH] BLOCKED (manual_override): automation → light_bd_1
[DISPATCH] BLOCKED (manual_override): automation → light_bd_1
[DISPATCH] BLOCKED (manual_override): automation → light_bd_1
[DISPATCH] BLOCKED (manual_override): automation → light_bd_1
[DISPATCH] BLOCKED (manual_override): automation → light_bd_1
[DISPATCH] BLOCKED (manual_override): automation → light_bd_1
[DISPATCH] BLOCKED (manual_override): automation → light_bd_1
[DISPATCH] BLOCKED (manual_override): automation → light_bd_1
[DISPATCH] BLOCKED (manual_override): automation → light_bd_1
[DISPATCH] BLOCKED (manual_override): automation → light_bd_1
[DISPATCH] BLOCKED (manual_override): automation → light_bd_1
[DISPATCH] BLOCKED (manual_override): automation → light_bd_1
[DISPATCH] BLOCKED (manual_override): automation → light_bd_1
[DISPATCH] BLOCKED (manual_override): automation → light_bd_1
[DISPATCH] BLOCKED (manual_override): automation → light_bd_1
[DISPATCH] BLOCKED (manual_override): automation → light_bd_1
[DISPATCH] BLOCKED (manual_override): automation → light_bd_1
[DISPATCH] BLOCKED (manual_override): automation → light_bd_1
[DISPATCH] BLOCKED (manual_override): automation → light_bd_1
[DISPATCH] BLOCKED (manual_override): automation → light_bd_1
[DISPATCH] BLOCKED (manual_override): automation → light_bd_1
[DISPATCH] BLOCKED (manual_override): automation → light_bd_1
[DISPATCH] BLOCKED (manual_override): automation → light_bd_1
[DISPATCH] BLOCKED (manual_override): automation → light_bd_1
[DISPATCH] BLOCKED (manual_override): automation → light_bd_1
[DISPATCH] BLOCKED (manual_override): automation → light_bd_1
[DISPATCH] BLOCKED (manual_override): automation → light_bd_1
[DISPATCH] BLOCKED (manual_override): automation → light_bd_1
[DISPATCH] BLOCKED (manual_override): automation → light_bd_1
[DISPATCH] BLOCKED (manual_override): automation → light_bd_1
[DISPATCH] BLOCKED (manual_override): automation → light_bd_1
[DISPATCH] BLOCKED (manual_override): automation → light_bd_1
[DISPATCH] BLOCKED (manual_override): automation → light_bd_1
[DISPATCH] BLOCKED (manual_override): automation → light_bd_1
[DISPATCH] BLOCKED (manual_override): automation → light_bd_1
[DISPATCH] BLOCKED (manual_override): automation → light_bd_1
[DISPATCH] BLOCKED (manual_override): automation → light_bd_1
[DISPATCH] BLOCKED (manual_override): automation → light_bd_1
[DISPATCH] BLOCKED (manual_override): automation → light_bd_1
[DISPATCH] BLOCKED (manual_override): automation → light_bd_1
[DISPATCH] BLOCKED (manual_override): automation → light_bd_1
[DISPATCH] BLOCKED (manual_override): automation → light_bd_1
[DISPATCH] BLOCKED (manual_override): automation → light_bd_1
[DISPATCH] BLOCKED (manual_override): automation → light_bd_1
[DISPATCH] BLOCKED (manual_override): automation → light_bd_1
[DISPATCH] BLOCKED (manual_override): automation → light_bd_1
[DISPATCH] BLOCKED (manual_override): automation → light_bd_1
[DISPATCH] BLOCKED (manual_override): automation → light_bd_1
[DISPATCH] BLOCKED (manual_override): automation → light_bd_1
[DISPATCH] BLOCKED (manual_override): automation → light_bd_1
[DISPATCH] BLOCKED (manual_override): automation → light_bd_1
[DISPATCH] BLOCKED (manual_override): automation → light_bd_1
[DISPATCH] BLOCKED (manual_override): automation → light_bd_1
[DISPATCH] BLOCKED (manual_override): automation → light_bd_1
[DISPATCH] BLOCKED (manual_override): automation → light_bd_1
2026-05-04 18:09:54 [INFO][SYNCER] Firestore: Batch flush 48 sensor history rows
2026-05-04 18:09:54 [INFO][SYNCER] Flushed 48 sensor history rows to Firestore
2026-05-04 18:10:54 [INFO][SYNCER] Firestore: Batch flush 48 sensor history rows
2026-05-04 18:10:54 [INFO][SYNCER] Flushed 48 sensor history rows to Firestore
2026-05-04 18:11:05 [INFO][SYNCER] SyncWorker starting...
2026-05-04 18:11:05 [INFO][SYNCER] Waiting for SD2 (timeout 300s before degraded mode)...
2026-05-04 18:11:05 [INFO][SYNCER] ============================================================
2026-05-04 18:11:05 [INFO][SYNCER] firebase_sync v2.2 starting — project: nhathongminh-myhome
2026-05-04 18:11:05 [INFO][SYNCER] FIX A1: Single Writer RTDB (mqtt_inbound only)
2026-05-04 18:11:05 [INFO][SYNCER] FIX B1: No force_update — ESP32 feedback is source of truth
2026-05-04 18:11:05 [INFO][SYNCER] ============================================================
2026-05-04 18:11:06 [INFO][SYNCER] Sử dụng Service Account: /home/pi/smarthome_prj/GATEWAY/firebase-service-account.json
2026-05-04 18:11:06 [INFO][SYNCER] Redis connected at localhost:6379
2026-05-04 18:11:06 [INFO][SYNCER] Chạy auto-provisioning...
2026-05-04 18:11:06 [INFO][SYNCER] === AUTO-PROVISIONING BẮT ĐẦU ===
=======================================================
  SmartHome Gateway — Starting
=======================================================
[MAIN] DB schema applied
[MAIN] DB init complete
[BUS] MessageBus started
[BUS] MQTT connected & subscribed
[WATCHDOG] Safety watchdog started (thread-safe sensor read)
[BUS] Outbound loop started
[NET] Dual interface detected: Hotspot=wlan0, Uplink=p2p-dev-wlan0
[NET] Network watchdog started — Hotspot:wlan0 Uplink:p2p-dev-wlan0
[NET] Internet: ON
[MAIN] FirebaseSync worker started
[MAIN] All workers started
[NET] NTP already synchronized via systemd-timesyncd
[BRIDGE] Realtime bridge started
[AUTO] Cache loaded: 3 rules, 4 schedules
[SCHEDULER] Started
[API] Registered /api: auth
[API] Registered /api: sensors
[API] Registered /api: devices
[API] Registered /api: automation
[API] Registered /api: logs
[API] Registered /api: rfid
[API] Registered /api: wifi
[API] Registered /api: ota
[API] Registered /api: system
=======================================================
[MAIN] Gateway LIVE → http://0.0.0.0:5000/
[MAIN] API prefix:  http://0.0.0.0:5000/api/
=======================================================
[AUTO] Command listener started
 * Serving Flask app 'gateway_main'
 * Debug mode: off
2026-05-04 18:11:06 [INFO][SYNCER] [31m[1mWARNING: This is a development server. Do not use it in a production deployment. Use a production WSGI server instead.[0m
 * Running on all addresses (0.0.0.0)
 * Running on http://127.0.0.1:5000
 * Running on http://192.168.137.2:5000
2026-05-04 18:11:06 [INFO][SYNCER] [33mPress CTRL+C to quit[0m
2026-05-04 18:11:09 [INFO][SYNCER] === AUTO-PROVISIONING HOÀN TẤT (3 rooms) ===
2026-05-04 18:11:09 [INFO][SYNCER] Synced 3 rooms to Firestore (userId=aN2XKzWrzieBhBsOFhp7zFzHQaG3)
2026-05-04 18:11:09 [INFO][SYNCER] [Uplink] Stream started (FIX A1: mqtt_inbound only for RTDB sensor)
2026-05-04 18:11:09 [INFO][SYNCER] [Downlink] CommandDispatcher started — listening Firestore /commands
2026-05-04 18:11:09 [INFO][SYNCER] Sensor history flush loop started (interval: 60s)
2026-05-04 18:11:09 [INFO][SYNCER] [AutoSync] Automation/Schedule sync loop started (interval: 30s)
2026-05-04 18:11:13 [INFO][SYNCER] Firestore sync [bedroom_01/fan_bd_1] -> OFF | Name: Quạt | Type: fan
2026-05-04 18:11:13 [INFO][SYNCER] Firestore sync [bedroom_01/light_bd_1] -> ON | Name: Đèn | Type: light
2026-05-04 18:12:10 [INFO][SYNCER] Firestore: Batch flush 52 sensor history rows
2026-05-04 18:12:10 [INFO][SYNCER] Flushed 52 sensor history rows to Firestore
2026-05-04 18:13:10 [INFO][SYNCER] Firestore: Batch flush 48 sensor history rows
2026-05-04 18:13:10 [INFO][SYNCER] Flushed 48 sensor history rows to Firestore
2026-05-04 18:14:10 [INFO][SYNCER] Firestore: Batch flush 48 sensor history rows
2026-05-04 18:14:10 [INFO][SYNCER] Flushed 48 sensor history rows to Firestore
2026-05-04 18:15:10 [INFO][SYNCER] Firestore: Batch flush 48 sensor history rows
2026-05-04 18:15:10 [INFO][SYNCER] Flushed 48 sensor history rows to Firestore
2026-05-04 18:16:05 [INFO][SYNCER] SyncWorker running (storage: sd2)
2026-05-04 18:16:05 [INFO][SYNCER] DB rotated → /mnt/sd2/data/data_2026-05-04.db (mode: sd2)
2026-05-04 18:16:10 [INFO][SYNCER] Firestore: Batch flush 48 sensor history rows
2026-05-04 18:16:11 [INFO][SYNCER] Flushed 48 sensor history rows to Firestore
2026-05-04 18:17:11 [INFO][SYNCER] Firestore: Batch flush 48 sensor history rows
2026-05-04 18:17:11 [INFO][SYNCER] Flushed 48 sensor history rows to Firestore
2026-05-04 18:18:19 [WARNING][SYNCER] Retrying (Retry(total=9, connect=0, read=1, redirect=None, status=4)) after connection broken by 'NameResolutionError("HTTPSConnection(host='nhathongminh-myhome-default-rtdb.asia-southeast1.firebasedatabase.app', port=443): Failed to resolve 'nhathongminh-myhome-default-rtdb.asia-southeast1.firebasedatabase.app' ([Errno -3] Temporary failure in name resolution)")': /gateway_status.json?print=silent
2026-05-04 18:20:26 [INFO][SYNCER] SyncWorker starting...
2026-05-04 18:20:26 [INFO][SYNCER] Waiting for SD2 (timeout 300s before degraded mode)...
2026-05-04 18:20:27 [INFO][SYNCER] ============================================================
2026-05-04 18:20:27 [INFO][SYNCER] firebase_sync v2.2 starting — project: nhathongminh-myhome
2026-05-04 18:20:27 [INFO][SYNCER] FIX A1: Single Writer RTDB (mqtt_inbound only)
2026-05-04 18:20:27 [INFO][SYNCER] FIX B1: No force_update — ESP32 feedback is source of truth
2026-05-04 18:20:27 [INFO][SYNCER] ============================================================
2026-05-04 18:20:27 [INFO][SYNCER] Sử dụng Service Account: /home/pi/smarthome_prj/GATEWAY/firebase-service-account.json
2026-05-04 18:20:27 [INFO][SYNCER] Redis connected at localhost:6379
2026-05-04 18:20:27 [INFO][SYNCER] Chạy auto-provisioning...
2026-05-04 18:20:27 [INFO][SYNCER] === AUTO-PROVISIONING BẮT ĐẦU ===
=======================================================
  SmartHome Gateway — Starting
=======================================================
[MAIN] DB schema applied
[MAIN] DB init complete
[BUS] MessageBus started
[BUS] MQTT connected & subscribed
[WATCHDOG] Safety watchdog started (thread-safe sensor read)
[BUS] Outbound loop started
[NET] Dual interface detected: Hotspot=wlan0, Uplink=p2p-dev-wlan0
[NET] Network watchdog started — Hotspot:wlan0 Uplink:p2p-dev-wlan0
[NET] Internet: ON
[MAIN] FirebaseSync worker started
[MAIN] All workers started
[NET] NTP already synchronized via systemd-timesyncd
[BRIDGE] Realtime bridge started
[API] Registered /api: auth
[API] Registered /api: sensors
[API] Registered /api: devices
[API] Registered /api: automation
[API] Registered /api: logs
[API] Registered /api: rfid
[API] Registered /api: wifi
[API] Registered /api: ota
[API] Registered /api: system
=======================================================
[MAIN] Gateway LIVE → http://0.0.0.0:5000/
[MAIN] API prefix:  http://0.0.0.0:5000/api/
=======================================================
[AUTO] Cache loaded: 3 rules, 4 schedules
[SCHEDULER] Started
[AUTO] Command listener started
 * Serving Flask app 'gateway_main'
 * Debug mode: off
2026-05-04 18:20:27 [INFO][SYNCER] [31m[1mWARNING: This is a development server. Do not use it in a production deployment. Use a production WSGI server instead.[0m
 * Running on all addresses (0.0.0.0)
 * Running on http://127.0.0.1:5000
 * Running on http://192.168.137.2:5000
2026-05-04 18:20:27 [INFO][SYNCER] [33mPress CTRL+C to quit[0m
2026-05-04 18:20:30 [INFO][SYNCER] === AUTO-PROVISIONING HOÀN TẤT (3 rooms) ===
2026-05-04 18:20:30 [INFO][SYNCER] Synced 3 rooms to Firestore (userId=aN2XKzWrzieBhBsOFhp7zFzHQaG3)
2026-05-04 18:20:31 [INFO][SYNCER] [Downlink] CommandDispatcher started — listening Firestore /commands
2026-05-04 18:20:31 [INFO][SYNCER] [Uplink] Stream started (FIX A1: mqtt_inbound only for RTDB sensor)
2026-05-04 18:20:31 [INFO][SYNCER] Sensor history flush loop started (interval: 60s)
2026-05-04 18:20:31 [INFO][SYNCER] [AutoSync] Automation/Schedule sync loop started (interval: 30s)
2026-05-04 18:20:32 [INFO][SYNCER] Firestore sync [living_room_01/light_lv_1] -> OFF | Name: Đèn | Type: light
2026-05-04 18:20:32 [INFO][SYNCER] Firestore sync [living_room_01/fan_lv_1] -> OFF | Name: Quạt | Type: fan
2026-05-04 18:21:31 [INFO][SYNCER] Firestore: Batch flush 88 sensor history rows
2026-05-04 18:21:31 [INFO][SYNCER] Flushed 88 sensor history rows to Firestore
2026-05-04 18:22:31 [INFO][SYNCER] Firestore: Batch flush 20 sensor history rows
2026-05-04 18:22:31 [INFO][SYNCER] Flushed 20 sensor history rows to Firestore
2026-05-04 18:25:02 [INFO][SYNCER] SyncWorker starting...
2026-05-04 18:25:02 [INFO][SYNCER] Waiting for SD2 (timeout 300s before degraded mode)...
2026-05-04 18:25:03 [INFO][SYNCER] ============================================================
2026-05-04 18:25:03 [INFO][SYNCER] firebase_sync v2.2 starting — project: nhathongminh-myhome
2026-05-04 18:25:03 [INFO][SYNCER] FIX A1: Single Writer RTDB (mqtt_inbound only)
2026-05-04 18:25:03 [INFO][SYNCER] FIX B1: No force_update — ESP32 feedback is source of truth
2026-05-04 18:25:03 [INFO][SYNCER] ============================================================
2026-05-04 18:25:03 [INFO][SYNCER] Sử dụng Service Account: /home/pi/smarthome_prj/GATEWAY/firebase-service-account.json
2026-05-04 18:25:03 [INFO][SYNCER] Redis connected at localhost:6379
2026-05-04 18:25:03 [INFO][SYNCER] Chạy auto-provisioning...
2026-05-04 18:25:03 [INFO][SYNCER] === AUTO-PROVISIONING BẮT ĐẦU ===
=======================================================
  SmartHome Gateway — Starting
=======================================================
[MAIN] DB schema applied
[MAIN] DB init complete
[BUS] MessageBus started
[BUS] MQTT connected & subscribed
[WATCHDOG] Safety watchdog started (thread-safe sensor read)
[BUS] Outbound loop started
[NET] Dual interface detected: Hotspot=wlan0, Uplink=p2p-dev-wlan0
[NET] Network watchdog started — Hotspot:wlan0 Uplink:p2p-dev-wlan0
[NET] Internet: ON
[MAIN] FirebaseSync worker started
[NET] NTP already synchronized via systemd-timesyncd
[MAIN] All workers started
[BRIDGE] Realtime bridge started
[AUTO] Cache loaded: 3 rules, 4 schedules
[SCHEDULER] Started
[API] Registered /api: auth
[API] Registered /api: sensors
[API] Registered /api: devices
[API] Registered /api: automation
[API] Registered /api: logs
[AUTO] Command listener started
[API] Registered /api: rfid
[API] Registered /api: wifi
[API] Registered /api: ota
[API] Registered /api: system
=======================================================
[MAIN] Gateway LIVE → http://0.0.0.0:5000/
[MAIN] API prefix:  http://0.0.0.0:5000/api/
=======================================================
 * Serving Flask app 'gateway_main'
 * Debug mode: off
2026-05-04 18:25:03 [INFO][SYNCER] [31m[1mWARNING: This is a development server. Do not use it in a production deployment. Use a production WSGI server instead.[0m
 * Running on all addresses (0.0.0.0)
 * Running on http://127.0.0.1:5000
 * Running on http://192.168.137.2:5000
2026-05-04 18:25:03 [INFO][SYNCER] [33mPress CTRL+C to quit[0m
2026-05-04 18:25:07 [INFO][SYNCER] === AUTO-PROVISIONING HOÀN TẤT (3 rooms) ===
2026-05-04 18:25:07 [INFO][SYNCER] Synced 3 rooms to Firestore (userId=aN2XKzWrzieBhBsOFhp7zFzHQaG3)
2026-05-04 18:25:07 [INFO][SYNCER] [Downlink] CommandDispatcher started — listening Firestore /commands
2026-05-04 18:25:07 [INFO][SYNCER] [Uplink] Stream started (FIX A1: mqtt_inbound only for RTDB sensor)
2026-05-04 18:25:07 [INFO][SYNCER] Sensor history flush loop started (interval: 60s)
2026-05-04 18:25:07 [INFO][SYNCER] [AutoSync] Automation/Schedule sync loop started (interval: 30s)
2026-05-04 18:25:07 [INFO][SYNCER] [Downlink] DISPATCH: entrance_register [start_register] → Redis[rfid_register]
2026-05-04 18:25:07 [INFO][SYNCER] [Downlink] RFID cmd entrance_register → dispatched (kept for onSnapshot)
2026-05-04 18:25:09 [INFO][SYNCER] [Downlink] DISPATCH: entrance_register [cancel_register] → Redis[rfid_register]
2026-05-04 18:25:09 [INFO][SYNCER] [Downlink] RFID cmd entrance_register → dispatched (kept for onSnapshot)
2026-05-04 18:26:45 [INFO][SYNCER] Firestore sync [living_room_01/light_lv_1] -> OFF | Name: Đèn | Type: light
2026-05-04 18:26:45 [INFO][SYNCER] Firestore sync [living_room_01/fan_lv_1] -> OFF | Name: Quạt | Type: fan
2026-05-04 18:27:07 [INFO][SYNCER] Firestore: Batch flush 12 sensor history rows
2026-05-04 18:27:07 [INFO][SYNCER] Flushed 12 sensor history rows to Firestore
2026-05-04 18:28:01 [INFO][SYNCER] [Downlink] DISPATCH: FosislKxqh6f1MlpVqXP [turn_on] → Redis[device_commands]
2026-05-04 18:28:01 [INFO][SYNCER] [Downlink] CLEANUP: Đã xóa lệnh FosislKxqh6f1MlpVqXP
2026-05-04 18:28:02 [INFO][SYNCER] Firestore sync [living_room_01/fan_lv_1] -> ON | Name: Quạt | Type: fan
2026-05-04 18:28:03 [INFO][SYNCER] [Downlink] DISPATCH: YdQghlPNddqqRRaFMack [turn_off] → Redis[device_commands]
2026-05-04 18:28:03 [INFO][SYNCER] [Downlink] CLEANUP: Đã xóa lệnh YdQghlPNddqqRRaFMack
2026-05-04 18:28:04 [INFO][SYNCER] Firestore sync [living_room_01/fan_lv_1] -> OFF | Name: Quạt | Type: fan
2026-05-04 18:28:05 [INFO][SYNCER] [Downlink] DISPATCH: gijKSh0FpeYtABL7Um2J [turn_on] → Redis[device_commands]
2026-05-04 18:28:05 [INFO][SYNCER] [Downlink] CLEANUP: Đã xóa lệnh gijKSh0FpeYtABL7Um2J
2026-05-04 18:28:05 [INFO][SYNCER] Firestore sync [living_room_01/light_lv_1] -> ON | Name: Đèn | Type: light
2026-05-04 18:28:06 [INFO][SYNCER] [Downlink] DISPATCH: TcOisbxJlzLfVHakDBLG [turn_off] → Redis[device_commands]
2026-05-04 18:28:06 [INFO][SYNCER] [Downlink] CLEANUP: Đã xóa lệnh TcOisbxJlzLfVHakDBLG
2026-05-04 18:28:07 [INFO][SYNCER] Firestore sync [living_room_01/light_lv_1] -> OFF | Name: Đèn | Type: light
2026-05-04 18:28:07 [INFO][SYNCER] Firestore: Batch flush 24 sensor history rows
2026-05-04 18:28:07 [INFO][SYNCER] Flushed 24 sensor history rows to Firestore
2026-05-04 18:28:24 [INFO][SYNCER] [Downlink] DISPATCH: entrance_register [start_register] → Redis[rfid_register]
2026-05-04 18:28:24 [INFO][SYNCER] [Downlink] RFID cmd entrance_register → dispatched (kept for onSnapshot)
2026-05-04 18:28:33 [INFO][SYNCER] [Downlink] DISPATCH: entrance_register [cancel_register] → Redis[rfid_register]
2026-05-04 18:28:33 [INFO][SYNCER] [Downlink] RFID cmd entrance_register → dispatched (kept for onSnapshot)
2026-05-04 18:29:07 [INFO][SYNCER] Firestore: Batch flush 16 sensor history rows
2026-05-04 18:29:07 [INFO][SYNCER] Flushed 16 sensor history rows to Firestore
2026-05-04 18:30:02 [INFO][SYNCER] SyncWorker running (storage: sd2)
2026-05-04 18:30:02 [INFO][SYNCER] DB rotated → /mnt/sd2/data/data_2026-05-04.db (mode: sd2)
2026-05-04 21:02:14 [INFO][SYNCER] SyncWorker starting...
2026-05-04 21:02:14 [INFO][SYNCER] Waiting for SD2 (timeout 300s before degraded mode)...
2026-05-04 21:02:15 [INFO][SYNCER] ============================================================
2026-05-04 21:02:15 [INFO][SYNCER] firebase_sync v2.2 starting — project: nhathongminh-myhome
2026-05-04 21:02:15 [INFO][SYNCER] FIX A1: Single Writer RTDB (mqtt_inbound only)
2026-05-04 21:02:15 [INFO][SYNCER] FIX B1: No force_update — ESP32 feedback is source of truth
2026-05-04 21:02:15 [INFO][SYNCER] ============================================================
2026-05-04 21:02:15 [INFO][SYNCER] Sử dụng Service Account: /home/pi/smarthome_prj/GATEWAY/firebase-service-account.json
2026-05-04 21:02:15 [INFO][SYNCER] Redis connected at localhost:6379
2026-05-04 21:02:15 [INFO][SYNCER] Chạy auto-provisioning...
2026-05-04 21:02:15 [INFO][SYNCER] === AUTO-PROVISIONING BẮT ĐẦU ===
=======================================================
  SmartHome Gateway — Starting
=======================================================
[MAIN] DB schema applied
[MAIN] DB init complete
[BUS] MessageBus started
[WATCHDOG] Safety watchdog started (thread-safe sensor read + Firestore alert sync)
[BUS] MQTT connected & subscribed
[BUS] Outbound loop started
[NET] Dual interface detected: Hotspot=wlan0, Uplink=p2p-dev-wlan0
[NET] Network watchdog started — Hotspot:wlan0 Uplink:p2p-dev-wlan0
[NET] Internet: ON
[MAIN] FirebaseSync worker started
[MAIN] All workers started
[NET] NTP already synchronized via systemd-timesyncd
[BRIDGE] Realtime bridge started
[API] Registered /api: auth
[AUTO] Cache loaded: 3 rules, 4 schedules
[API] Registered /api: sensors
[API] Registered /api: devices
[SCHEDULER] Started
[API] Registered /api: automation
[API] Registered /api: logs
[API] Registered /api: rfid
[AUTO] Command listener started
[API] Registered /api: wifi
[API] Registered /api: ota
[API] Registered /api: system
=======================================================
[MAIN] Gateway LIVE → http://0.0.0.0:5000/
[MAIN] API prefix:  http://0.0.0.0:5000/api/
=======================================================
 * Serving Flask app 'gateway_main'
 * Debug mode: off
2026-05-04 21:02:15 [INFO][SYNCER] [31m[1mWARNING: This is a development server. Do not use it in a production deployment. Use a production WSGI server instead.[0m
 * Running on all addresses (0.0.0.0)
 * Running on http://127.0.0.1:5000
 * Running on http://192.168.137.2:5000
2026-05-04 21:02:15 [INFO][SYNCER] [33mPress CTRL+C to quit[0m
2026-05-04 21:02:18 [INFO][SYNCER] === AUTO-PROVISIONING HOÀN TẤT (3 rooms) ===
2026-05-04 21:02:19 [INFO][SYNCER] Synced 3 rooms to Firestore (userId=aN2XKzWrzieBhBsOFhp7zFzHQaG3)
2026-05-04 21:02:19 [INFO][SYNCER] [Uplink] Stream started (FIX A1: mqtt_inbound only for RTDB sensor)
2026-05-04 21:02:19 [INFO][SYNCER] [Downlink] CommandDispatcher started — listening Firestore /commands
2026-05-04 21:02:19 [INFO][SYNCER] Sensor history flush loop started (interval: 60s)
2026-05-04 21:02:19 [INFO][SYNCER] [AutoSync] Automation/Schedule sync loop started (interval: 30s)
2026-05-04 21:02:57 [INFO][SYNCER] Firestore sync [bedroom_01/light_bd_1] -> ON | Name: Đèn | Type: light
2026-05-04 21:03:02 [INFO][SYNCER] Firestore sync [bedroom_01/fan_bd_1] -> ON | Name: Quạt | Type: fan
2026-05-04 21:03:19 [INFO][SYNCER] Firestore: Batch flush 20 sensor history rows
2026-05-04 21:03:19 [INFO][SYNCER] Flushed 20 sensor history rows to Firestore
2026-05-04 21:03:20 [INFO][SYNCER] [Downlink] DISPATCH: ePogHP0fuQIl4YV83tDq [turn_off] → Redis[device_commands]
2026-05-04 21:03:20 [INFO][SYNCER] [Downlink] CLEANUP: Đã xóa lệnh ePogHP0fuQIl4YV83tDq
2026-05-04 21:03:20 [INFO][SYNCER] Firestore sync [bedroom_01/fan_bd_1] -> OFF | Name: Quạt | Type: fan
2026-05-04 21:03:20 [INFO][SYNCER] [Downlink] DISPATCH: Y4ggDBePLfFhHxHEGsbZ [turn_off] → Redis[device_commands]
2026-05-04 21:03:20 [INFO][SYNCER] [Downlink] CLEANUP: Đã xóa lệnh Y4ggDBePLfFhHxHEGsbZ
2026-05-04 21:03:20 [INFO][SYNCER] Firestore sync [bedroom_01/light_bd_1] -> OFF | Name: Đèn | Type: light
2026-05-04 21:03:50 [INFO][SYNCER] [AutoSync] Schedules updated in SQLite from Firestore
2026-05-04 21:04:19 [INFO][SYNCER] Firestore: Batch flush 48 sensor history rows
2026-05-04 21:04:19 [INFO][SYNCER] Flushed 48 sensor history rows to Firestore
2026-05-04 21:05:20 [INFO][SYNCER] Firestore: Batch flush 48 sensor history rows
2026-05-04 21:05:20 [INFO][SYNCER] Flushed 48 sensor history rows to Firestore
2026-05-04 21:06:20 [INFO][SYNCER] Firestore: Batch flush 48 sensor history rows
2026-05-04 21:06:20 [INFO][SYNCER] Flushed 48 sensor history rows to Firestore
2026-05-04 21:07:14 [INFO][SYNCER] SyncWorker running (storage: sd2)
2026-05-04 21:07:14 [INFO][SYNCER] DB rotated → /mnt/sd2/data/data_2026-05-04.db (mode: sd2)
2026-05-04 21:07:20 [INFO][SYNCER] Firestore: Batch flush 48 sensor history rows
2026-05-04 21:07:20 [INFO][SYNCER] Flushed 48 sensor history rows to Firestore
2026-05-04 21:08:20 [INFO][SYNCER] Firestore: Batch flush 48 sensor history rows
2026-05-04 21:08:20 [INFO][SYNCER] Flushed 48 sensor history rows to Firestore
2026-05-04 21:08:22 [INFO][SYNCER] Firestore sync [bedroom_01/light_bd_1] -> ON | Name: Đèn | Type: light
2026-05-04 21:09:21 [INFO][SYNCER] Firestore: Batch flush 48 sensor history rows
2026-05-04 21:09:21 [INFO][SYNCER] Flushed 48 sensor history rows to Firestore
2026-05-04 21:10:21 [INFO][SYNCER] Firestore: Batch flush 48 sensor history rows
2026-05-04 21:10:21 [INFO][SYNCER] Flushed 48 sensor history rows to Firestore
2026-05-04 21:11:21 [INFO][SYNCER] Firestore: Batch flush 48 sensor history rows
2026-05-04 21:11:21 [INFO][SYNCER] Flushed 48 sensor history rows to Firestore
2026-05-04 21:12:22 [INFO][SYNCER] Firestore: Batch flush 48 sensor history rows
2026-05-04 21:12:22 [INFO][SYNCER] Flushed 48 sensor history rows to Firestore
2026-05-04 21:13:22 [INFO][SYNCER] Firestore: Batch flush 48 sensor history rows
2026-05-04 21:13:22 [INFO][SYNCER] Flushed 48 sensor history rows to Firestore
2026-05-04 21:14:22 [INFO][SYNCER] Firestore: Batch flush 48 sensor history rows
2026-05-04 21:14:22 [INFO][SYNCER] Flushed 48 sensor history rows to Firestore
2026-05-04 21:15:22 [INFO][SYNCER] Firestore: Batch flush 48 sensor history rows
2026-05-04 21:15:22 [INFO][SYNCER] Flushed 48 sensor history rows to Firestore
2026-05-04 21:16:22 [INFO][SYNCER] Firestore: Batch flush 48 sensor history rows
2026-05-04 21:16:22 [INFO][SYNCER] Flushed 48 sensor history rows to Firestore
2026-05-04 21:17:23 [INFO][SYNCER] Firestore: Batch flush 48 sensor history rows
2026-05-04 21:17:23 [INFO][SYNCER] Flushed 48 sensor history rows to Firestore
2026-05-04 21:18:23 [INFO][SYNCER] Firestore: Batch flush 52 sensor history rows
2026-05-04 21:18:23 [INFO][SYNCER] Flushed 52 sensor history rows to Firestore
2026-05-04 21:19:23 [INFO][SYNCER] Firestore: Batch flush 48 sensor history rows
2026-05-04 21:19:23 [INFO][SYNCER] Flushed 48 sensor history rows to Firestore
2026-05-04 21:20:00 [INFO][SYNCER] Firestore sync [bedroom_01/fan_bd_1] -> ON | Name: Quạt | Type: fan
2026-05-04 21:20:23 [INFO][SYNCER] Firestore: Batch flush 48 sensor history rows
2026-05-04 21:20:23 [INFO][SYNCER] Flushed 48 sensor history rows to Firestore
2026-05-04 21:21:24 [INFO][SYNCER] Firestore: Batch flush 48 sensor history rows
2026-05-04 21:21:24 [INFO][SYNCER] Flushed 48 sensor history rows to Firestore
2026-05-04 21:22:24 [INFO][SYNCER] Firestore: Batch flush 48 sensor history rows
2026-05-04 21:22:24 [INFO][SYNCER] Flushed 48 sensor history rows to Firestore
2026-05-04 21:23:24 [INFO][SYNCER] Firestore: Batch flush 48 sensor history rows
2026-05-04 21:23:24 [INFO][SYNCER] Flushed 48 sensor history rows to Firestore
2026-05-04 21:24:25 [INFO][SYNCER] Firestore: Batch flush 48 sensor history rows
2026-05-04 21:24:25 [INFO][SYNCER] Flushed 48 sensor history rows to Firestore
2026-05-04 21:25:25 [INFO][SYNCER] Firestore: Batch flush 48 sensor history rows
2026-05-04 21:25:25 [INFO][SYNCER] Flushed 48 sensor history rows to Firestore
2026-05-04 21:26:25 [INFO][SYNCER] Firestore: Batch flush 48 sensor history rows
2026-05-04 21:26:25 [INFO][SYNCER] Flushed 48 sensor history rows to Firestore
2026-05-04 21:27:20 [INFO][SYNCER] Firestore sync [kitchen_01/fan_kt_1] -> OFF | Name: Quạt | Type: fan
2026-05-04 21:27:21 [INFO][SYNCER] Firestore sync [kitchen_01/light_kt_1] -> OFF | Name: Đèn | Type: light
2026-05-04 21:27:21 [INFO][SYNCER] Firestore sync [kitchen_01/fan_kt_1] -> ON | Name: Quạt | Type: fan
2026-05-04 21:27:25 [INFO][SYNCER] Firestore: Batch flush 22 sensor history rows
2026-05-04 21:27:25 [INFO][SYNCER] Flushed 22 sensor history rows to Firestore
2026-05-04 21:27:56 [INFO][SYNCER] Firestore sync [kitchen_01/fan_kt_1] -> OFF | Name: Quạt | Type: fan
2026-05-04 21:28:26 [INFO][SYNCER] Firestore: Batch flush 60 sensor history rows
2026-05-04 21:28:26 [INFO][SYNCER] Flushed 60 sensor history rows to Firestore
2026-05-04 21:28:31 [INFO][SYNCER] Firestore sync [kitchen_01/fan_kt_1] -> ON | Name: Quạt | Type: fan
2026-05-04 21:28:35 [INFO][SYNCER] [AutoSync] Automation rules updated in SQLite from Firestore
2026-05-04 21:28:35 [INFO][SYNCER] [AutoSync] Schedules updated in SQLite from Firestore
2026-05-04 21:29:26 [INFO][SYNCER] Firestore: Batch flush 65 sensor history rows
2026-05-04 21:29:26 [INFO][SYNCER] Flushed 65 sensor history rows to Firestore
2026-05-04 21:30:26 [INFO][SYNCER] Firestore: Batch flush 60 sensor history rows
2026-05-04 21:30:26 [INFO][SYNCER] Flushed 60 sensor history rows to Firestore
2026-05-04 21:31:27 [INFO][SYNCER] Firestore: Batch flush 60 sensor history rows
2026-05-04 21:31:27 [INFO][SYNCER] Flushed 60 sensor history rows to Firestore
2026-05-04 21:32:27 [INFO][SYNCER] Firestore: Batch flush 60 sensor history rows
2026-05-04 21:32:27 [INFO][SYNCER] Flushed 60 sensor history rows to Firestore
2026-05-04 21:33:27 [INFO][SYNCER] Firestore: Batch flush 60 sensor history rows
2026-05-04 21:33:28 [INFO][SYNCER] Flushed 60 sensor history rows to Firestore
2026-05-04 21:34:28 [INFO][SYNCER] Firestore: Batch flush 60 sensor history rows
2026-05-04 21:34:28 [INFO][SYNCER] Flushed 60 sensor history rows to Firestore
2026-05-04 21:35:00 [INFO][SYNCER] Firestore sync [kitchen_01/light_kt_1] -> ON | Name: Đèn | Type: light
2026-05-04 21:35:28 [INFO][SYNCER] Firestore: Batch flush 60 sensor history rows
2026-05-04 21:35:28 [INFO][SYNCER] Flushed 60 sensor history rows to Firestore
2026-05-04 21:36:29 [INFO][SYNCER] Firestore: Batch flush 60 sensor history rows
2026-05-04 21:36:29 [INFO][SYNCER] Flushed 60 sensor history rows to Firestore
2026-05-04 21:37:29 [INFO][SYNCER] Firestore: Batch flush 60 sensor history rows
2026-05-04 21:37:29 [INFO][SYNCER] Flushed 60 sensor history rows to Firestore
2026-05-04 21:38:30 [INFO][SYNCER] Firestore: Batch flush 60 sensor history rows
2026-05-04 21:38:30 [INFO][SYNCER] Flushed 60 sensor history rows to Firestore
2026-05-04 21:39:30 [INFO][SYNCER] Firestore: Batch flush 60 sensor history rows
2026-05-04 21:39:30 [INFO][SYNCER] Flushed 60 sensor history rows to Firestore
2026-05-04 21:40:31 [INFO][SYNCER] Firestore: Batch flush 60 sensor history rows
2026-05-04 21:40:31 [INFO][SYNCER] Flushed 60 sensor history rows to Firestore
2026-05-04 21:40:42 [INFO][SYNCER] [AutoSync] Schedules updated in SQLite from Firestore
